population,athlete_season_key,gender,event_group,race_count,events_competed,bal_spec,wa_spread,short_long,joint_label,best_event,wa_by_event
6,4485|2024,Men,Sprints,6,3,specialized,181.0,long_sprints,specialized|long_sprints,200m,"{""200m"": 630.0, ""400m"": 590.0, ""100m"": 449.0}"
6,2620|2024,Men,Sprints,6,3,specialized,195.0,long_sprints,specialized|long_sprints,100m,"{""400m"": 227.0, ""100m"": 422.0, ""200m"": 291.0}"
6,5257|2024,Men,Sprints,6,2,specialized,85.0,unclassifiable,unclassifiable,100m,"{""100m"": 869.0, ""200m"": 784.0}"
6,5259|2024,Men,Sprints,6,3,specialized,695.0,short_sprints,specialized|short_sprints,200m,"{""100m"": 775.0, ""200m"": 776.0, ""400m"": 81.0}"
6,5270|2024,Men,Sprints,6,2,balanced,45.0,unclassifiable,unclassifiable,100m,"{""100m"": 610.0, ""200m"": 565.0}"
6,3721|2024,Men,Sprints,6,2,specialized,126.0,unclassifiable,unclassifiable,100m,"{""100m"": 584.0, ""200m"": 458.0}"
6,3699|2024,Men,Sprints,6,3,specialized,152.0,long_sprints,specialized|long_sprints,100m,"{""200m"": 272.0, ""100m"": 424.0, ""400m"": 422.0}"
6,4149|2024,Men,Sprints,6,2,balanced,11.0,unclassifiable,unclassifiable,100m,"{""100m"": 653.0, ""200m"": 642.0}"
6,3709|2024,Men,Sprints,6,3,specialized,148.0,short_sprints,specialized|short_sprints,100m,"{""100m"": 398.0, ""200m"": 332.0, ""400m"": 250.0}"
6,5284|2024,Men,Sprints,6,2,balanced,33.0,unclassifiable,unclassifiable,100m,"{""100m"": 474.0, ""200m"": 441.0}"
6,4451|2024,Men,Sprints,6,3,specialized,54.0,short_sprints,specialized|short_sprints,200m,"{""400m"": 672.0, ""200m"": 726.0, ""100m"": 712.0}"
6,4358|2024,Men,Sprints,6,2,specialized,116.0,unclassifiable,unclassifiable,400m,"{""400m"": 732.0, ""200m"": 616.0}"
6,3576|2024,Men,Sprints,6,3,specialized,156.0,short_sprints,specialized|short_sprints,200m,"{""200m"": 733.0, ""100m"": 707.0, ""400m"": 577.0}"
6,4424|2024,Men,Sprints,6,2,balanced,26.0,unclassifiable,unclassifiable,200m,"{""100m"": 584.0, ""200m"": 610.0}"
6,4415|2024,Men,Sprints,6,2,balanced,48.0,unclassifiable,unclassifiable,200m,"{""100m"": 516.0, ""200m"": 564.0}"
6,3781|2024,Men,Sprints,6,3,specialized,80.0,long_sprints,specialized|long_sprints,100m,"{""100m"": 697.0, ""200m"": 648.0, ""400m"": 617.0}"
6,4623|2024,Men,Sprints,6,3,specialized,69.0,long_sprints,specialized|long_sprints,400m,"{""200m"": 931.0, ""100m"": 869.0, ""400m"": 938.0}"
6,3896|2024,Men,Sprints,6,2,balanced,46.0,unclassifiable,unclassifiable,100m,"{""100m"": 857.0, ""200m"": 811.0}"
6,3902|2024,Men,Sprints,6,2,balanced,4.0,unclassifiable,unclassifiable,200m,"{""200m"": 701.0, ""400m"": 697.0}"
6,3907|2024,Men,Sprints,6,2,balanced,17.0,unclassifiable,unclassifiable,200m,"{""200m"": 708.0, ""400m"": 691.0}"
6,4077|2024,Men,Sprints,6,2,specialized,164.0,unclassifiable,unclassifiable,200m,"{""200m"": 588.0, ""400m"": 424.0}"
6,3622|2024,Men,Sprints,6,2,specialized,63.0,unclassifiable,unclassifiable,200m,"{""100m"": 834.0, ""200m"": 897.0}"
6,24889|2025,Men,Sprints,6,2,balanced,5.0,unclassifiable,unclassifiable,200m,"{""100m"": 551.0, ""200m"": 556.0}"
6,4387|2025,Men,Sprints,6,2,balanced,16.0,unclassifiable,unclassifiable,200m,"{""200m"": 579.0, ""400m"": 563.0}"
6,24608|2025,Men,Sprints,6,3,specialized,164.0,long_sprints,specialized|long_sprints,200m,"{""200m"": 497.0, ""400m"": 375.0, ""100m"": 333.0}"
6,3708|2025,Men,Sprints,6,3,balanced,48.0,short_sprints,balanced|short_sprints,400m,"{""400m"": 707.0, ""100m"": 676.0, ""200m"": 659.0}"
6,5218|2025,Men,Sprints,6,3,specialized,109.0,tie,specialized|tie,200m,"{""200m"": 878.0, ""400m"": 769.0, ""100m"": 769.0}"
6,25024|2025,Men,Sprints,6,3,specialized,146.0,long_sprints,specialized|long_sprints,400m,"{""200m"": 731.0, ""400m"": 744.0, ""100m"": 598.0}"
6,26172|2025,Men,Sprints,6,2,balanced,43.0,unclassifiable,unclassifiable,100m,"{""100m"": 410.0, ""200m"": 367.0}"
6,24391|2025,Men,Sprints,6,2,balanced,22.0,unclassifiable,unclassifiable,100m,"{""100m"": 907.0, ""200m"": 885.0}"
6,3578|2025,Men,Sprints,6,3,specialized,101.0,short_sprints,specialized|short_sprints,400m,"{""400m"": 941.0, ""100m"": 840.0, ""200m"": 845.0}"
6,25521|2025,Men,Sprints,6,3,specialized,90.0,short_sprints,specialized|short_sprints,100m,"{""100m"": 635.0, ""200m"": 611.0, ""400m"": 545.0}"
6,24891|2026,Men,Sprints,6,2,balanced,10.0,unclassifiable,unclassifiable,100m,"{""100m"": 603.0, ""200m"": 593.0}"
6,31094|2026,Men,Sprints,6,2,balanced,9.0,unclassifiable,unclassifiable,200m,"{""100m"": 560.0, ""200m"": 569.0}"
6,31028|2026,Men,Sprints,6,2,balanced,14.0,unclassifiable,unclassifiable,400m,"{""400m"": 749.0, ""200m"": 735.0}"
6,29660|2026,Men,Sprints,6,2,balanced,11.0,unclassifiable,unclassifiable,200m,"{""100m"": 860.0, ""200m"": 871.0}"
6,24415|2026,Men,Sprints,6,2,balanced,26.0,unclassifiable,unclassifiable,100m,"{""200m"": 875.0, ""100m"": 901.0}"
6,30041|2026,Men,Sprints,6,3,specialized,114.0,long_sprints,specialized|long_sprints,200m,"{""200m"": 667.0, ""400m"": 579.0, ""100m"": 553.0}"
6,29817|2026,Men,Sprints,6,2,specialized,86.0,unclassifiable,unclassifiable,100m,"{""100m"": 959.0, ""200m"": 873.0}"
6,3530|2024,Women,Sprints,6,2,balanced,43.0,unclassifiable,unclassifiable,100m,"{""100m"": 420.0, ""200m"": 377.0}"
6,582|2024,Women,Sprints,6,3,specialized,75.0,long_sprints,specialized|long_sprints,100m,"{""200m"": 415.0, ""100m"": 490.0, ""400m"": 467.0}"
6,4267|2024,Women,Sprints,6,2,specialized,59.0,unclassifiable,unclassifiable,100m,"{""100m"": 773.0, ""200m"": 714.0}"
6,3658|2024,Women,Sprints,6,2,balanced,19.0,unclassifiable,unclassifiable,100m,"{""100m"": 899.0, ""200m"": 880.0}"
6,3655|2024,Women,Sprints,6,2,specialized,67.0,unclassifiable,unclassifiable,100m,"{""100m"": 630.0, ""200m"": 563.0}"
6,4105|2024,Women,Sprints,6,3,specialized,166.0,tie,specialized|tie,400m,"{""100m"": 595.0, ""400m"": 761.0, ""200m"": 678.0}"
6,3934|2024,Women,Sprints,6,2,specialized,56.0,unclassifiable,unclassifiable,100m,"{""100m"": 639.0, ""200m"": 583.0}"
6,3940|2024,Women,Sprints,6,2,specialized,107.0,unclassifiable,unclassifiable,100m,"{""200m"": 373.0, ""100m"": 480.0}"
6,3581|2025,Women,Sprints,6,2,balanced,9.0,unclassifiable,unclassifiable,100m,"{""200m"": 792.0, ""100m"": 801.0}"
6,29999|2026,Women,Sprints,6,3,specialized,185.0,short_sprints,specialized|short_sprints,100m,"{""200m"": 547.0, ""400m"": 423.0, ""100m"": 608.0}"
6,31184|2026,Women,Sprints,6,2,balanced,7.0,unclassifiable,unclassifiable,100m,"{""200m"": 757.0, ""100m"": 764.0}"
6,25506|2026,Women,Sprints,6,2,balanced,8.0,unclassifiable,unclassifiable,200m,"{""100m"": 931.0, ""200m"": 939.0}"
6,2306|2024,Men,Distance,6,2,specialized,168.0,unclassifiable,unclassifiable,800m,"{""800m"": 878.0, ""1500m"": 710.0}"
6,5161|2024,Men,Distance,6,2,specialized,153.0,unclassifiable,unclassifiable,800m,"{""800m"": 865.0, ""1500m"": 712.0}"
6,3012|2024,Men,Distance,6,2,specialized,91.0,unclassifiable,unclassifiable,800m,"{""800m"": 471.0, ""1500m"": 380.0}"
6,1609|2024,Men,Distance,6,2,specialized,99.0,unclassifiable,unclassifiable,800m,"{""1500m"": 211.0, ""800m"": 310.0}"
6,710|2024,Men,Distance,6,3,specialized,94.0,mid_distance,specialized|mid_distance,1500m,"{""5000m"": 473.0, ""800m"": 518.0, ""1500m"": 567.0}"
6,702|2024,Men,Distance,6,3,specialized,88.0,long_distance,specialized|long_distance,1500m,"{""1500m"": 610.0, ""800m"": 522.0, ""5000m"": 574.0}"
6,751|2024,Men,Distance,6,2,balanced,17.0,unclassifiable,unclassifiable,1500m,"{""1500m"": 486.0, ""800m"": 469.0}"
6,742|2024,Men,Distance,6,3,specialized,90.0,mid_distance,specialized|mid_distance,1500m,"{""1500m"": 481.0, ""800m"": 399.0, ""5000m"": 391.0}"
6,711|2024,Men,Distance,6,2,balanced,17.0,unclassifiable,unclassifiable,5000m,"{""5000m"": 542.0, ""1500m"": 525.0}"
6,734|2024,Men,Distance,6,3,specialized,123.0,long_distance,specialized|long_distance,1500m,"{""1500m"": 446.0, ""5000m"": 381.0, ""800m"": 323.0}"
6,669|2024,Men,Distance,6,3,specialized,58.0,mid_distance,specialized|mid_distance,1500m,"{""1500m"": 755.0, ""800m"": 730.0, ""5000m"": 697.0}"
6,673|2024,Men,Distance,6,3,specialized,179.0,long_distance,specialized|long_distance,1500m,"{""5000m"": 831.0, ""800m"": 673.0, ""1500m"": 852.0}"
6,3687|2024,Men,Distance,6,2,specialized,69.0,unclassifiable,unclassifiable,800m,"{""800m"": 668.0, ""1500m"": 599.0}"
6,4385|2024,Men,Distance,6,2,balanced,3.0,unclassifiable,unclassifiable,800m,"{""800m"": 721.0, ""1500m"": 718.0}"
6,1216|2024,Men,Distance,6,3,specialized,340.0,mid_distance,specialized|mid_distance,800m,"{""800m"": 915.0, ""1500m"": 797.0, ""5000m"": 575.0}"
6,123|2024,Men,Distance,6,2,specialized,53.0,unclassifiable,unclassifiable,1500m,"{""800m"": 727.0, ""1500m"": 780.0}"
6,130|2024,Men,Distance,6,2,balanced,45.0,unclassifiable,unclassifiable,1500m,"{""800m"": 774.0, ""1500m"": 819.0}"
6,188|2024,Men,Distance,6,2,balanced,8.0,unclassifiable,unclassifiable,800m,"{""800m"": 544.0, ""1500m"": 536.0}"
6,3437|2024,Men,Distance,6,2,balanced,42.0,unclassifiable,unclassifiable,1500m,"{""5000m"": 598.0, ""1500m"": 640.0}"
6,364|2024,Men,Distance,6,3,specialized,118.0,long_distance,specialized|long_distance,1500m,"{""5000m"": 697.0, ""1500m"": 790.0, ""800m"": 672.0}"
6,2168|2024,Men,Distance,6,3,specialized,138.0,mid_distance,specialized|mid_distance,1500m,"{""1500m"": 735.0, ""800m"": 611.0, ""5000m"": 597.0}"
6,4433|2024,Men,Distance,6,3,specialized,101.0,long_distance,specialized|long_distance,1500m,"{""5000m"": 292.0, ""1500m"": 293.0, ""800m"": 192.0}"
6,694|2024,Men,Distance,6,2,specialized,101.0,unclassifiable,unclassifiable,1500m,"{""5000m"": 584.0, ""1500m"": 685.0}"
6,674|2024,Men,Distance,6,2,specialized,109.0,unclassifiable,unclassifiable,1500m,"{""5000m"": 620.0, ""1500m"": 729.0}"
6,691|2024,Men,Distance,6,3,specialized,58.0,mid_distance,specialized|mid_distance,5000m,"{""1500m"": 528.0, ""800m"": 536.0, ""5000m"": 586.0}"
6,370|2024,Men,Distance,6,2,specialized,66.0,unclassifiable,unclassifiable,800m,"{""800m"": 706.0, ""1500m"": 640.0}"
6,363|2024,Men,Distance,6,2,specialized,51.0,unclassifiable,unclassifiable,1500m,"{""800m"": 812.0, ""1500m"": 863.0}"
6,2006|2024,Men,Distance,6,3,specialized,60.0,long_distance,specialized|long_distance,5000m,"{""800m"": 594.0, ""1500m"": 645.0, ""5000m"": 654.0}"
6,161|2024,Men,Distance,6,3,balanced,37.0,mid_distance,balanced|mid_distance,5000m,"{""800m"": 501.0, ""1500m"": 478.0, ""5000m"": 515.0}"
6,3686|2024,Men,Distance,6,2,specialized,55.0,unclassifiable,unclassifiable,1500m,"{""800m"": 167.0, ""1500m"": 222.0}"
6,54|2024,Men,Distance,6,3,specialized,50.0,mid_distance,specialized|mid_distance,5000m,"{""800m"": 95.0, ""1500m"": 119.0, ""5000m"": 145.0}"
6,2261|2024,Men,Distance,6,2,balanced,36.0,unclassifiable,unclassifiable,1500m,"{""1500m"": 663.0, ""5000m"": 627.0}"
6,1663|2024,Men,Distance,6,2,balanced,30.0,unclassifiable,unclassifiable,1500m,"{""1500m"": 443.0, ""5000m"": 413.0}"
6,1656|2024,Men,Distance,6,2,specialized,148.0,unclassifiable,unclassifiable,5000m,"{""5000m"": 647.0, ""1500m"": 499.0}"
6,2945|2025,Men,Distance,6,2,balanced,37.0,unclassifiable,unclassifiable,1500m,"{""5000m"": 768.0, ""1500m"": 805.0}"
6,2950|2025,Men,Distance,6,3,specialized,139.0,mid_distance,specialized|mid_distance,1500m,"{""800m"": 687.0, ""1500m"": 721.0, ""5000m"": 582.0}"
6,6344|2025,Men,Distance,6,3,specialized,72.0,long_distance,specialized|long_distance,1500m,"{""800m"": 823.0, ""1500m"": 895.0, ""5000m"": 835.0}"
6,2492|2025,Men,Distance,6,2,specialized,50.0,unclassifiable,unclassifiable,800m,"{""800m"": 899.0, ""1500m"": 849.0}"
6,24568|2025,Men,Distance,6,2,balanced,39.0,unclassifiable,unclassifiable,800m,"{""800m"": 519.0, ""1500m"": 480.0}"
6,673|2025,Men,Distance,6,3,specialized,111.0,long_distance,specialized|long_distance,1500m,"{""800m"": 764.0, ""1500m"": 875.0, ""5000m"": 776.0}"
6,3011|2025,Men,Distance,6,2,balanced,8.0,unclassifiable,unclassifiable,800m,"{""800m"": 596.0, ""1500m"": 588.0}"
6,19006|2025,Men,Distance,6,2,balanced,31.0,unclassifiable,unclassifiable,800m,"{""800m"": 437.0, ""1500m"": 406.0}"
6,19013|2025,Men,Distance,6,2,specialized,75.0,unclassifiable,unclassifiable,800m,"{""800m"": 463.0, ""1500m"": 388.0}"
6,695|2025,Men,Distance,6,2,specialized,64.0,unclassifiable,unclassifiable,1500m,"{""1500m"": 588.0, ""5000m"": 524.0}"
6,1612|2025,Men,Distance,6,2,balanced,17.0,unclassifiable,unclassifiable,800m,"{""800m"": 252.0, ""1500m"": 235.0}"
6,23446|2025,Men,Distance,6,3,specialized,62.0,long_distance,specialized|long_distance,1500m,"{""1500m"": 583.0, ""5000m"": 579.0, ""800m"": 521.0}"
6,27000|2026,Men,Distance,6,2,balanced,47.0,unclassifiable,unclassifiable,1500m,"{""800m"": 758.0, ""1500m"": 805.0}"
6,24911|2026,Men,Distance,6,2,balanced,12.0,unclassifiable,unclassifiable,1500m,"{""800m"": 525.0, ""1500m"": 537.0}"
6,26922|2026,Men,Distance,6,3,specialized,322.0,mid_distance,specialized|mid_distance,800m,"{""800m"": 512.0, ""1500m"": 501.0, ""5000m"": 190.0}"
6,7950|2026,Men,Distance,6,3,specialized,112.0,long_distance,specialized|long_distance,1500m,"{""1500m"": 648.0, ""800m"": 536.0, ""5000m"": 575.0}"
6,20431|2026,Men,Distance,6,2,specialized,60.0,unclassifiable,unclassifiable,1500m,"{""1500m"": 682.0, ""800m"": 622.0}"
6,691|2026,Men,Distance,6,2,balanced,25.0,unclassifiable,unclassifiable,1500m,"{""1500m"": 529.0, ""5000m"": 504.0}"
6,27014|2026,Men,Distance,6,2,specialized,54.0,unclassifiable,unclassifiable,1500m,"{""1500m"": 571.0, ""800m"": 517.0}"
6,8108|2026,Men,Distance,6,2,balanced,46.0,unclassifiable,unclassifiable,800m,"{""800m"": 800.0, ""1500m"": 754.0}"
6,26967|2026,Men,Distance,6,3,specialized,122.0,long_distance,specialized|long_distance,1500m,"{""1500m"": 719.0, ""800m"": 597.0, ""5000m"": 702.0}"
6,742|2026,Men,Distance,6,3,specialized,66.0,long_distance,specialized|long_distance,1500m,"{""1500m"": 585.0, ""800m"": 519.0, ""5000m"": 547.0}"
6,27004|2026,Men,Distance,6,3,specialized,111.0,mid_distance,specialized|mid_distance,1500m,"{""1500m"": 673.0, ""800m"": 608.0, ""5000m"": 562.0}"
6,25030|2026,Men,Distance,6,3,specialized,157.0,long_distance,specialized|long_distance,1500m,"{""1500m"": 571.0, ""5000m"": 539.0, ""800m"": 414.0}"
6,577|2024,Women,Distance,6,2,specialized,104.0,unclassifiable,unclassifiable,1500m,"{""1500m"": 814.0, ""800m"": 710.0}"
6,616|2024,Women,Distance,6,3,specialized,144.0,mid_distance,specialized|mid_distance,5000m,"{""1500m"": 509.0, ""800m"": 438.0, ""5000m"": 582.0}"
6,5203|2024,Women,Distance,6,2,balanced,40.0,unclassifiable,unclassifiable,1500m,"{""1500m"": 464.0, ""800m"": 424.0}"
6,578|2024,Women,Distance,6,2,balanced,15.0,unclassifiable,unclassifiable,1500m,"{""5000m"": 639.0, ""1500m"": 654.0}"
6,3586|2024,Women,Distance,6,2,balanced,36.0,unclassifiable,unclassifiable,1500m,"{""800m"": 630.0, ""1500m"": 666.0}"
6,5345|2024,Women,Distance,6,2,specialized,105.0,unclassifiable,unclassifiable,1500m,"{""800m"": 103.0, ""1500m"": 208.0}"
6,19366|2025,Women,Distance,6,2,specialized,102.0,unclassifiable,unclassifiable,1500m,"{""800m"": 712.0, ""1500m"": 814.0}"
6,20764|2026,Women,Distance,6,2,specialized,50.0,unclassifiable,unclassifiable,1500m,"{""800m"": 799.0, ""1500m"": 849.0}"
6,26946|2026,Women,Distance,6,2,balanced,24.0,unclassifiable,unclassifiable,800m,"{""1500m"": 825.0, ""800m"": 849.0}"
6,26941|2026,Women,Distance,6,3,balanced,10.0,mid_distance,balanced|mid_distance,5000m,"{""800m"": 500.0, ""1500m"": 494.0, ""5000m"": 504.0}"
6,24604|2026,Women,Distance,6,3,specialized,74.0,long_distance,specialized|long_distance,1500m,"{""800m"": 462.0, ""1500m"": 536.0, ""5000m"": 482.0}"
5_or_6,3580|2024,Men,Sprints,5,2,balanced,14.0,unclassifiable,unclassifiable,100m,"{""100m"": 534.0, ""200m"": 520.0}"
5_or_6,4649|2024,Men,Sprints,5,2,balanced,18.0,unclassifiable,unclassifiable,400m,"{""200m"": 537.0, ""400m"": 555.0}"
5_or_6,5148|2024,Men,Sprints,5,2,balanced,18.0,unclassifiable,unclassifiable,200m,"{""200m"": 833.0, ""400m"": 815.0}"
5_or_6,3158|2024,Men,Sprints,5,2,balanced,20.0,unclassifiable,unclassifiable,400m,"{""200m"": 569.0, ""400m"": 589.0}"
5_or_6,790|2024,Men,Sprints,5,2,balanced,8.0,unclassifiable,unclassifiable,400m,"{""200m"": 226.0, ""400m"": 234.0}"
5_or_6,4437|2024,Men,Sprints,5,2,specialized,73.0,unclassifiable,unclassifiable,200m,"{""100m"": 492.0, ""200m"": 565.0}"
5_or_6,5218|2024,Men,Sprints,5,2,specialized,58.0,unclassifiable,unclassifiable,200m,"{""100m"": 747.0, ""200m"": 805.0}"
5_or_6,5220|2024,Men,Sprints,5,3,specialized,71.0,long_sprints,specialized|long_sprints,200m,"{""200m"": 402.0, ""100m"": 331.0, ""400m"": 369.0}"
5_or_6,4439|2024,Men,Sprints,5,2,specialized,86.0,unclassifiable,unclassifiable,400m,"{""400m"": 621.0, ""200m"": 535.0}"
5_or_6,5244|2024,Men,Sprints,5,2,specialized,53.0,unclassifiable,unclassifiable,200m,"{""200m"": 778.0, ""400m"": 725.0}"
5_or_6,5250|2024,Men,Sprints,5,3,specialized,76.0,long_sprints,specialized|long_sprints,200m,"{""200m"": 721.0, ""100m"": 645.0, ""400m"": 656.0}"
5_or_6,754|2024,Men,Sprints,5,3,specialized,73.0,short_sprints,specialized|short_sprints,100m,"{""100m"": 355.0, ""400m"": 282.0, ""200m"": 342.0}"
5_or_6,5256|2024,Men,Sprints,5,2,specialized,247.0,unclassifiable,unclassifiable,100m,"{""100m"": 777.0, ""200m"": 530.0}"
5_or_6,4342|2024,Men,Sprints,5,3,specialized,67.0,short_sprints,specialized|short_sprints,200m,"{""200m"": 700.0, ""400m"": 633.0, ""100m"": 653.0}"
5_or_6,3691|2024,Men,Sprints,5,2,specialized,61.0,unclassifiable,unclassifiable,200m,"{""200m"": 766.0, ""400m"": 705.0}"
5_or_6,3949|2024,Men,Sprints,5,2,balanced,25.0,unclassifiable,unclassifiable,200m,"{""200m"": 531.0, ""400m"": 506.0}"
5_or_6,3996|2024,Men,Sprints,5,3,specialized,221.0,short_sprints,specialized|short_sprints,100m,"{""200m"": 777.0, ""100m"": 783.0, ""400m"": 562.0}"
5_or_6,3997|2024,Men,Sprints,5,3,specialized,127.0,short_sprints,specialized|short_sprints,200m,"{""100m"": 193.0, ""200m"": 234.0, ""400m"": 107.0}"
5_or_6,4348|2024,Men,Sprints,5,2,balanced,2.0,unclassifiable,unclassifiable,200m,"{""400m"": 499.0, ""200m"": 501.0}"
5_or_6,3567|2024,Men,Sprints,5,2,balanced,34.0,unclassifiable,unclassifiable,100m,"{""100m"": 694.0, ""200m"": 660.0}"
5_or_6,3577|2024,Men,Sprints,5,2,specialized,66.0,unclassifiable,unclassifiable,100m,"{""200m"": 559.0, ""100m"": 625.0}"
5_or_6,4413|2024,Men,Sprints,5,2,specialized,93.0,unclassifiable,unclassifiable,100m,"{""100m"": 794.0, ""200m"": 701.0}"
5_or_6,4045|2024,Men,Sprints,5,3,specialized,60.0,long_sprints,specialized|long_sprints,400m,"{""100m"": 446.0, ""200m"": 504.0, ""400m"": 506.0}"
5_or_6,1624|2024,Men,Sprints,5,2,specialized,76.0,unclassifiable,unclassifiable,400m,"{""400m"": 691.0, ""200m"": 615.0}"
5_or_6,25857|2025,Men,Sprints,5,2,balanced,24.0,unclassifiable,unclassifiable,400m,"{""400m"": 713.0, ""200m"": 689.0}"
5_or_6,25860|2025,Men,Sprints,5,3,specialized,162.0,short_sprints,specialized|short_sprints,100m,"{""100m"": 229.0, ""200m"": 217.0, ""400m"": 67.0}"
5_or_6,24470|2025,Men,Sprints,5,3,specialized,297.0,short_sprints,specialized|short_sprints,200m,"{""200m"": 621.0, ""100m"": 613.0, ""400m"": 324.0}"
5_or_6,24971|2025,Men,Sprints,5,2,specialized,145.0,unclassifiable,unclassifiable,100m,"{""100m"": 603.0, ""200m"": 458.0}"
5_or_6,3021|2025,Men,Sprints,5,3,balanced,47.0,long_sprints,balanced|long_sprints,100m,"{""100m"": 359.0, ""400m"": 312.0, ""200m"": 327.0}"
5_or_6,24581|2025,Men,Sprints,5,2,balanced,3.0,unclassifiable,unclassifiable,100m,"{""100m"": 898.0, ""200m"": 895.0}"
5_or_6,3689|2025,Men,Sprints,5,2,specialized,235.0,unclassifiable,unclassifiable,100m,"{""100m"": 750.0, ""200m"": 515.0}"
5_or_6,4149|2025,Men,Sprints,5,2,balanced,35.0,unclassifiable,unclassifiable,100m,"{""100m"": 720.0, ""200m"": 685.0}"
5_or_6,5761|2025,Men,Sprints,5,3,specialized,84.0,short_sprints,specialized|short_sprints,100m,"{""200m"": 836.0, ""400m"": 758.0, ""100m"": 842.0}"
5_or_6,8022|2025,Men,Sprints,5,2,balanced,18.0,unclassifiable,unclassifiable,200m,"{""200m"": 429.0, ""400m"": 411.0}"
5_or_6,3846|2025,Men,Sprints,5,2,specialized,193.0,unclassifiable,unclassifiable,200m,"{""200m"": 1035.0, ""100m"": 842.0}"
5_or_6,4073|2025,Men,Sprints,5,2,balanced,45.0,unclassifiable,unclassifiable,100m,"{""100m"": 874.0, ""200m"": 829.0}"
5_or_6,3541|2025,Men,Sprints,5,2,balanced,6.0,unclassifiable,unclassifiable,200m,"{""100m"": 828.0, ""200m"": 834.0}"
5_or_6,25259|2025,Men,Sprints,5,2,specialized,103.0,unclassifiable,unclassifiable,100m,"{""100m"": 728.0, ""200m"": 625.0}"
5_or_6,3549|2025,Men,Sprints,5,2,specialized,158.0,unclassifiable,unclassifiable,100m,"{""100m"": 676.0, ""200m"": 518.0}"
5_or_6,24984|2025,Men,Sprints,5,3,specialized,166.0,short_sprints,specialized|short_sprints,200m,"{""100m"": 769.0, ""200m"": 809.0, ""400m"": 643.0}"
5_or_6,29456|2026,Men,Sprints,5,2,specialized,73.0,unclassifiable,unclassifiable,400m,"{""400m"": 753.0, ""200m"": 680.0}"
5_or_6,31180|2026,Men,Sprints,5,2,specialized,58.0,unclassifiable,unclassifiable,100m,"{""100m"": 712.0, ""200m"": 654.0}"
5_or_6,5614|2026,Men,Sprints,5,2,balanced,44.0,unclassifiable,unclassifiable,200m,"{""100m"": 601.0, ""200m"": 645.0}"
5_or_6,29750|2026,Men,Sprints,5,3,specialized,103.0,short_sprints,specialized|short_sprints,100m,"{""200m"": 483.0, ""400m"": 389.0, ""100m"": 492.0}"
5_or_6,25024|2026,Men,Sprints,5,3,balanced,44.0,short_sprints,balanced|short_sprints,200m,"{""200m"": 727.0, ""400m"": 683.0, ""100m"": 689.0}"
5_or_6,5246|2026,Men,Sprints,5,2,specialized,74.0,unclassifiable,unclassifiable,200m,"{""100m"": 834.0, ""200m"": 908.0}"
5_or_6,26171|2026,Men,Sprints,5,2,balanced,45.0,unclassifiable,unclassifiable,100m,"{""100m"": 584.0, ""200m"": 539.0}"
5_or_6,26169|2026,Men,Sprints,5,3,specialized,109.0,short_sprints,specialized|short_sprints,200m,"{""100m"": 466.0, ""200m"": 500.0, ""400m"": 391.0}"
5_or_6,29633|2026,Men,Sprints,5,2,balanced,40.0,unclassifiable,unclassifiable,200m,"{""200m"": 805.0, ""400m"": 765.0}"
5_or_6,31415|2026,Men,Sprints,5,3,balanced,43.0,short_sprints,balanced|short_sprints,200m,"{""200m"": 756.0, ""400m"": 713.0, ""100m"": 720.0}"
5_or_6,29677|2026,Men,Sprints,5,3,specialized,214.0,short_sprints,specialized|short_sprints,100m,"{""100m"": 658.0, ""200m"": 592.0, ""400m"": 444.0}"
5_or_6,29630|2026,Men,Sprints,5,2,balanced,35.0,unclassifiable,unclassifiable,100m,"{""100m"": 794.0, ""200m"": 759.0}"
5_or_6,24676|2026,Men,Sprints,5,3,specialized,156.0,long_sprints,specialized|long_sprints,200m,"{""200m"": 855.0, ""400m"": 832.0, ""100m"": 699.0}"
5_or_6,29818|2026,Men,Sprints,5,3,specialized,54.0,short_sprints,specialized|short_sprints,100m,"{""200m"": 850.0, ""100m"": 851.0, ""400m"": 797.0}"
5_or_6,25082|2026,Men,Sprints,5,3,specialized,61.0,long_sprints,specialized|long_sprints,200m,"{""200m"": 732.0, ""400m"": 684.0, ""100m"": 671.0}"
5_or_6,4485|2024,Men,Sprints,6,3,specialized,181.0,long_sprints,specialized|long_sprints,200m,"{""200m"": 630.0, ""400m"": 590.0, ""100m"": 449.0}"
5_or_6,2620|2024,Men,Sprints,6,3,specialized,195.0,long_sprints,specialized|long_sprints,100m,"{""400m"": 227.0, ""100m"": 422.0, ""200m"": 291.0}"
5_or_6,5257|2024,Men,Sprints,6,2,specialized,85.0,unclassifiable,unclassifiable,100m,"{""100m"": 869.0, ""200m"": 784.0}"
5_or_6,5259|2024,Men,Sprints,6,3,specialized,695.0,short_sprints,specialized|short_sprints,200m,"{""100m"": 775.0, ""200m"": 776.0, ""400m"": 81.0}"
5_or_6,5270|2024,Men,Sprints,6,2,balanced,45.0,unclassifiable,unclassifiable,100m,"{""100m"": 610.0, ""200m"": 565.0}"
5_or_6,3721|2024,Men,Sprints,6,2,specialized,126.0,unclassifiable,unclassifiable,100m,"{""100m"": 584.0, ""200m"": 458.0}"
5_or_6,3699|2024,Men,Sprints,6,3,specialized,152.0,long_sprints,specialized|long_sprints,100m,"{""200m"": 272.0, ""100m"": 424.0, ""400m"": 422.0}"
5_or_6,4149|2024,Men,Sprints,6,2,balanced,11.0,unclassifiable,unclassifiable,100m,"{""100m"": 653.0, ""200m"": 642.0}"
5_or_6,3709|2024,Men,Sprints,6,3,specialized,148.0,short_sprints,specialized|short_sprints,100m,"{""100m"": 398.0, ""200m"": 332.0, ""400m"": 250.0}"
5_or_6,5284|2024,Men,Sprints,6,2,balanced,33.0,unclassifiable,unclassifiable,100m,"{""100m"": 474.0, ""200m"": 441.0}"
5_or_6,4451|2024,Men,Sprints,6,3,specialized,54.0,short_sprints,specialized|short_sprints,200m,"{""400m"": 672.0, ""200m"": 726.0, ""100m"": 712.0}"
5_or_6,4358|2024,Men,Sprints,6,2,specialized,116.0,unclassifiable,unclassifiable,400m,"{""400m"": 732.0, ""200m"": 616.0}"
5_or_6,3576|2024,Men,Sprints,6,3,specialized,156.0,short_sprints,specialized|short_sprints,200m,"{""200m"": 733.0, ""100m"": 707.0, ""400m"": 577.0}"
5_or_6,4424|2024,Men,Sprints,6,2,balanced,26.0,unclassifiable,unclassifiable,200m,"{""100m"": 584.0, ""200m"": 610.0}"
5_or_6,4415|2024,Men,Sprints,6,2,balanced,48.0,unclassifiable,unclassifiable,200m,"{""100m"": 516.0, ""200m"": 564.0}"
5_or_6,3781|2024,Men,Sprints,6,3,specialized,80.0,long_sprints,specialized|long_sprints,100m,"{""100m"": 697.0, ""200m"": 648.0, ""400m"": 617.0}"
5_or_6,4623|2024,Men,Sprints,6,3,specialized,69.0,long_sprints,specialized|long_sprints,400m,"{""200m"": 931.0, ""100m"": 869.0, ""400m"": 938.0}"
5_or_6,3896|2024,Men,Sprints,6,2,balanced,46.0,unclassifiable,unclassifiable,100m,"{""100m"": 857.0, ""200m"": 811.0}"
5_or_6,3902|2024,Men,Sprints,6,2,balanced,4.0,unclassifiable,unclassifiable,200m,"{""200m"": 701.0, ""400m"": 697.0}"
5_or_6,3907|2024,Men,Sprints,6,2,balanced,17.0,unclassifiable,unclassifiable,200m,"{""200m"": 708.0, ""400m"": 691.0}"
5_or_6,4077|2024,Men,Sprints,6,2,specialized,164.0,unclassifiable,unclassifiable,200m,"{""200m"": 588.0, ""400m"": 424.0}"
5_or_6,3622|2024,Men,Sprints,6,2,specialized,63.0,unclassifiable,unclassifiable,200m,"{""100m"": 834.0, ""200m"": 897.0}"
5_or_6,24889|2025,Men,Sprints,6,2,balanced,5.0,unclassifiable,unclassifiable,200m,"{""100m"": 551.0, ""200m"": 556.0}"
5_or_6,4387|2025,Men,Sprints,6,2,balanced,16.0,unclassifiable,unclassifiable,200m,"{""200m"": 579.0, ""400m"": 563.0}"
5_or_6,24608|2025,Men,Sprints,6,3,specialized,164.0,long_sprints,specialized|long_sprints,200m,"{""200m"": 497.0, ""400m"": 375.0, ""100m"": 333.0}"
5_or_6,3708|2025,Men,Sprints,6,3,balanced,48.0,short_sprints,balanced|short_sprints,400m,"{""400m"": 707.0, ""100m"": 676.0, ""200m"": 659.0}"
5_or_6,5218|2025,Men,Sprints,6,3,specialized,109.0,tie,specialized|tie,200m,"{""200m"": 878.0, ""400m"": 769.0, ""100m"": 769.0}"
5_or_6,25024|2025,Men,Sprints,6,3,specialized,146.0,long_sprints,specialized|long_sprints,400m,"{""200m"": 731.0, ""400m"": 744.0, ""100m"": 598.0}"
5_or_6,26172|2025,Men,Sprints,6,2,balanced,43.0,unclassifiable,unclassifiable,100m,"{""100m"": 410.0, ""200m"": 367.0}"
5_or_6,24391|2025,Men,Sprints,6,2,balanced,22.0,unclassifiable,unclassifiable,100m,"{""100m"": 907.0, ""200m"": 885.0}"
5_or_6,3578|2025,Men,Sprints,6,3,specialized,101.0,short_sprints,specialized|short_sprints,400m,"{""400m"": 941.0, ""100m"": 840.0, ""200m"": 845.0}"
5_or_6,25521|2025,Men,Sprints,6,3,specialized,90.0,short_sprints,specialized|short_sprints,100m,"{""100m"": 635.0, ""200m"": 611.0, ""400m"": 545.0}"
5_or_6,24891|2026,Men,Sprints,6,2,balanced,10.0,unclassifiable,unclassifiable,100m,"{""100m"": 603.0, ""200m"": 593.0}"
5_or_6,31094|2026,Men,Sprints,6,2,balanced,9.0,unclassifiable,unclassifiable,200m,"{""100m"": 560.0, ""200m"": 569.0}"
5_or_6,31028|2026,Men,Sprints,6,2,balanced,14.0,unclassifiable,unclassifiable,400m,"{""400m"": 749.0, ""200m"": 735.0}"
5_or_6,29660|2026,Men,Sprints,6,2,balanced,11.0,unclassifiable,unclassifiable,200m,"{""100m"": 860.0, ""200m"": 871.0}"
5_or_6,24415|2026,Men,Sprints,6,2,balanced,26.0,unclassifiable,unclassifiable,100m,"{""200m"": 875.0, ""100m"": 901.0}"
5_or_6,30041|2026,Men,Sprints,6,3,specialized,114.0,long_sprints,specialized|long_sprints,200m,"{""200m"": 667.0, ""400m"": 579.0, ""100m"": 553.0}"
5_or_6,29817|2026,Men,Sprints,6,2,specialized,86.0,unclassifiable,unclassifiable,100m,"{""100m"": 959.0, ""200m"": 873.0}"
5_or_6,4645|2024,Women,Sprints,5,2,balanced,39.0,unclassifiable,unclassifiable,100m,"{""100m"": 631.0, ""200m"": 592.0}"
5_or_6,3529|2024,Women,Sprints,5,2,specialized,88.0,unclassifiable,unclassifiable,100m,"{""200m"": 431.0, ""100m"": 519.0}"
5_or_6,5176|2024,Women,Sprints,5,2,specialized,67.0,unclassifiable,unclassifiable,100m,"{""100m"": 698.0, ""200m"": 631.0}"
5_or_6,3649|2024,Women,Sprints,5,2,specialized,60.0,unclassifiable,unclassifiable,100m,"{""100m"": 634.0, ""200m"": 574.0}"
5_or_6,5268|2024,Women,Sprints,5,3,balanced,31.0,long_sprints,balanced|long_sprints,100m,"{""100m"": 470.0, ""200m"": 439.0, ""400m"": 449.0}"
5_or_6,3795|2024,Women,Sprints,5,2,specialized,119.0,unclassifiable,unclassifiable,100m,"{""100m"": 895.0, ""200m"": 776.0}"
5_or_6,3972|2024,Women,Sprints,5,2,balanced,45.0,unclassifiable,unclassifiable,100m,"{""100m"": 835.0, ""200m"": 790.0}"
5_or_6,3638|2024,Women,Sprints,5,3,specialized,59.0,short_sprints,specialized|short_sprints,400m,"{""200m"": 707.0, ""100m"": 703.0, ""400m"": 762.0}"
5_or_6,4289|2024,Women,Sprints,5,2,specialized,85.0,unclassifiable,unclassifiable,400m,"{""200m"": 716.0, ""400m"": 801.0}"
5_or_6,3933|2024,Women,Sprints,5,2,specialized,110.0,unclassifiable,unclassifiable,100m,"{""100m"": 726.0, ""200m"": 616.0}"
5_or_6,4265|2024,Women,Sprints,5,2,specialized,79.0,unclassifiable,unclassifiable,100m,"{""100m"": 867.0, ""200m"": 788.0}"
5_or_6,4225|2024,Women,Sprints,5,2,specialized,60.0,unclassifiable,unclassifiable,400m,"{""400m"": 720.0, ""200m"": 660.0}"
5_or_6,25999|2025,Women,Sprints,5,2,specialized,66.0,unclassifiable,unclassifiable,100m,"{""200m"": 525.0, ""100m"": 591.0}"
5_or_6,24573|2025,Women,Sprints,5,2,specialized,207.0,unclassifiable,unclassifiable,100m,"{""100m"": 706.0, ""200m"": 499.0}"
5_or_6,24600|2025,Women,Sprints,5,2,specialized,92.0,unclassifiable,unclassifiable,100m,"{""100m"": 701.0, ""200m"": 609.0}"
5_or_6,24602|2025,Women,Sprints,5,3,specialized,95.0,short_sprints,specialized|short_sprints,400m,"{""400m"": 895.0, ""100m"": 803.0, ""200m"": 800.0}"
5_or_6,24410|2025,Women,Sprints,5,2,specialized,69.0,unclassifiable,unclassifiable,100m,"{""100m"": 904.0, ""200m"": 835.0}"
5_or_6,3658|2025,Women,Sprints,5,2,balanced,47.0,unclassifiable,unclassifiable,100m,"{""100m"": 950.0, ""200m"": 903.0}"
5_or_6,24829|2025,Women,Sprints,5,3,specialized,104.0,long_sprints,specialized|long_sprints,400m,"{""100m"": 693.0, ""200m"": 747.0, ""400m"": 797.0}"
5_or_6,3650|2026,Women,Sprints,5,3,specialized,97.0,short_sprints,specialized|short_sprints,400m,"{""100m"": 775.0, ""400m"": 872.0, ""200m"": 796.0}"
5_or_6,24579|2026,Women,Sprints,5,3,balanced,31.0,long_sprints,balanced|long_sprints,100m,"{""200m"": 660.0, ""100m"": 691.0, ""400m"": 687.0}"
5_or_6,31182|2026,Women,Sprints,5,2,specialized,57.0,unclassifiable,unclassifiable,100m,"{""100m"": 869.0, ""200m"": 812.0}"
5_or_6,31194|2026,Women,Sprints,5,2,balanced,31.0,unclassifiable,unclassifiable,100m,"{""100m"": 738.0, ""200m"": 707.0}"
5_or_6,24739|2026,Women,Sprints,5,2,balanced,33.0,unclassifiable,unclassifiable,100m,"{""100m"": 647.0, ""200m"": 614.0}"
5_or_6,29847|2026,Women,Sprints,5,2,specialized,86.0,unclassifiable,unclassifiable,400m,"{""200m"": 618.0, ""400m"": 704.0}"
5_or_6,26193|2026,Women,Sprints,5,3,specialized,91.0,long_sprints,specialized|long_sprints,400m,"{""200m"": 696.0, ""400m"": 738.0, ""100m"": 647.0}"
5_or_6,31066|2026,Women,Sprints,5,2,specialized,151.0,unclassifiable,unclassifiable,100m,"{""100m"": 923.0, ""200m"": 772.0}"
5_or_6,30384|2026,Women,Sprints,5,3,specialized,54.0,short_sprints,specialized|short_sprints,400m,"{""200m"": 744.0, ""100m"": 733.0, ""400m"": 787.0}"
5_or_6,3530|2024,Women,Sprints,6,2,balanced,43.0,unclassifiable,unclassifiable,100m,"{""100m"": 420.0, ""200m"": 377.0}"
5_or_6,582|2024,Women,Sprints,6,3,specialized,75.0,long_sprints,specialized|long_sprints,100m,"{""200m"": 415.0, ""100m"": 490.0, ""400m"": 467.0}"
5_or_6,4267|2024,Women,Sprints,6,2,specialized,59.0,unclassifiable,unclassifiable,100m,"{""100m"": 773.0, ""200m"": 714.0}"
5_or_6,3658|2024,Women,Sprints,6,2,balanced,19.0,unclassifiable,unclassifiable,100m,"{""100m"": 899.0, ""200m"": 880.0}"
5_or_6,3655|2024,Women,Sprints,6,2,specialized,67.0,unclassifiable,unclassifiable,100m,"{""100m"": 630.0, ""200m"": 563.0}"
5_or_6,4105|2024,Women,Sprints,6,3,specialized,166.0,tie,specialized|tie,400m,"{""100m"": 595.0, ""400m"": 761.0, ""200m"": 678.0}"
5_or_6,3934|2024,Women,Sprints,6,2,specialized,56.0,unclassifiable,unclassifiable,100m,"{""100m"": 639.0, ""200m"": 583.0}"
5_or_6,3940|2024,Women,Sprints,6,2,specialized,107.0,unclassifiable,unclassifiable,100m,"{""200m"": 373.0, ""100m"": 480.0}"
5_or_6,3581|2025,Women,Sprints,6,2,balanced,9.0,unclassifiable,unclassifiable,100m,"{""200m"": 792.0, ""100m"": 801.0}"
5_or_6,29999|2026,Women,Sprints,6,3,specialized,185.0,short_sprints,specialized|short_sprints,100m,"{""200m"": 547.0, ""400m"": 423.0, ""100m"": 608.0}"
5_or_6,31184|2026,Women,Sprints,6,2,balanced,7.0,unclassifiable,unclassifiable,100m,"{""200m"": 757.0, ""100m"": 764.0}"
5_or_6,25506|2026,Women,Sprints,6,2,balanced,8.0,unclassifiable,unclassifiable,200m,"{""100m"": 931.0, ""200m"": 939.0}"
5_or_6,1883|2024,Men,Distance,5,3,balanced,15.0,long_distance,balanced|long_distance,1500m,"{""5000m"": 424.0, ""800m"": 418.0, ""1500m"": 433.0}"
5_or_6,1900|2024,Men,Distance,5,3,specialized,202.0,mid_distance,specialized|mid_distance,1500m,"{""5000m"": 209.0, ""1500m"": 411.0, ""800m"": 335.0}"
5_or_6,1536|2024,Men,Distance,5,3,specialized,182.0,long_distance,specialized|long_distance,1500m,"{""5000m"": 581.0, ""800m"": 451.0, ""1500m"": 633.0}"
5_or_6,95|2024,Men,Distance,5,3,specialized,93.0,mid_distance,specialized|mid_distance,1500m,"{""800m"": 791.0, ""5000m"": 775.0, ""1500m"": 868.0}"
5_or_6,466|2024,Men,Distance,5,2,specialized,87.0,unclassifiable,unclassifiable,1500m,"{""1500m"": 837.0, ""800m"": 750.0}"
5_or_6,1558|2024,Men,Distance,5,2,specialized,176.0,unclassifiable,unclassifiable,5000m,"{""5000m"": 629.0, ""1500m"": 453.0}"
5_or_6,765|2024,Men,Distance,5,3,specialized,141.0,long_distance,specialized|long_distance,5000m,"{""5000m"": 300.0, ""1500m"": 231.0, ""800m"": 159.0}"
5_or_6,5237|2024,Men,Distance,5,2,balanced,41.0,unclassifiable,unclassifiable,1500m,"{""1500m"": 218.0, ""800m"": 177.0}"
5_or_6,736|2024,Men,Distance,5,2,specialized,63.0,unclassifiable,unclassifiable,1500m,"{""5000m"": 353.0, ""1500m"": 416.0}"
5_or_6,754|2024,Men,Distance,5,3,specialized,186.0,long_distance,specialized|long_distance,5000m,"{""5000m"": 261.0, ""1500m"": 253.0, ""800m"": 75.0}"
5_or_6,708|2024,Men,Distance,5,3,specialized,135.0,long_distance,specialized|long_distance,800m,"{""1500m"": 298.0, ""800m"": 415.0, ""5000m"": 280.0}"
5_or_6,676|2024,Men,Distance,5,2,specialized,170.0,unclassifiable,unclassifiable,1500m,"{""1500m"": 824.0, ""800m"": 654.0}"
5_or_6,5271|2024,Men,Distance,5,2,specialized,67.0,unclassifiable,unclassifiable,800m,"{""800m"": 513.0, ""1500m"": 446.0}"
5_or_6,2057|2024,Men,Distance,5,3,specialized,136.0,mid_distance,specialized|mid_distance,1500m,"{""5000m"": 783.0, ""800m"": 866.0, ""1500m"": 919.0}"
5_or_6,5276|2024,Men,Distance,5,3,specialized,248.0,mid_distance,specialized|mid_distance,800m,"{""1500m"": 603.0, ""800m"": 660.0, ""5000m"": 412.0}"
5_or_6,5282|2024,Men,Distance,5,3,specialized,140.0,long_distance,specialized|long_distance,1500m,"{""800m"": 680.0, ""1500m"": 820.0, ""5000m"": 681.0}"
5_or_6,3015|2024,Men,Distance,5,2,balanced,18.0,unclassifiable,unclassifiable,800m,"{""800m"": 689.0, ""1500m"": 671.0}"
5_or_6,695|2024,Men,Distance,5,2,specialized,55.0,unclassifiable,unclassifiable,5000m,"{""1500m"": 440.0, ""5000m"": 495.0}"
5_or_6,2202|2024,Men,Distance,5,2,specialized,50.0,unclassifiable,unclassifiable,1500m,"{""800m"": 122.0, ""1500m"": 172.0}"
5_or_6,1198|2024,Men,Distance,5,2,balanced,6.0,unclassifiable,unclassifiable,5000m,"{""5000m"": 617.0, ""1500m"": 611.0}"
5_or_6,756|2024,Men,Distance,5,2,balanced,22.0,unclassifiable,unclassifiable,5000m,"{""5000m"": 289.0, ""1500m"": 267.0}"
5_or_6,689|2024,Men,Distance,5,2,balanced,16.0,unclassifiable,unclassifiable,800m,"{""1500m"": 705.0, ""800m"": 721.0}"
5_or_6,2727|2024,Men,Distance,5,2,balanced,13.0,unclassifiable,unclassifiable,800m,"{""800m"": 549.0, ""1500m"": 536.0}"
5_or_6,675|2024,Men,Distance,5,2,specialized,330.0,unclassifiable,unclassifiable,5000m,"{""5000m"": 708.0, ""800m"": 378.0}"
5_or_6,747|2024,Men,Distance,5,3,specialized,81.0,long_distance,specialized|long_distance,1500m,"{""5000m"": 445.0, ""800m"": 436.0, ""1500m"": 517.0}"
5_or_6,692|2024,Men,Distance,5,3,specialized,120.0,long_distance,specialized|long_distance,5000m,"{""1500m"": 545.0, ""5000m"": 566.0, ""800m"": 446.0}"
5_or_6,678|2024,Men,Distance,5,2,balanced,11.0,unclassifiable,unclassifiable,1500m,"{""800m"": 856.0, ""1500m"": 867.0}"
5_or_6,700|2024,Men,Distance,5,2,specialized,121.0,unclassifiable,unclassifiable,1500m,"{""1500m"": 676.0, ""800m"": 555.0}"
5_or_6,2193|2024,Men,Distance,5,2,specialized,92.0,unclassifiable,unclassifiable,1500m,"{""1500m"": 812.0, ""800m"": 720.0}"
5_or_6,2045|2024,Men,Distance,5,3,specialized,297.0,mid_distance,specialized|mid_distance,1500m,"{""800m"": 427.0, ""1500m"": 509.0, ""5000m"": 212.0}"
5_or_6,1655|2024,Men,Distance,5,2,specialized,133.0,unclassifiable,unclassifiable,1500m,"{""1500m"": 856.0, ""5000m"": 723.0}"
5_or_6,960|2024,Men,Distance,5,3,specialized,50.0,long_distance,specialized|long_distance,1500m,"{""800m"": 74.0, ""1500m"": 124.0, ""5000m"": 92.0}"
5_or_6,2269|2024,Men,Distance,5,2,balanced,36.0,unclassifiable,unclassifiable,1500m,"{""1500m"": 505.0, ""5000m"": 469.0}"
5_or_6,3901|2024,Men,Distance,5,2,specialized,82.0,unclassifiable,unclassifiable,5000m,"{""1500m"": 569.0, ""5000m"": 651.0}"
5_or_6,2787|2024,Men,Distance,5,2,balanced,17.0,unclassifiable,unclassifiable,800m,"{""1500m"": 467.0, ""800m"": 484.0}"
5_or_6,18982|2025,Men,Distance,5,3,specialized,91.0,mid_distance,specialized|mid_distance,800m,"{""5000m"": 544.0, ""800m"": 635.0, ""1500m"": 626.0}"
5_or_6,5173|2025,Men,Distance,5,2,specialized,85.0,unclassifiable,unclassifiable,1500m,"{""800m"": 862.0, ""1500m"": 947.0}"
5_or_6,18780|2025,Men,Distance,5,2,specialized,104.0,unclassifiable,unclassifiable,1500m,"{""1500m"": 770.0, ""5000m"": 666.0}"
5_or_6,95|2025,Men,Distance,5,2,balanced,48.0,unclassifiable,unclassifiable,1500m,"{""5000m"": 813.0, ""1500m"": 861.0}"
5_or_6,2967|2025,Men,Distance,5,2,specialized,68.0,unclassifiable,unclassifiable,800m,"{""800m"": 658.0, ""1500m"": 590.0}"
5_or_6,2470|2025,Men,Distance,5,3,specialized,189.0,long_distance,specialized|long_distance,1500m,"{""1500m"": 374.0, ""5000m"": 363.0, ""800m"": 185.0}"
5_or_6,3265|2025,Men,Distance,5,3,specialized,252.0,long_distance,specialized|long_distance,1500m,"{""1500m"": 601.0, ""5000m"": 433.0, ""800m"": 349.0}"
5_or_6,18273|2025,Men,Distance,5,2,specialized,53.0,unclassifiable,unclassifiable,800m,"{""800m"": 737.0, ""1500m"": 684.0}"
5_or_6,19381|2025,Men,Distance,5,2,specialized,61.0,unclassifiable,unclassifiable,800m,"{""800m"": 762.0, ""1500m"": 701.0}"
5_or_6,19384|2025,Men,Distance,5,2,balanced,30.0,unclassifiable,unclassifiable,1500m,"{""800m"": 631.0, ""1500m"": 661.0}"
5_or_6,685|2025,Men,Distance,5,3,specialized,102.0,long_distance,specialized|long_distance,1500m,"{""800m"": 578.0, ""1500m"": 680.0, ""5000m"": 607.0}"
5_or_6,710|2025,Men,Distance,5,3,specialized,126.0,long_distance,specialized|long_distance,1500m,"{""800m"": 575.0, ""1500m"": 701.0, ""5000m"": 591.0}"
5_or_6,743|2025,Men,Distance,5,2,balanced,44.0,unclassifiable,unclassifiable,1500m,"{""800m"": 513.0, ""1500m"": 557.0}"
5_or_6,25030|2025,Men,Distance,5,2,balanced,44.0,unclassifiable,unclassifiable,1500m,"{""1500m"": 545.0, ""800m"": 501.0}"
5_or_6,711|2025,Men,Distance,5,2,balanced,3.0,unclassifiable,unclassifiable,1500m,"{""1500m"": 499.0, ""5000m"": 496.0}"
5_or_6,1|2025,Men,Distance,5,3,specialized,189.0,long_distance,specialized|long_distance,1500m,"{""1500m"": 231.0, ""5000m"": 203.0, ""800m"": 42.0}"
5_or_6,2584|2025,Men,Distance,5,3,specialized,185.0,long_distance,specialized|long_distance,1500m,"{""800m"": 582.0, ""1500m"": 767.0, ""5000m"": 752.0}"
5_or_6,3012|2025,Men,Distance,5,2,specialized,153.0,unclassifiable,unclassifiable,800m,"{""800m"": 640.0, ""1500m"": 487.0}"
5_or_6,21471|2025,Men,Distance,5,3,specialized,238.0,mid_distance,specialized|mid_distance,1500m,"{""1500m"": 854.0, ""800m"": 809.0, ""5000m"": 616.0}"
5_or_6,29674|2026,Men,Distance,5,2,specialized,193.0,unclassifiable,unclassifiable,800m,"{""800m"": 578.0, ""1500m"": 385.0}"
5_or_6,5619|2026,Men,Distance,5,3,specialized,147.0,long_distance,specialized|long_distance,5000m,"{""800m"": 553.0, ""1500m"": 630.0, ""5000m"": 700.0}"
5_or_6,22588|2026,Men,Distance,5,3,specialized,220.0,mid_distance,specialized|mid_distance,1500m,"{""800m"": 818.0, ""5000m"": 626.0, ""1500m"": 846.0}"
5_or_6,4728|2026,Men,Distance,5,2,specialized,123.0,unclassifiable,unclassifiable,800m,"{""800m"": 371.0, ""1500m"": 248.0}"
5_or_6,28327|2026,Men,Distance,5,3,specialized,145.0,mid_distance,specialized|mid_distance,1500m,"{""800m"": 292.0, ""1500m"": 383.0, ""5000m"": 238.0}"
5_or_6,18964|2026,Men,Distance,5,2,balanced,30.0,unclassifiable,unclassifiable,5000m,"{""1500m"": 649.0, ""5000m"": 679.0}"
5_or_6,2176|2026,Men,Distance,5,2,specialized,99.0,unclassifiable,unclassifiable,800m,"{""1500m"": 565.0, ""800m"": 664.0}"
5_or_6,16147|2026,Men,Distance,5,3,specialized,70.0,mid_distance,specialized|mid_distance,1500m,"{""800m"": 409.0, ""1500m"": 433.0, ""5000m"": 363.0}"
5_or_6,26993|2026,Men,Distance,5,2,balanced,41.0,unclassifiable,unclassifiable,5000m,"{""1500m"": 784.0, ""5000m"": 825.0}"
5_or_6,27009|2026,Men,Distance,5,2,balanced,20.0,unclassifiable,unclassifiable,5000m,"{""1500m"": 475.0, ""5000m"": 495.0}"
5_or_6,666|2026,Men,Distance,5,3,specialized,79.0,mid_distance,specialized|mid_distance,1500m,"{""800m"": 831.0, ""1500m"": 868.0, ""5000m"": 789.0}"
5_or_6,19387|2026,Men,Distance,5,3,specialized,252.0,long_distance,specialized|long_distance,1500m,"{""800m"": 260.0, ""1500m"": 512.0, ""5000m"": 452.0}"
5_or_6,27400|2026,Men,Distance,5,2,specialized,137.0,unclassifiable,unclassifiable,1500m,"{""800m"": 221.0, ""1500m"": 358.0}"
5_or_6,19386|2026,Men,Distance,5,3,specialized,90.0,mid_distance,specialized|mid_distance,800m,"{""1500m"": 661.0, ""800m"": 687.0, ""5000m"": 597.0}"
5_or_6,717|2026,Men,Distance,5,2,balanced,29.0,unclassifiable,unclassifiable,5000m,"{""1500m"": 611.0, ""5000m"": 640.0}"
5_or_6,5230|2026,Men,Distance,5,3,specialized,241.0,mid_distance,specialized|mid_distance,800m,"{""800m"": 777.0, ""1500m"": 737.0, ""5000m"": 536.0}"
5_or_6,18977|2026,Men,Distance,5,3,specialized,247.0,mid_distance,specialized|mid_distance,1500m,"{""1500m"": 628.0, ""5000m"": 381.0, ""800m"": 385.0}"
5_or_6,743|2026,Men,Distance,5,2,balanced,12.0,unclassifiable,unclassifiable,1500m,"{""1500m"": 581.0, ""800m"": 569.0}"
5_or_6,26994|2026,Men,Distance,5,3,specialized,192.0,long_distance,specialized|long_distance,5000m,"{""1500m"": 624.0, ""5000m"": 644.0, ""800m"": 452.0}"
5_or_6,710|2026,Men,Distance,5,3,specialized,80.0,mid_distance,specialized|mid_distance,1500m,"{""5000m"": 690.0, ""800m"": 699.0, ""1500m"": 770.0}"
5_or_6,30049|2026,Men,Distance,5,2,specialized,68.0,unclassifiable,unclassifiable,1500m,"{""800m"": 555.0, ""1500m"": 623.0}"
5_or_6,5500|2026,Men,Distance,5,2,specialized,133.0,unclassifiable,unclassifiable,800m,"{""1500m"": 885.0, ""800m"": 1018.0}"
5_or_6,19417|2026,Men,Distance,5,3,specialized,129.0,long_distance,specialized|long_distance,1500m,"{""1500m"": 479.0, ""5000m"": 424.0, ""800m"": 350.0}"
5_or_6,1552|2026,Men,Distance,5,2,specialized,110.0,unclassifiable,unclassifiable,800m,"{""800m"": 764.0, ""1500m"": 654.0}"
5_or_6,1|2026,Men,Distance,5,3,specialized,183.0,long_distance,specialized|long_distance,1500m,"{""1500m"": 246.0, ""5000m"": 236.0, ""800m"": 63.0}"
5_or_6,27499|2026,Men,Distance,5,3,specialized,151.0,long_distance,specialized|long_distance,1500m,"{""1500m"": 547.0, ""800m"": 396.0, ""5000m"": 468.0}"
5_or_6,8038|2026,Men,Distance,5,2,specialized,129.0,unclassifiable,unclassifiable,1500m,"{""5000m"": 822.0, ""1500m"": 951.0}"
5_or_6,45|2026,Men,Distance,5,3,specialized,175.0,mid_distance,specialized|mid_distance,1500m,"{""800m"": 454.0, ""1500m"": 495.0, ""5000m"": 320.0}"
5_or_6,2306|2024,Men,Distance,6,2,specialized,168.0,unclassifiable,unclassifiable,800m,"{""800m"": 878.0, ""1500m"": 710.0}"
5_or_6,5161|2024,Men,Distance,6,2,specialized,153.0,unclassifiable,unclassifiable,800m,"{""800m"": 865.0, ""1500m"": 712.0}"
5_or_6,3012|2024,Men,Distance,6,2,specialized,91.0,unclassifiable,unclassifiable,800m,"{""800m"": 471.0, ""1500m"": 380.0}"
5_or_6,1609|2024,Men,Distance,6,2,specialized,99.0,unclassifiable,unclassifiable,800m,"{""1500m"": 211.0, ""800m"": 310.0}"
5_or_6,710|2024,Men,Distance,6,3,specialized,94.0,mid_distance,specialized|mid_distance,1500m,"{""5000m"": 473.0, ""800m"": 518.0, ""1500m"": 567.0}"
5_or_6,702|2024,Men,Distance,6,3,specialized,88.0,long_distance,specialized|long_distance,1500m,"{""1500m"": 610.0, ""800m"": 522.0, ""5000m"": 574.0}"
5_or_6,751|2024,Men,Distance,6,2,balanced,17.0,unclassifiable,unclassifiable,1500m,"{""1500m"": 486.0, ""800m"": 469.0}"
5_or_6,742|2024,Men,Distance,6,3,specialized,90.0,mid_distance,specialized|mid_distance,1500m,"{""1500m"": 481.0, ""800m"": 399.0, ""5000m"": 391.0}"
5_or_6,711|2024,Men,Distance,6,2,balanced,17.0,unclassifiable,unclassifiable,5000m,"{""5000m"": 542.0, ""1500m"": 525.0}"
5_or_6,734|2024,Men,Distance,6,3,specialized,123.0,long_distance,specialized|long_distance,1500m,"{""1500m"": 446.0, ""5000m"": 381.0, ""800m"": 323.0}"
5_or_6,669|2024,Men,Distance,6,3,specialized,58.0,mid_distance,specialized|mid_distance,1500m,"{""1500m"": 755.0, ""800m"": 730.0, ""5000m"": 697.0}"
5_or_6,673|2024,Men,Distance,6,3,specialized,179.0,long_distance,specialized|long_distance,1500m,"{""5000m"": 831.0, ""800m"": 673.0, ""1500m"": 852.0}"
5_or_6,3687|2024,Men,Distance,6,2,specialized,69.0,unclassifiable,unclassifiable,800m,"{""800m"": 668.0, ""1500m"": 599.0}"
5_or_6,4385|2024,Men,Distance,6,2,balanced,3.0,unclassifiable,unclassifiable,800m,"{""800m"": 721.0, ""1500m"": 718.0}"
5_or_6,1216|2024,Men,Distance,6,3,specialized,340.0,mid_distance,specialized|mid_distance,800m,"{""800m"": 915.0, ""1500m"": 797.0, ""5000m"": 575.0}"
5_or_6,123|2024,Men,Distance,6,2,specialized,53.0,unclassifiable,unclassifiable,1500m,"{""800m"": 727.0, ""1500m"": 780.0}"
5_or_6,130|2024,Men,Distance,6,2,balanced,45.0,unclassifiable,unclassifiable,1500m,"{""800m"": 774.0, ""1500m"": 819.0}"
5_or_6,188|2024,Men,Distance,6,2,balanced,8.0,unclassifiable,unclassifiable,800m,"{""800m"": 544.0, ""1500m"": 536.0}"
5_or_6,3437|2024,Men,Distance,6,2,balanced,42.0,unclassifiable,unclassifiable,1500m,"{""5000m"": 598.0, ""1500m"": 640.0}"
5_or_6,364|2024,Men,Distance,6,3,specialized,118.0,long_distance,specialized|long_distance,1500m,"{""5000m"": 697.0, ""1500m"": 790.0, ""800m"": 672.0}"
5_or_6,2168|2024,Men,Distance,6,3,specialized,138.0,mid_distance,specialized|mid_distance,1500m,"{""1500m"": 735.0, ""800m"": 611.0, ""5000m"": 597.0}"
5_or_6,4433|2024,Men,Distance,6,3,specialized,101.0,long_distance,specialized|long_distance,1500m,"{""5000m"": 292.0, ""1500m"": 293.0, ""800m"": 192.0}"
5_or_6,694|2024,Men,Distance,6,2,specialized,101.0,unclassifiable,unclassifiable,1500m,"{""5000m"": 584.0, ""1500m"": 685.0}"
5_or_6,674|2024,Men,Distance,6,2,specialized,109.0,unclassifiable,unclassifiable,1500m,"{""5000m"": 620.0, ""1500m"": 729.0}"
5_or_6,691|2024,Men,Distance,6,3,specialized,58.0,mid_distance,specialized|mid_distance,5000m,"{""1500m"": 528.0, ""800m"": 536.0, ""5000m"": 586.0}"
5_or_6,370|2024,Men,Distance,6,2,specialized,66.0,unclassifiable,unclassifiable,800m,"{""800m"": 706.0, ""1500m"": 640.0}"
5_or_6,363|2024,Men,Distance,6,2,specialized,51.0,unclassifiable,unclassifiable,1500m,"{""800m"": 812.0, ""1500m"": 863.0}"
5_or_6,2006|2024,Men,Distance,6,3,specialized,60.0,long_distance,specialized|long_distance,5000m,"{""800m"": 594.0, ""1500m"": 645.0, ""5000m"": 654.0}"
5_or_6,161|2024,Men,Distance,6,3,balanced,37.0,mid_distance,balanced|mid_distance,5000m,"{""800m"": 501.0, ""1500m"": 478.0, ""5000m"": 515.0}"
5_or_6,3686|2024,Men,Distance,6,2,specialized,55.0,unclassifiable,unclassifiable,1500m,"{""800m"": 167.0, ""1500m"": 222.0}"
5_or_6,54|2024,Men,Distance,6,3,specialized,50.0,mid_distance,specialized|mid_distance,5000m,"{""800m"": 95.0, ""1500m"": 119.0, ""5000m"": 145.0}"
5_or_6,2261|2024,Men,Distance,6,2,balanced,36.0,unclassifiable,unclassifiable,1500m,"{""1500m"": 663.0, ""5000m"": 627.0}"
5_or_6,1663|2024,Men,Distance,6,2,balanced,30.0,unclassifiable,unclassifiable,1500m,"{""1500m"": 443.0, ""5000m"": 413.0}"
5_or_6,1656|2024,Men,Distance,6,2,specialized,148.0,unclassifiable,unclassifiable,5000m,"{""5000m"": 647.0, ""1500m"": 499.0}"
5_or_6,2945|2025,Men,Distance,6,2,balanced,37.0,unclassifiable,unclassifiable,1500m,"{""5000m"": 768.0, ""1500m"": 805.0}"
5_or_6,2950|2025,Men,Distance,6,3,specialized,139.0,mid_distance,specialized|mid_distance,1500m,"{""800m"": 687.0, ""1500m"": 721.0, ""5000m"": 582.0}"
5_or_6,6344|2025,Men,Distance,6,3,specialized,72.0,long_distance,specialized|long_distance,1500m,"{""800m"": 823.0, ""1500m"": 895.0, ""5000m"": 835.0}"
5_or_6,2492|2025,Men,Distance,6,2,specialized,50.0,unclassifiable,unclassifiable,800m,"{""800m"": 899.0, ""1500m"": 849.0}"
5_or_6,24568|2025,Men,Distance,6,2,balanced,39.0,unclassifiable,unclassifiable,800m,"{""800m"": 519.0, ""1500m"": 480.0}"
5_or_6,673|2025,Men,Distance,6,3,specialized,111.0,long_distance,specialized|long_distance,1500m,"{""800m"": 764.0, ""1500m"": 875.0, ""5000m"": 776.0}"
5_or_6,3011|2025,Men,Distance,6,2,balanced,8.0,unclassifiable,unclassifiable,800m,"{""800m"": 596.0, ""1500m"": 588.0}"
5_or_6,19006|2025,Men,Distance,6,2,balanced,31.0,unclassifiable,unclassifiable,800m,"{""800m"": 437.0, ""1500m"": 406.0}"
5_or_6,19013|2025,Men,Distance,6,2,specialized,75.0,unclassifiable,unclassifiable,800m,"{""800m"": 463.0, ""1500m"": 388.0}"
5_or_6,695|2025,Men,Distance,6,2,specialized,64.0,unclassifiable,unclassifiable,1500m,"{""1500m"": 588.0, ""5000m"": 524.0}"
5_or_6,1612|2025,Men,Distance,6,2,balanced,17.0,unclassifiable,unclassifiable,800m,"{""800m"": 252.0, ""1500m"": 235.0}"
5_or_6,23446|2025,Men,Distance,6,3,specialized,62.0,long_distance,specialized|long_distance,1500m,"{""1500m"": 583.0, ""5000m"": 579.0, ""800m"": 521.0}"
5_or_6,27000|2026,Men,Distance,6,2,balanced,47.0,unclassifiable,unclassifiable,1500m,"{""800m"": 758.0, ""1500m"": 805.0}"
5_or_6,24911|2026,Men,Distance,6,2,balanced,12.0,unclassifiable,unclassifiable,1500m,"{""800m"": 525.0, ""1500m"": 537.0}"
5_or_6,26922|2026,Men,Distance,6,3,specialized,322.0,mid_distance,specialized|mid_distance,800m,"{""800m"": 512.0, ""1500m"": 501.0, ""5000m"": 190.0}"
5_or_6,7950|2026,Men,Distance,6,3,specialized,112.0,long_distance,specialized|long_distance,1500m,"{""1500m"": 648.0, ""800m"": 536.0, ""5000m"": 575.0}"
5_or_6,20431|2026,Men,Distance,6,2,specialized,60.0,unclassifiable,unclassifiable,1500m,"{""1500m"": 682.0, ""800m"": 622.0}"
5_or_6,691|2026,Men,Distance,6,2,balanced,25.0,unclassifiable,unclassifiable,1500m,"{""1500m"": 529.0, ""5000m"": 504.0}"
5_or_6,27014|2026,Men,Distance,6,2,specialized,54.0,unclassifiable,unclassifiable,1500m,"{""1500m"": 571.0, ""800m"": 517.0}"
5_or_6,8108|2026,Men,Distance,6,2,balanced,46.0,unclassifiable,unclassifiable,800m,"{""800m"": 800.0, ""1500m"": 754.0}"
5_or_6,26967|2026,Men,Distance,6,3,specialized,122.0,long_distance,specialized|long_distance,1500m,"{""1500m"": 719.0, ""800m"": 597.0, ""5000m"": 702.0}"
5_or_6,742|2026,Men,Distance,6,3,specialized,66.0,long_distance,specialized|long_distance,1500m,"{""1500m"": 585.0, ""800m"": 519.0, ""5000m"": 547.0}"
5_or_6,27004|2026,Men,Distance,6,3,specialized,111.0,mid_distance,specialized|mid_distance,1500m,"{""1500m"": 673.0, ""800m"": 608.0, ""5000m"": 562.0}"
5_or_6,25030|2026,Men,Distance,6,3,specialized,157.0,long_distance,specialized|long_distance,1500m,"{""1500m"": 571.0, ""5000m"": 539.0, ""800m"": 414.0}"
5_or_6,1732|2024,Women,Distance,5,3,specialized,108.0,mid_distance,specialized|mid_distance,5000m,"{""5000m"": 667.0, ""800m"": 559.0, ""1500m"": 572.0}"
5_or_6,807|2024,Women,Distance,5,3,specialized,83.0,long_distance,specialized|long_distance,5000m,"{""800m"": 756.0, ""1500m"": 804.0, ""5000m"": 839.0}"
5_or_6,2534|2024,Women,Distance,5,2,balanced,6.0,unclassifiable,unclassifiable,800m,"{""1500m"": 141.0, ""800m"": 147.0}"
5_or_6,652|2024,Women,Distance,5,2,specialized,94.0,unclassifiable,unclassifiable,1500m,"{""800m"": 282.0, ""1500m"": 376.0}"
5_or_6,590|2024,Women,Distance,5,2,specialized,54.0,unclassifiable,unclassifiable,800m,"{""800m"": 596.0, ""1500m"": 542.0}"
5_or_6,445|2024,Women,Distance,5,3,specialized,110.0,mid_distance,specialized|mid_distance,5000m,"{""1500m"": 676.0, ""800m"": 625.0, ""5000m"": 735.0}"
5_or_6,5277|2024,Women,Distance,5,3,specialized,216.0,long_distance,specialized|long_distance,5000m,"{""800m"": 412.0, ""1500m"": 552.0, ""5000m"": 628.0}"
5_or_6,4236|2024,Women,Distance,5,2,balanced,9.0,unclassifiable,unclassifiable,1500m,"{""1500m"": 707.0, ""800m"": 698.0}"
5_or_6,246|2024,Women,Distance,5,2,specialized,96.0,unclassifiable,unclassifiable,800m,"{""800m"": 797.0, ""1500m"": 701.0}"
5_or_6,283|2024,Women,Distance,5,2,balanced,15.0,unclassifiable,unclassifiable,5000m,"{""1500m"": 679.0, ""5000m"": 694.0}"
5_or_6,5519|2024,Women,Distance,5,2,specialized,82.0,unclassifiable,unclassifiable,800m,"{""800m"": 596.0, ""1500m"": 514.0}"
5_or_6,3240|2025,Women,Distance,5,2,balanced,26.0,unclassifiable,unclassifiable,800m,"{""800m"": 749.0, ""1500m"": 723.0}"
5_or_6,18922|2025,Women,Distance,5,3,specialized,199.0,long_distance,specialized|long_distance,1500m,"{""800m"": 609.0, ""1500m"": 808.0, ""5000m"": 747.0}"
5_or_6,2534|2025,Women,Distance,5,2,specialized,50.0,unclassifiable,unclassifiable,1500m,"{""800m"": 55.0, ""1500m"": 105.0}"
5_or_6,577|2025,Women,Distance,5,2,balanced,49.0,unclassifiable,unclassifiable,1500m,"{""1500m"": 829.0, ""800m"": 780.0}"
5_or_6,11470|2025,Women,Distance,5,2,specialized,73.0,unclassifiable,unclassifiable,800m,"{""800m"": 559.0, ""1500m"": 486.0}"
5_or_6,27524|2026,Women,Distance,5,2,specialized,95.0,unclassifiable,unclassifiable,1500m,"{""1500m"": 758.0, ""800m"": 663.0}"
5_or_6,31203|2026,Women,Distance,5,2,balanced,32.0,unclassifiable,unclassifiable,800m,"{""1500m"": 460.0, ""800m"": 492.0}"
5_or_6,26947|2026,Women,Distance,5,2,specialized,66.0,unclassifiable,unclassifiable,1500m,"{""800m"": 838.0, ""1500m"": 904.0}"
5_or_6,1947|2026,Women,Distance,5,3,balanced,39.0,mid_distance,balanced|mid_distance,1500m,"{""1500m"": 630.0, ""800m"": 603.0, ""5000m"": 591.0}"
5_or_6,638|2026,Women,Distance,5,2,specialized,91.0,unclassifiable,unclassifiable,800m,"{""800m"": 423.0, ""1500m"": 332.0}"
5_or_6,18922|2026,Women,Distance,5,2,balanced,31.0,unclassifiable,unclassifiable,5000m,"{""1500m"": 842.0, ""5000m"": 873.0}"
5_or_6,18931|2026,Women,Distance,5,2,specialized,145.0,unclassifiable,unclassifiable,1500m,"{""1500m"": 567.0, ""800m"": 422.0}"
5_or_6,26937|2026,Women,Distance,5,3,balanced,27.0,mid_distance,balanced|mid_distance,5000m,"{""1500m"": 687.0, ""800m"": 683.0, ""5000m"": 710.0}"
5_or_6,26935|2026,Women,Distance,5,3,specialized,103.0,mid_distance,specialized|mid_distance,5000m,"{""5000m"": 715.0, ""1500m"": 612.0, ""800m"": 689.0}"
5_or_6,25098|2026,Women,Distance,5,2,balanced,12.0,unclassifiable,unclassifiable,1500m,"{""800m"": 770.0, ""1500m"": 782.0}"
5_or_6,358|2026,Women,Distance,5,3,specialized,70.0,mid_distance,specialized|mid_distance,5000m,"{""5000m"": 724.0, ""1500m"": 656.0, ""800m"": 654.0}"
5_or_6,29712|2026,Women,Distance,5,2,balanced,8.0,unclassifiable,unclassifiable,1500m,"{""800m"": 768.0, ""1500m"": 776.0}"
5_or_6,26944|2026,Women,Distance,5,2,balanced,41.0,unclassifiable,unclassifiable,1500m,"{""1500m"": 924.0, ""800m"": 883.0}"
5_or_6,1116|2026,Women,Distance,5,3,specialized,174.0,long_distance,specialized|long_distance,5000m,"{""800m"": 298.0, ""5000m"": 472.0, ""1500m"": 447.0}"
5_or_6,27627|2026,Women,Distance,5,3,specialized,139.0,long_distance,specialized|long_distance,1500m,"{""800m"": 346.0, ""1500m"": 485.0, ""5000m"": 430.0}"
5_or_6,577|2024,Women,Distance,6,2,specialized,104.0,unclassifiable,unclassifiable,1500m,"{""1500m"": 814.0, ""800m"": 710.0}"
5_or_6,616|2024,Women,Distance,6,3,specialized,144.0,mid_distance,specialized|mid_distance,5000m,"{""1500m"": 509.0, ""800m"": 438.0, ""5000m"": 582.0}"
5_or_6,5203|2024,Women,Distance,6,2,balanced,40.0,unclassifiable,unclassifiable,1500m,"{""1500m"": 464.0, ""800m"": 424.0}"
5_or_6,578|2024,Women,Distance,6,2,balanced,15.0,unclassifiable,unclassifiable,1500m,"{""5000m"": 639.0, ""1500m"": 654.0}"
5_or_6,3586|2024,Women,Distance,6,2,balanced,36.0,unclassifiable,unclassifiable,1500m,"{""800m"": 630.0, ""1500m"": 666.0}"
5_or_6,5345|2024,Women,Distance,6,2,specialized,105.0,unclassifiable,unclassifiable,1500m,"{""800m"": 103.0, ""1500m"": 208.0}"
5_or_6,19366|2025,Women,Distance,6,2,specialized,102.0,unclassifiable,unclassifiable,1500m,"{""800m"": 712.0, ""1500m"": 814.0}"
5_or_6,20764|2026,Women,Distance,6,2,specialized,50.0,unclassifiable,unclassifiable,1500m,"{""800m"": 799.0, ""1500m"": 849.0}"
5_or_6,26946|2026,Women,Distance,6,2,balanced,24.0,unclassifiable,unclassifiable,800m,"{""1500m"": 825.0, ""800m"": 849.0}"
5_or_6,26941|2026,Women,Distance,6,3,balanced,10.0,mid_distance,balanced|mid_distance,5000m,"{""800m"": 500.0, ""1500m"": 494.0, ""5000m"": 504.0}"
5_or_6,24604|2026,Women,Distance,6,3,specialized,74.0,long_distance,specialized|long_distance,1500m,"{""800m"": 462.0, ""1500m"": 536.0, ""5000m"": 482.0}"
