population,gender,event_group,joint_label,n
6,Men,Sprints,balanced|short_sprints,1
6,Men,Sprints,specialized|long_sprints,8
6,Men,Sprints,specialized|short_sprints,6
6,Women,Sprints,specialized|long_sprints,1
6,Women,Sprints,specialized|short_sprints,1
6,Men,Distance,balanced|mid_distance,1
6,Men,Distance,specialized|long_distance,13
6,Men,Distance,specialized|mid_distance,10
6,Women,Distance,balanced|mid_distance,1
6,Women,Distance,specialized|long_distance,1
6,Women,Distance,specialized|mid_distance,1
5_or_6,Men,Sprints,balanced|long_sprints,1
5_or_6,Men,Sprints,balanced|short_sprints,3
5_or_6,Men,Sprints,specialized|long_sprints,13
5_or_6,Men,Sprints,specialized|short_sprints,18
5_or_6,Women,Sprints,balanced|long_sprints,2
5_or_6,Women,Sprints,specialized|long_sprints,3
5_or_6,Women,Sprints,specialized|short_sprints,5
5_or_6,Men,Distance,balanced|long_distance,1
5_or_6,Men,Distance,balanced|mid_distance,1
5_or_6,Men,Distance,specialized|long_distance,33
5_or_6,Men,Distance,specialized|mid_distance,26
5_or_6,Women,Distance,balanced|mid_distance,3
5_or_6,Women,Distance,specialized|long_distance,6
5_or_6,Women,Distance,specialized|mid_distance,5
