population,gender,event_group,from_event,to_event,cohort,n,r,best_model,best_cv,pooled_fixed_on_cohort,pooled_cv,improvement_vs_pooled,formula,params_json
6,Men,Distance,800m,1500m,long_distance,13,0.9279,binned_ratio,4.2767,8.5624,6.159,4.2857,1500m = 800m × ratio_bin(800m),"{""edges"": [117.52000000000001, 119.86, 123.67, 123.7, 127.04, 127.2, 129.92, 130.61, 130.68, 130.77, 136.24, 141.57, 150.81], ""ratios"": [2.012933968686181, 1.9880694143167028, 1.9418614053529555, 1.9854486661277282, 1.9831549118387908, 2.0358490566037735, 1.9915332512315274, 2.0091876579128702, 2.029078665442302, 2.0265351380285996, 1.9555930710510863, 1.9788090697181606, 1.9889927723625753]}"
6,Men,Distance,800m,5000m,long_distance,13,0.8062,median_ratio,8.4875,5.8798,15.9633,-2.6077,5000m = 7.545 × 800m,"{""ratio"": 7.54452185896945}"
6,Men,Distance,1500m,800m,long_distance,13,0.9279,median_ratio,2.409,3.0613,2.6075,0.6523,800m = 0.503 × 1500m,"{""ratio"": 0.5027670356047473}"
6,Men,Distance,1500m,5000m,long_distance,13,0.8694,median_ratio,10.6823,11.9285,16.1933,1.2462,5000m = 3.755 × 1500m,"{""ratio"": 3.755011050986967}"
6,Men,Distance,5000m,800m,long_distance,13,0.8062,median_ratio,1.1264,2.0845,1.8785,0.9581,800m = 0.133 × 5000m,"{""ratio"": 0.1325465044297182}"
6,Men,Distance,5000m,1500m,long_distance,13,0.8694,median_ratio,2.8448,3.1726,4.3099,0.3278,1500m = 0.266 × 5000m,"{""ratio"": 0.2663108007996834}"
5_or_6,Men,Sprints,100m,200m,short_sprints,21,0.8965,binned_ratio,0.1418,0.2459,0.4064,0.104,200m = 100m × ratio_bin(100m),"{""edges"": [11.125, 11.25, 11.39, 11.594999999999999, 11.665, 11.785, 11.875, 12.26, 12.805, 13.565, 14.19], ""ratios"": [2.0319071404447446, 2.0315066869481044, 2.0193267659482625, 2.0189636859416353, 2.0141565800207246, 2.0699481585484394, 2.0323431507704175, 2.0454725772097975, 2.0673596810556, 2.0724955212581158, 2.0218463706835803]}"
5_or_6,Men,Sprints,100m,200m,long_sprints,14,0.8965,binned_ratio,0.5946,0.863,0.4064,0.2684,200m = 100m × ratio_bin(100m),"{""edges"": [11.05, 11.66, 11.67, 11.77, 11.87, 12.06, 12.25, 12.72, 12.73, 12.84, 12.85, 13.17, 13.31, 13.32], ""ratios"": [1.9864253393665157, 1.930531732418525, 2.0728363324764354, 1.9949022939677146, 1.9856781802864365, 1.9477611940298505, 1.9616326530612245, 1.9143081761006289, 2.0047132757266297, 2.19392523364486, 2.172762645914397, 2.085041761579347, 1.9226145755071373, 1.9962462462462462]}"
5_or_6,Men,Sprints,100m,400m,short_sprints,21,0.7379,robust_trimmed_linear,1.8525,,1.405,,400m = 6.010 × 100m − 15.344,"{""intercept"": -15.344067562550784, ""slope"": 6.009801917966326}"
5_or_6,Men,Sprints,100m,400m,long_sprints,14,0.7379,median_ratio,0.7174,,1.405,,400m = 4.503 × 100m,"{""ratio"": 4.5025546975546975}"
5_or_6,Men,Sprints,200m,100m,short_sprints,21,0.8965,ratio_linear,0.0659,0.107,0.1698,0.0412,100m = 200m × (0.537 − 0.001915×200m),"{""intercept"": 0.5374518696459442, ""slope"": -0.0019149551540339734}"
5_or_6,Men,Sprints,200m,100m,long_sprints,14,0.8965,quadratic,0.2635,0.4563,0.1698,0.1928,100m = -42.623 + 4.090×200m − 0.075109×200m²,"{""intercept"": -42.62324860784646, ""slope"": 4.08997330683659, ""quad"": -0.07510856580943953}"
5_or_6,Men,Sprints,200m,400m,short_sprints,21,0.7951,robust_trimmed_linear,1.1559,1.7269,1.0186,0.571,400m = 2.700 × 200m − 9.309,"{""intercept"": -9.309469897964853, ""slope"": 2.7000913149291277}"
5_or_6,Men,Sprints,200m,400m,long_sprints,14,0.7951,robust_trimmed_linear,1.1021,0.6722,1.0186,-0.4299,400m = 2.262 × 200m − 0.352,"{""intercept"": -0.351678935560102, ""slope"": 2.2624409234527256}"
5_or_6,Men,Sprints,400m,100m,short_sprints,21,0.7379,robust_trimmed_linear,0.2608,0.2738,0.2846,0.013,100m = 4.430 + 0.133 × 400m,"{""intercept"": 4.43011747929629, ""slope"": 0.13342326074580413}"
5_or_6,Men,Sprints,400m,100m,long_sprints,14,0.7379,median_ratio,0.1593,0.3391,0.2846,0.1798,100m = 0.222 × 400m,"{""ratio"": 0.2220961369009378}"
5_or_6,Men,Sprints,400m,200m,short_sprints,21,0.7951,median_ratio,0.5947,0.4666,0.4322,-0.1281,200m = 0.433 × 400m,"{""ratio"": 0.43280067283431456}"
5_or_6,Men,Sprints,400m,200m,long_sprints,14,0.7951,robust_trimmed_linear,0.4524,0.3395,0.4322,-0.1129,200m = 1.653 + 0.414 × 400m,"{""intercept"": 1.6533261772208583, ""slope"": 0.4141325757607922}"
5_or_6,Men,Distance,800m,1500m,mid_distance,27,0.8993,median_ratio,3.8299,2.9724,5.8852,-0.8575,1500m = 2.045 × 800m,"{""ratio"": 2.0451146983857265}"
5_or_6,Men,Distance,800m,1500m,long_distance,34,0.8993,binned_ratio,3.6734,5.9726,5.8852,2.2992,1500m = 800m × ratio_bin(800m),"{""edges"": [121.60499999999999, 127.12, 128.605, 130.72500000000002, 134.77, 136.73000000000002, 143.655, 158.03, 165.69], ""ratios"": [1.9788745936601755, 1.9843017889832595, 1.9945161371437043, 2.017861397970735, 2.0084078137695527, 1.9677027107115137, 1.9302132795900941, 1.9622984096370901, 1.8608032640978094]}"
5_or_6,Men,Distance,800m,5000m,mid_distance,27,0.7997,median_ratio,27.6525,,20.3971,,5000m = 7.900 × 800m,"{""ratio"": 7.89978021978022}"
5_or_6,Men,Distance,800m,5000m,long_distance,34,0.7997,chain_residual_adjusted,13.8603,,20.3971,,chain via 1500m + residual k=0.0000,"{""from_to_mid"": {""intercept"": 43.18452616294735, ""slope"": 1.6602663596307072}, ""mid_to_to"": {""intercept"": 49.7075677287753, ""slope"": 3.576401779922789}, ""residual_k"": 2.5925470394194175e-13, ""mid_event"": ""1500m""}"
5_or_6,Men,Distance,1500m,800m,mid_distance,27,0.8993,robust_trimmed_linear,1.8407,1.6334,2.8034,-0.2073,800m = 4.923 + 0.469 × 1500m,"{""intercept"": 4.923392156692373, ""slope"": 0.4694900268372289}"
5_or_6,Men,Distance,1500m,800m,long_distance,34,0.8993,robust_trimmed_linear,2.2503,4.2856,2.8034,2.0353,800m = 5.775 + 0.482 × 1500m,"{""intercept"": 5.775107698940687, ""slope"": 0.4818146805225076}"
5_or_6,Men,Distance,1500m,5000m,mid_distance,27,0.8817,log_linear,26.1266,21.3015,17.6882,-4.8251,5000m = exp(1.636 + 0.951×log(1500m)),"{""intercept"": 1.6355354495375574, ""slope"": 0.9510944423533252}"
5_or_6,Men,Distance,1500m,5000m,long_distance,34,0.8817,median_ratio,12.6991,11.8527,17.6882,-0.8464,5000m = 3.757 × 1500m,"{""ratio"": 3.7566044274217125}"
5_or_6,Men,Distance,5000m,800m,mid_distance,27,0.7997,robust_trimmed_linear,3.1703,4.8478,3.8721,1.6775,800m = 31.884 + 0.094 × 5000m,"{""intercept"": 31.88440030051322, ""slope"": 0.09422269295925974}"
5_or_6,Men,Distance,5000m,800m,long_distance,34,0.7997,median_ratio,3.1491,2.6983,3.8721,-0.4508,800m = 0.133 × 5000m,"{""ratio"": 0.13334413189693337}"
5_or_6,Men,Distance,5000m,1500m,mid_distance,27,0.8817,linear_ols,4.9271,9.4335,4.9289,4.5065,1500m = 55.102 + 0.202 × 5000m,"{""intercept"": 55.10151100222643, ""slope"": 0.20195792249426814}"
5_or_6,Men,Distance,5000m,1500m,long_distance,34,0.8817,binned_ratio,3.1627,3.3235,4.9289,0.1609,1500m = 5000m × ratio_bin(5000m),"{""edges"": [902.21, 938.4549999999999, 965.38, 983.925, 997.675, 1042.34, 1074.0700000000002, 1127.97, 1213.5749999999998], ""ratios"": [0.26710951858576737, 0.2651857736975436, 0.2670615280055321, 0.265565964747712, 0.2663388024158892, 0.2624900978088256, 0.2682434913404369, 0.26810652928134227, 0.2633956385646835]}"
