population,gender,event_group,from_event,to_event,cohort,n,r,linear_cv,best_model,best_cv,pooled_cv
6,Men,Sprints,100m,200m,all,33,0.8892,0.3928,robust_trimmed_linear,0.3625,0.3625
6,Men,Sprints,100m,200m,classifiable_3event,15,0.8892,0.58,binned_ratio,0.4374,0.3625
6,Men,Sprints,200m,100m,all,33,0.8892,0.1342,ratio_linear,0.1297,0.1297
6,Men,Sprints,200m,100m,classifiable_3event,15,0.8892,0.3229,robust_trimmed_linear,0.212,0.1297
6,Men,Sprints,200m,400m,all,22,0.5824,1.755,robust_trimmed_linear,1.2605,1.2605
6,Men,Sprints,200m,400m,classifiable_3event,15,0.5824,2.3907,robust_trimmed_linear,1.1854,1.2605
6,Men,Sprints,400m,200m,all,22,0.5824,0.4902,ratio_linear,0.4504,0.4504
6,Men,Sprints,400m,200m,classifiable_3event,15,0.5824,0.8296,ratio_linear,0.533,0.4504
6,Men,Distance,800m,1500m,all,48,0.9279,6.194,log_linear,6.159,6.159
6,Men,Distance,800m,1500m,classifiable_3event,24,0.9279,5.8856,binned_ratio,4.0741,6.159
6,Men,Distance,800m,1500m,long_distance,13,0.9279,5.1624,binned_ratio,4.2767,6.159
6,Men,Distance,800m,5000m,all,24,0.8062,23.5403,median_ratio,15.9633,15.9633
6,Men,Distance,800m,5000m,classifiable_3event,24,0.8062,23.5403,median_ratio,15.9633,15.9633
6,Men,Distance,800m,5000m,long_distance,13,0.8062,12.6565,median_ratio,8.4875,15.9633
6,Men,Distance,1500m,800m,all,48,0.9279,3.0109,robust_trimmed_linear,2.6075,2.6075
6,Men,Distance,1500m,800m,classifiable_3event,24,0.9279,2.391,median_ratio,2.286,2.6075
6,Men,Distance,1500m,800m,long_distance,13,0.9279,2.5909,median_ratio,2.409,2.6075
6,Men,Distance,1500m,5000m,all,34,0.8694,18.5383,median_ratio,16.1933,16.1933
6,Men,Distance,1500m,5000m,classifiable_3event,24,0.8694,19.8644,quadratic,19.712,16.1933
6,Men,Distance,1500m,5000m,long_distance,13,0.8694,12.9228,median_ratio,10.6823,16.1933
6,Men,Distance,5000m,800m,all,24,0.8062,2.4124,quadratic,1.8785,1.8785
6,Men,Distance,5000m,800m,classifiable_3event,24,0.8062,2.4124,quadratic,1.8785,1.8785
6,Men,Distance,5000m,800m,long_distance,13,0.8062,2.427,median_ratio,1.1264,1.8785
6,Men,Distance,5000m,1500m,all,34,0.8694,4.3887,median_ratio,4.3099,4.3099
6,Men,Distance,5000m,1500m,classifiable_3event,24,0.8694,5.1249,quadratic,4.8793,4.3099
6,Men,Distance,5000m,1500m,long_distance,13,0.8694,3.2582,median_ratio,2.8448,4.3099
5_or_6,Men,Sprints,100m,200m,all,74,0.8965,0.4183,robust_trimmed_linear,0.4064,0.4064
5_or_6,Men,Sprints,100m,200m,classifiable_3event,35,0.8965,0.3345,linear_ols,0.3345,0.4064
5_or_6,Men,Sprints,100m,200m,short_sprints,21,0.8965,0.1992,binned_ratio,0.1418,0.4064
5_or_6,Men,Sprints,100m,200m,long_sprints,14,0.8965,1.0237,binned_ratio,0.5946,0.4064
5_or_6,Men,Sprints,100m,400m,all,36,0.7379,1.985,median_ratio,1.5399,1.405
5_or_6,Men,Sprints,100m,400m,classifiable_3event,35,0.7379,2.0734,robust_trimmed_linear,1.8052,1.405
5_or_6,Men,Sprints,100m,400m,short_sprints,21,0.7379,2.2669,robust_trimmed_linear,1.8525,1.405
5_or_6,Men,Sprints,100m,400m,long_sprints,14,0.7379,1.3652,median_ratio,0.7174,1.405
5_or_6,Men,Sprints,200m,100m,all,74,0.8965,0.1732,quadratic,0.1698,0.1698
5_or_6,Men,Sprints,200m,100m,classifiable_3event,35,0.8965,0.1884,binned_ratio,0.1479,0.1698
5_or_6,Men,Sprints,200m,100m,short_sprints,21,0.8965,0.0708,ratio_linear,0.0659,0.1698
5_or_6,Men,Sprints,200m,100m,long_sprints,14,0.8965,0.3685,quadratic,0.2635,0.1698
5_or_6,Men,Sprints,200m,400m,all,56,0.7951,1.3501,median_ratio,1.0186,1.0186
5_or_6,Men,Sprints,200m,400m,classifiable_3event,35,0.7951,1.3592,median_ratio,1.0261,1.0186
5_or_6,Men,Sprints,200m,400m,short_sprints,21,0.7951,1.9574,robust_trimmed_linear,1.1559,1.0186
5_or_6,Men,Sprints,200m,400m,long_sprints,14,0.7951,1.1747,robust_trimmed_linear,1.1021,1.0186
5_or_6,Men,Sprints,400m,100m,all,36,0.7379,0.356,quadratic,0.2846,0.2846
5_or_6,Men,Sprints,400m,100m,classifiable_3event,35,0.7379,0.3766,quadratic,0.2969,0.2846
5_or_6,Men,Sprints,400m,100m,short_sprints,21,0.7379,0.3145,robust_trimmed_linear,0.2608,0.2846
5_or_6,Men,Sprints,400m,100m,long_sprints,14,0.7379,0.2652,median_ratio,0.1593,0.2846
5_or_6,Men,Sprints,400m,200m,all,56,0.7951,0.5431,robust_trimmed_linear,0.4322,0.4322
5_or_6,Men,Sprints,400m,200m,classifiable_3event,35,0.7951,0.5295,binned_ratio,0.3043,0.4322
5_or_6,Men,Sprints,400m,200m,short_sprints,21,0.7951,0.7231,median_ratio,0.5947,0.4322
5_or_6,Men,Sprints,400m,200m,long_sprints,14,0.7951,0.5223,robust_trimmed_linear,0.4524,0.4322
5_or_6,Women,Sprints,100m,200m,all,37,0.9289,0.4082,linear_ols,0.4082,0.4082
5_or_6,Women,Sprints,200m,100m,all,37,0.9289,0.1797,ratio_linear,0.1533,0.1533
5_or_6,Men,Distance,800m,1500m,all,113,0.8993,6.3037,binned_ratio,5.8852,5.8852
5_or_6,Men,Distance,800m,1500m,classifiable_3event,61,0.8993,5.3319,median_ratio,4.3056,5.8852
5_or_6,Men,Distance,800m,1500m,mid_distance,27,0.8993,4.5327,median_ratio,3.8299,5.8852
5_or_6,Men,Distance,800m,1500m,long_distance,34,0.8993,5.0944,binned_ratio,3.6734,5.8852
5_or_6,Men,Distance,800m,5000m,all,62,0.7997,31.6346,robust_trimmed_linear,28.9123,20.3971
5_or_6,Men,Distance,800m,5000m,classifiable_3event,61,0.7997,31.255,median_ratio,24.4851,20.3971
5_or_6,Men,Distance,800m,5000m,mid_distance,27,0.7997,35.7611,median_ratio,27.6525,20.3971
5_or_6,Men,Distance,800m,5000m,long_distance,34,0.7997,17.6885,ratio_linear,17.3898,20.3971
5_or_6,Men,Distance,1500m,800m,all,113,0.8993,2.9652,binned_ratio,2.8034,2.8034
5_or_6,Men,Distance,1500m,800m,classifiable_3event,61,0.8993,2.2015,log_linear,2.1189,2.8034
5_or_6,Men,Distance,1500m,800m,mid_distance,27,0.8993,2.0782,robust_trimmed_linear,1.8407,2.8034
5_or_6,Men,Distance,1500m,800m,long_distance,34,0.8993,2.519,robust_trimmed_linear,2.2503,2.8034
5_or_6,Men,Distance,1500m,5000m,all,87,0.8817,18.3302,ratio_linear,17.6882,17.6882
5_or_6,Men,Distance,1500m,5000m,classifiable_3event,61,0.8817,20.3971,robust_trimmed_linear,17.6167,17.6882
5_or_6,Men,Distance,1500m,5000m,mid_distance,27,0.8817,26.4223,log_linear,26.1266,17.6882
5_or_6,Men,Distance,1500m,5000m,long_distance,34,0.8817,13.8603,median_ratio,12.6991,17.6882
5_or_6,Men,Distance,5000m,800m,all,62,0.7997,4.0861,median_ratio,3.8721,3.8721
5_or_6,Men,Distance,5000m,800m,classifiable_3event,61,0.7997,4.3146,median_ratio,3.2042,3.8721
5_or_6,Men,Distance,5000m,800m,mid_distance,27,0.7997,3.5071,robust_trimmed_linear,3.1703,3.8721
5_or_6,Men,Distance,5000m,800m,long_distance,34,0.7997,3.6781,median_ratio,3.1491,3.8721
5_or_6,Men,Distance,5000m,1500m,all,87,0.8817,5.7007,median_ratio,4.9289,4.9289
5_or_6,Men,Distance,5000m,1500m,classifiable_3event,61,0.8817,6.2356,median_ratio,5.5223,4.9289
5_or_6,Men,Distance,5000m,1500m,mid_distance,27,0.8817,4.9271,linear_ols,4.9271,4.9289
5_or_6,Men,Distance,5000m,1500m,long_distance,34,0.8817,3.5804,binned_ratio,3.1627,4.9289
5_or_6,Women,Distance,800m,1500m,all,39,0.9459,9.6308,median_ratio,7.6853,7.6853
5_or_6,Women,Distance,800m,1500m,classifiable_3event,14,0.9459,4.7507,robust_trimmed_linear,3.8237,7.6853
5_or_6,Women,Distance,1500m,800m,all,39,0.9459,4.0794,median_ratio,3.7716,3.7716
5_or_6,Women,Distance,1500m,800m,classifiable_3event,14,0.9459,3.9459,quadratic,2.5248,3.7716
