athlete_season_key,gender,event_group,race_count,events_competed,wa_spread,best_event,specialization,wa_by_event
4485|2024,Men,Sprints,6,3,181.0,200m,specialized,"{""200m"": 630.0, ""400m"": 590.0, ""100m"": 449.0}"
2620|2024,Men,Sprints,6,3,195.0,100m,specialized,"{""400m"": 227.0, ""100m"": 422.0, ""200m"": 291.0}"
5257|2024,Men,Sprints,6,2,85.0,100m,specialized,"{""100m"": 869.0, ""200m"": 784.0}"
5259|2024,Men,Sprints,6,3,695.0,200m,specialized,"{""100m"": 775.0, ""200m"": 776.0, ""400m"": 81.0}"
5270|2024,Men,Sprints,6,2,45.0,100m,balanced,"{""100m"": 610.0, ""200m"": 565.0}"
3721|2024,Men,Sprints,6,2,126.0,100m,specialized,"{""100m"": 584.0, ""200m"": 458.0}"
3699|2024,Men,Sprints,6,3,152.0,100m,specialized,"{""200m"": 272.0, ""100m"": 424.0, ""400m"": 422.0}"
4149|2024,Men,Sprints,6,2,11.0,100m,balanced,"{""100m"": 653.0, ""200m"": 642.0}"
3709|2024,Men,Sprints,6,3,148.0,100m,specialized,"{""100m"": 398.0, ""200m"": 332.0, ""400m"": 250.0}"
5284|2024,Men,Sprints,6,2,33.0,100m,balanced,"{""100m"": 474.0, ""200m"": 441.0}"
4451|2024,Men,Sprints,6,3,54.0,200m,specialized,"{""400m"": 672.0, ""200m"": 726.0, ""100m"": 712.0}"
4358|2024,Men,Sprints,6,2,116.0,400m,specialized,"{""400m"": 732.0, ""200m"": 616.0}"
3576|2024,Men,Sprints,6,3,156.0,200m,specialized,"{""200m"": 733.0, ""100m"": 707.0, ""400m"": 577.0}"
4424|2024,Men,Sprints,6,2,26.0,200m,balanced,"{""100m"": 584.0, ""200m"": 610.0}"
4415|2024,Men,Sprints,6,2,48.0,200m,balanced,"{""100m"": 516.0, ""200m"": 564.0}"
3781|2024,Men,Sprints,6,3,80.0,100m,specialized,"{""100m"": 697.0, ""200m"": 648.0, ""400m"": 617.0}"
4623|2024,Men,Sprints,6,3,69.0,400m,specialized,"{""200m"": 931.0, ""100m"": 869.0, ""400m"": 938.0}"
3896|2024,Men,Sprints,6,2,46.0,100m,balanced,"{""100m"": 857.0, ""200m"": 811.0}"
3902|2024,Men,Sprints,6,2,4.0,200m,balanced,"{""200m"": 701.0, ""400m"": 697.0}"
3907|2024,Men,Sprints,6,2,17.0,200m,balanced,"{""200m"": 708.0, ""400m"": 691.0}"
4077|2024,Men,Sprints,6,2,164.0,200m,specialized,"{""200m"": 588.0, ""400m"": 424.0}"
3622|2024,Men,Sprints,6,2,63.0,200m,specialized,"{""100m"": 834.0, ""200m"": 897.0}"
24889|2025,Men,Sprints,6,2,5.0,200m,balanced,"{""100m"": 551.0, ""200m"": 556.0}"
4387|2025,Men,Sprints,6,2,16.0,200m,balanced,"{""200m"": 579.0, ""400m"": 563.0}"
24608|2025,Men,Sprints,6,3,164.0,200m,specialized,"{""200m"": 497.0, ""400m"": 375.0, ""100m"": 333.0}"
3708|2025,Men,Sprints,6,3,48.0,400m,balanced,"{""400m"": 707.0, ""100m"": 676.0, ""200m"": 659.0}"
5218|2025,Men,Sprints,6,3,109.0,200m,specialized,"{""200m"": 878.0, ""400m"": 769.0, ""100m"": 769.0}"
25024|2025,Men,Sprints,6,3,146.0,400m,specialized,"{""200m"": 731.0, ""400m"": 744.0, ""100m"": 598.0}"
26172|2025,Men,Sprints,6,2,43.0,100m,balanced,"{""100m"": 410.0, ""200m"": 367.0}"
24391|2025,Men,Sprints,6,2,22.0,100m,balanced,"{""100m"": 907.0, ""200m"": 885.0}"
3578|2025,Men,Sprints,6,3,101.0,400m,specialized,"{""400m"": 941.0, ""100m"": 840.0, ""200m"": 845.0}"
25521|2025,Men,Sprints,6,3,90.0,100m,specialized,"{""100m"": 635.0, ""200m"": 611.0, ""400m"": 545.0}"
24891|2026,Men,Sprints,6,2,10.0,100m,balanced,"{""100m"": 603.0, ""200m"": 593.0}"
31094|2026,Men,Sprints,6,2,9.0,200m,balanced,"{""100m"": 560.0, ""200m"": 569.0}"
31028|2026,Men,Sprints,6,2,14.0,400m,balanced,"{""400m"": 749.0, ""200m"": 735.0}"
29660|2026,Men,Sprints,6,2,11.0,200m,balanced,"{""100m"": 860.0, ""200m"": 871.0}"
24415|2026,Men,Sprints,6,2,26.0,100m,balanced,"{""200m"": 875.0, ""100m"": 901.0}"
30041|2026,Men,Sprints,6,3,114.0,200m,specialized,"{""200m"": 667.0, ""400m"": 579.0, ""100m"": 553.0}"
29817|2026,Men,Sprints,6,2,86.0,100m,specialized,"{""100m"": 959.0, ""200m"": 873.0}"
3530|2024,Women,Sprints,6,2,43.0,100m,balanced,"{""100m"": 420.0, ""200m"": 377.0}"
582|2024,Women,Sprints,6,3,75.0,100m,specialized,"{""200m"": 415.0, ""100m"": 490.0, ""400m"": 467.0}"
4267|2024,Women,Sprints,6,2,59.0,100m,specialized,"{""100m"": 773.0, ""200m"": 714.0}"
3658|2024,Women,Sprints,6,2,19.0,100m,balanced,"{""100m"": 899.0, ""200m"": 880.0}"
3655|2024,Women,Sprints,6,2,67.0,100m,specialized,"{""100m"": 630.0, ""200m"": 563.0}"
4105|2024,Women,Sprints,6,3,166.0,400m,specialized,"{""100m"": 595.0, ""400m"": 761.0, ""200m"": 678.0}"
3934|2024,Women,Sprints,6,2,56.0,100m,specialized,"{""100m"": 639.0, ""200m"": 583.0}"
3940|2024,Women,Sprints,6,2,107.0,100m,specialized,"{""200m"": 373.0, ""100m"": 480.0}"
3581|2025,Women,Sprints,6,2,9.0,100m,balanced,"{""200m"": 792.0, ""100m"": 801.0}"
29999|2026,Women,Sprints,6,3,185.0,100m,specialized,"{""200m"": 547.0, ""400m"": 423.0, ""100m"": 608.0}"
31184|2026,Women,Sprints,6,2,7.0,100m,balanced,"{""200m"": 757.0, ""100m"": 764.0}"
25506|2026,Women,Sprints,6,2,8.0,200m,balanced,"{""100m"": 931.0, ""200m"": 939.0}"
2306|2024,Men,Distance,6,2,168.0,800m,specialized,"{""800m"": 878.0, ""1500m"": 710.0}"
5161|2024,Men,Distance,6,2,153.0,800m,specialized,"{""800m"": 865.0, ""1500m"": 712.0}"
3012|2024,Men,Distance,6,2,91.0,800m,specialized,"{""800m"": 471.0, ""1500m"": 380.0}"
1609|2024,Men,Distance,6,2,99.0,800m,specialized,"{""1500m"": 211.0, ""800m"": 310.0}"
710|2024,Men,Distance,6,3,94.0,1500m,specialized,"{""5000m"": 473.0, ""800m"": 518.0, ""1500m"": 567.0}"
702|2024,Men,Distance,6,3,88.0,1500m,specialized,"{""1500m"": 610.0, ""800m"": 522.0, ""5000m"": 574.0}"
751|2024,Men,Distance,6,2,17.0,1500m,balanced,"{""1500m"": 486.0, ""800m"": 469.0}"
742|2024,Men,Distance,6,3,90.0,1500m,specialized,"{""1500m"": 481.0, ""800m"": 399.0, ""5000m"": 391.0}"
711|2024,Men,Distance,6,2,17.0,5000m,balanced,"{""5000m"": 542.0, ""1500m"": 525.0}"
734|2024,Men,Distance,6,3,123.0,1500m,specialized,"{""1500m"": 446.0, ""5000m"": 381.0, ""800m"": 323.0}"
669|2024,Men,Distance,6,3,58.0,1500m,specialized,"{""1500m"": 755.0, ""800m"": 730.0, ""5000m"": 697.0}"
673|2024,Men,Distance,6,3,179.0,1500m,specialized,"{""5000m"": 831.0, ""800m"": 673.0, ""1500m"": 852.0}"
3687|2024,Men,Distance,6,2,69.0,800m,specialized,"{""800m"": 668.0, ""1500m"": 599.0}"
4385|2024,Men,Distance,6,2,3.0,800m,balanced,"{""800m"": 721.0, ""1500m"": 718.0}"
1216|2024,Men,Distance,6,3,340.0,800m,specialized,"{""800m"": 915.0, ""1500m"": 797.0, ""5000m"": 575.0}"
123|2024,Men,Distance,6,2,53.0,1500m,specialized,"{""800m"": 727.0, ""1500m"": 780.0}"
130|2024,Men,Distance,6,2,45.0,1500m,balanced,"{""800m"": 774.0, ""1500m"": 819.0}"
188|2024,Men,Distance,6,2,8.0,800m,balanced,"{""800m"": 544.0, ""1500m"": 536.0}"
3437|2024,Men,Distance,6,2,42.0,1500m,balanced,"{""5000m"": 598.0, ""1500m"": 640.0}"
364|2024,Men,Distance,6,3,118.0,1500m,specialized,"{""5000m"": 697.0, ""1500m"": 790.0, ""800m"": 672.0}"
2168|2024,Men,Distance,6,3,138.0,1500m,specialized,"{""1500m"": 735.0, ""800m"": 611.0, ""5000m"": 597.0}"
4433|2024,Men,Distance,6,3,101.0,1500m,specialized,"{""5000m"": 292.0, ""1500m"": 293.0, ""800m"": 192.0}"
694|2024,Men,Distance,6,2,101.0,1500m,specialized,"{""5000m"": 584.0, ""1500m"": 685.0}"
674|2024,Men,Distance,6,2,109.0,1500m,specialized,"{""5000m"": 620.0, ""1500m"": 729.0}"
691|2024,Men,Distance,6,3,58.0,5000m,specialized,"{""1500m"": 528.0, ""800m"": 536.0, ""5000m"": 586.0}"
370|2024,Men,Distance,6,2,66.0,800m,specialized,"{""800m"": 706.0, ""1500m"": 640.0}"
363|2024,Men,Distance,6,2,51.0,1500m,specialized,"{""800m"": 812.0, ""1500m"": 863.0}"
2006|2024,Men,Distance,6,3,60.0,5000m,specialized,"{""800m"": 594.0, ""1500m"": 645.0, ""5000m"": 654.0}"
161|2024,Men,Distance,6,3,37.0,5000m,balanced,"{""800m"": 501.0, ""1500m"": 478.0, ""5000m"": 515.0}"
3686|2024,Men,Distance,6,2,55.0,1500m,specialized,"{""800m"": 167.0, ""1500m"": 222.0}"
54|2024,Men,Distance,6,3,50.0,5000m,specialized,"{""800m"": 95.0, ""1500m"": 119.0, ""5000m"": 145.0}"
2261|2024,Men,Distance,6,2,36.0,1500m,balanced,"{""1500m"": 663.0, ""5000m"": 627.0}"
1663|2024,Men,Distance,6,2,30.0,1500m,balanced,"{""1500m"": 443.0, ""5000m"": 413.0}"
1656|2024,Men,Distance,6,2,148.0,5000m,specialized,"{""5000m"": 647.0, ""1500m"": 499.0}"
2945|2025,Men,Distance,6,2,37.0,1500m,balanced,"{""5000m"": 768.0, ""1500m"": 805.0}"
2950|2025,Men,Distance,6,3,139.0,1500m,specialized,"{""800m"": 687.0, ""1500m"": 721.0, ""5000m"": 582.0}"
6344|2025,Men,Distance,6,3,72.0,1500m,specialized,"{""800m"": 823.0, ""1500m"": 895.0, ""5000m"": 835.0}"
2492|2025,Men,Distance,6,2,50.0,800m,specialized,"{""800m"": 899.0, ""1500m"": 849.0}"
24568|2025,Men,Distance,6,2,39.0,800m,balanced,"{""800m"": 519.0, ""1500m"": 480.0}"
673|2025,Men,Distance,6,3,111.0,1500m,specialized,"{""800m"": 764.0, ""1500m"": 875.0, ""5000m"": 776.0}"
3011|2025,Men,Distance,6,2,8.0,800m,balanced,"{""800m"": 596.0, ""1500m"": 588.0}"
19006|2025,Men,Distance,6,2,31.0,800m,balanced,"{""800m"": 437.0, ""1500m"": 406.0}"
19013|2025,Men,Distance,6,2,75.0,800m,specialized,"{""800m"": 463.0, ""1500m"": 388.0}"
695|2025,Men,Distance,6,2,64.0,1500m,specialized,"{""1500m"": 588.0, ""5000m"": 524.0}"
1612|2025,Men,Distance,6,2,17.0,800m,balanced,"{""800m"": 252.0, ""1500m"": 235.0}"
23446|2025,Men,Distance,6,3,62.0,1500m,specialized,"{""1500m"": 583.0, ""5000m"": 579.0, ""800m"": 521.0}"
27000|2026,Men,Distance,6,2,47.0,1500m,balanced,"{""800m"": 758.0, ""1500m"": 805.0}"
24911|2026,Men,Distance,6,2,12.0,1500m,balanced,"{""800m"": 525.0, ""1500m"": 537.0}"
26922|2026,Men,Distance,6,3,322.0,800m,specialized,"{""800m"": 512.0, ""1500m"": 501.0, ""5000m"": 190.0}"
7950|2026,Men,Distance,6,3,112.0,1500m,specialized,"{""1500m"": 648.0, ""800m"": 536.0, ""5000m"": 575.0}"
20431|2026,Men,Distance,6,2,60.0,1500m,specialized,"{""1500m"": 682.0, ""800m"": 622.0}"
691|2026,Men,Distance,6,2,25.0,1500m,balanced,"{""1500m"": 529.0, ""5000m"": 504.0}"
27014|2026,Men,Distance,6,2,54.0,1500m,specialized,"{""1500m"": 571.0, ""800m"": 517.0}"
8108|2026,Men,Distance,6,2,46.0,800m,balanced,"{""800m"": 800.0, ""1500m"": 754.0}"
26967|2026,Men,Distance,6,3,122.0,1500m,specialized,"{""1500m"": 719.0, ""800m"": 597.0, ""5000m"": 702.0}"
742|2026,Men,Distance,6,3,66.0,1500m,specialized,"{""1500m"": 585.0, ""800m"": 519.0, ""5000m"": 547.0}"
27004|2026,Men,Distance,6,3,111.0,1500m,specialized,"{""1500m"": 673.0, ""800m"": 608.0, ""5000m"": 562.0}"
25030|2026,Men,Distance,6,3,157.0,1500m,specialized,"{""1500m"": 571.0, ""5000m"": 539.0, ""800m"": 414.0}"
577|2024,Women,Distance,6,2,104.0,1500m,specialized,"{""1500m"": 814.0, ""800m"": 710.0}"
616|2024,Women,Distance,6,3,144.0,5000m,specialized,"{""1500m"": 509.0, ""800m"": 438.0, ""5000m"": 582.0}"
5203|2024,Women,Distance,6,2,40.0,1500m,balanced,"{""1500m"": 464.0, ""800m"": 424.0}"
578|2024,Women,Distance,6,2,15.0,1500m,balanced,"{""5000m"": 639.0, ""1500m"": 654.0}"
3586|2024,Women,Distance,6,2,36.0,1500m,balanced,"{""800m"": 630.0, ""1500m"": 666.0}"
5345|2024,Women,Distance,6,2,105.0,1500m,specialized,"{""800m"": 103.0, ""1500m"": 208.0}"
19366|2025,Women,Distance,6,2,102.0,1500m,specialized,"{""800m"": 712.0, ""1500m"": 814.0}"
20764|2026,Women,Distance,6,2,50.0,1500m,specialized,"{""800m"": 799.0, ""1500m"": 849.0}"
26946|2026,Women,Distance,6,2,24.0,800m,balanced,"{""1500m"": 825.0, ""800m"": 849.0}"
26941|2026,Women,Distance,6,3,10.0,5000m,balanced,"{""800m"": 500.0, ""1500m"": 494.0, ""5000m"": 504.0}"
24604|2026,Women,Distance,6,3,74.0,1500m,specialized,"{""800m"": 462.0, ""1500m"": 536.0, ""5000m"": 482.0}"
