gender,event_group,from_event,to_event,cohort,n,r,best_model,best_cv,group6_cv_on_cohort,group6_fixed_cv_on_cohort,group6_cv_pooled,improvement_vs_group6_on_cohort,formula,params_json
Men,Sprints,100m,200m,specialized,19,0.8892,median_ratio,0.6135,0.8666,0.6415,0.3625,0.028,200m = 2.027 × 100m,"{""ratio"": 2.026701119724376}"
Men,Sprints,100m,200m,balanced,14,0.8892,binned_ratio,0.1102,0.2779,0.1896,0.3625,0.0794,200m = 100m × ratio_bin(100m),"{""edges"": [10.92, 10.94, 11.08, 11.09, 11.75, 11.84, 12.01, 12.04, 12.12, 12.22, 12.26, 12.41, 12.6, 12.91], ""ratios"": [2.041208791208791, 2.043875685557587, 2.020758122743682, 2.0604147880973853, 2.051063829787234, 2.0472972972972974, 2.0766028309741884, 2.0498338870431896, 2.023927392739274, 2.0376432078559734, 2.040783034257749, 2.0104754230459307, 2.076984126984127, 2.0906274206041826]}"
Men,Sprints,200m,100m,specialized,19,0.8892,robust_trimmed_linear,0.2221,0.2741,0.2442,0.1297,0.022,100m = 4.642 + 0.296 × 200m,"{""intercept"": 4.641744805015975, ""slope"": 0.29600000804099286}"
Men,Sprints,200m,100m,balanced,14,0.8892,quadratic,0.0576,0.1005,0.0921,0.1297,0.0345,100m = -14.959 + 1.768×200m − 0.027265×200m²,"{""intercept"": -14.95869274939622, ""slope"": 1.7684549250719073, ""quad"": -0.02726481211175842}"
Men,Sprints,200m,400m,specialized,17,0.5824,log_linear,1.5778,2.0054,1.4179,1.2605,-0.1599,400m = exp(1.484 + 0.796×log(200m)),"{""intercept"": 1.4839148952199848, ""slope"": 0.7955738069611261}"
Men,Sprints,400m,200m,specialized,17,0.5824,ratio_linear,0.491,0.491,0.3953,0.4504,-0.0958,200m = 400m × (0.655 − 0.003876×400m),"{""intercept"": 0.654939032983774, ""slope"": -0.003875574244050948}"
Men,Distance,800m,1500m,specialized,36,0.9279,binned_ratio,5.2193,6.3621,6.245,6.159,1.0258,1500m = 800m × ratio_bin(800m),"{""edges"": [114.97999999999999, 118.89, 122.66, 124.91, 127.12, 130.645, 131.0, 136.66, 151.875], ""ratios"": [2.1643581925600226, 2.021010742823416, 2.0384839749892354, 2.007017988269137, 2.0305677523240124, 2.017861397970735, 2.0642992422254824, 1.9968454452763549, 2.0504291122103266]}"
Men,Distance,800m,1500m,balanced,12,0.9279,binned_ratio,1.1923,3.5691,3.625,6.159,2.4327,1500m = 800m × ratio_bin(800m),"{""edges"": [118.42, 119.43, 120.1, 121.62, 127.12, 129.57, 130.48, 130.76, 131.67, 133.32, 135.0, 146.28], ""ratios"": [2.100996453301807, 2.034748388177175, 2.033638634471274, 2.072849860220358, 2.082520453115167, 2.0850505518252684, 2.069129368485592, 2.1132609360660752, 2.100402521455153, 2.0675067506750677, 2.111259259259259, 2.1118403062619633]}"
Men,Distance,800m,5000m,specialized,23,0.8062,robust_trimmed_linear,18.2595,20.9613,16.8045,15.9633,-1.455,5000m = 94.437 + 6.886 × 800m,"{""intercept"": 94.43711477106126, ""slope"": 6.886405942945408}"
Men,Distance,1500m,800m,specialized,36,0.9279,median_ratio,2.9452,3.0485,3.2205,2.6075,0.2753,800m = 0.492 × 1500m,"{""ratio"": 0.4920915749719777}"
Men,Distance,1500m,800m,balanced,12,0.9279,binned_ratio,0.7491,1.2321,1.6183,2.6075,0.8691,800m = 1500m × ratio_bin(1500m),"{""edges"": [243.01, 244.24, 248.8, 252.1, 264.73, 269.98, 270.16, 275.64, 276.33, 276.56, 285.02, 308.92], ""ratios"": [0.49146125673840585, 0.49172944644611855, 0.4759646302250804, 0.482427608092027, 0.4801873607071356, 0.4832950588932513, 0.47960467870891316, 0.4836743578580758, 0.47320233054681, 0.47609921897599067, 0.47365097186162375, 0.4735206525961414]}"
Men,Distance,1500m,5000m,specialized,27,0.8694,median_ratio,15.7007,15.7007,16.3579,16.1933,0.6572,5000m = 3.797 × 1500m,"{""ratio"": 3.79748413417951}"
Men,Distance,5000m,800m,specialized,23,0.8062,ratio_linear,2.1548,2.5854,2.3851,1.8785,0.2303,800m = 5000m × (0.157 − 0.000027×5000m),"{""intercept"": 0.15675559572628434, ""slope"": -2.6567271992083063e-05}"
Men,Distance,5000m,1500m,specialized,27,0.8694,median_ratio,4.1302,4.1302,4.3507,4.3099,0.2205,1500m = 0.263 × 5000m,"{""ratio"": 0.26333223909994335}"
