agree,agree_rate,analysis,cohens_d,comparison,discipline,effect_cohens_h,event,gender,multi_n,n,nat_median,p_value,rank_biserial,season,season_median,wins_a,wins_b
,,RQ1A_pairwise,,100m vs 200m,Sprints,-0.02450133776302521,,Men,,449,,0.637026140966103,,,,219,230
,,RQ1A_pairwise,,100m vs 400m,Sprints,-0.29571989460690173,,Men,,175,,0.00014221125645543246,,,,62,113
,,RQ1A_pairwise,,200m vs 400m,Sprints,-0.4353951382306702,,Men,,294,,3.2592733224347777e-13,,,,85,209
,,RQ1A_pairwise,,100m vs 200m,Sprints,0.5850472876164268,,Women,,201,,1.540473548192097e-15,,,,156,45
,,RQ1A_pairwise,,100m vs 400m,Sprints,-0.17327963641754085,,Women,,58,,0.23704711476271959,,,,24,34
,,RQ1A_pairwise,,200m vs 400m,Sprints,-0.5282237691536713,,Women,,125,,1.4560516882128633e-08,,,,31,94
,,RQ1A_pairwise,,800m vs 1500m,Distance,-0.32299293073242974,,Men,,586,,1.2878240818011552e-14,,,,200,386
,,RQ1A_pairwise,,800m vs 3000m Steeplechase,Distance,1.0949140771344796,,Men,,126,,2.106744039965381e-27,,,,119,7
,,RQ1A_pairwise,,800m vs 5000m,Distance,-0.39332313934255425,,Men,,227,,7.563729638020517e-09,,,,70,157
,,RQ1A_pairwise,,1500m vs 3000m Steeplechase,Distance,1.35407723582701,,Men,,171,,9.82708764783148e-48,,,,169,2
,,RQ1A_pairwise,,1500m vs 5000m,Distance,-0.1031576899663531,,Men,,437,,0.03518815927962491,,,,196,241
,,RQ1A_pairwise,,3000m Steeplechase vs 5000m,Distance,-1.5707963267948968,,Men,,109,,3.0814879110195774e-33,,,,0,109
,,RQ1A_pairwise,,800m vs 1500m,Distance,-0.7215066152653993,,Women,,271,,1.721368583839467e-29,,,,46,225
,,RQ1A_pairwise,,800m vs 3000m Steeplechase,Distance,0.6628738236501357,,Women,,52,,9.063271916964766e-06,,,,42,10
,,RQ1A_pairwise,,800m vs 5000m,Distance,-0.8348211661545,,Women,,85,,1.2888315230163817e-12,,,,11,74
,,RQ1A_pairwise,,1500m vs 3000m Steeplechase,Distance,1.2552187706901357,,Women,,81,,2.747893994901158e-21,,,,79,2
,,RQ1A_pairwise,,1500m vs 5000m,Distance,-0.5397119284902061,,Women,,144,,4.855921972764477e-10,,,,35,109
,,RQ1A_pairwise,,3000m Steeplechase vs 5000m,Distance,-1.2681310528404652,,Women,,44,,5.115907697472721e-12,,,,1,43
,,RQ1A_pairwise,,110m Hurdles vs 400m Hurdles,Hurdles,-1.1797960456074366,,Men,,53,,3.1796787425264483e-13,,,,2,51
,,RQ1A_pairwise,,100m Hurdles vs 400m Hurdles,Hurdles,-1.5707963267948968,,Women,,16,,3.0517578125e-05,,,,0,16
,,RQ1B_mannwhitney,1.2281160238748041,,Sprints,,100m,Men,,,762.59,9.092112661096097e-06,-0.8328082335643772,2024,634.92,,
,,RQ1B_mannwhitney,1.3623226115452627,,Sprints,,200m,Men,,,777.985,1.3405742865244448e-05,-0.8645055970149254,2024,627.03,,
,,RQ1B_mannwhitney,1.3580787289408638,,Sprints,,400m,Men,,,771.45,9.474385450415668e-06,-0.8832278481012659,2024,623.33,,
,,RQ1B_mannwhitney,1.5605347131470315,,Sprints,,100m,Women,,,534.46,9.793918414229225e-06,-0.8900462962962963,2024,365.81,,
,,RQ1B_mannwhitney,1.4382392896605665,,Sprints,,200m,Women,,,469.395,3.287090819034286e-05,-0.8313053097345133,2024,328.87,,
,,RQ1B_mannwhitney,1.1405547013077886,,Sprints,,400m,Women,,,458.475,7.776897409376942e-05,-0.7931547619047619,2024,364.635,,
,,RQ1B_mannwhitney,1.5804126435952843,,Distance,,800m,Men,,,821.555,1.980153449966657e-06,-0.9480377906976745,2024,615.515,,
,,RQ1B_mannwhitney,1.6063462412713443,,Distance,,1500m,Men,,,803.995,2.508350842630428e-06,-0.9364525139664805,2024,608.78,,
,,RQ1B_mannwhitney,1.620340752472115,,Distance,,5000m,Men,,,842.63,1.9040928281815977e-06,-0.9516666666666667,2024,671.29,,
,,RQ1B_mannwhitney,1.8035412534262336,,Distance,,3000m Steeplechase,Men,,,652.745,5.963961431206305e-06,-0.9192546583850931,2024,432.24,,
,,RQ1B_mannwhitney,1.4725360928832063,,Distance,,800m,Women,,,454.92,6.969578089335582e-06,-0.901624548736462,2024,311.18,,
,,RQ1B_mannwhitney,1.4609170787837058,,Distance,,1500m,Women,,,478.49,1.142688032238492e-05,-0.8746803069053708,2024,332.55,,
,,RQ1B_mannwhitney,1.5513616328656594,,Distance,,5000m,Women,,,538.305,2.3705582549240957e-05,-0.8475336322869955,2024,404.24,,
,,RQ1B_mannwhitney,1.4699775576835215,,Distance,,3000m Steeplechase,Women,,,351.56500000000005,5.371774384498329e-05,-0.8365384615384615,2024,222.42000000000002,,
,,RQ1B_mannwhitney,0.7735488844900011,,Hurdles,,110m Hurdles,Men,,,342.305,0.008633206761675583,-0.517605633802817,2024,245.93,,
,,RQ1B_mannwhitney,0.7380778547426348,,Hurdles,,400m Hurdles,Men,,,497.91499999999996,0.013917220232776898,-0.47,2024,407.38,,
,,RQ1B_mannwhitney,-0.40994011834473637,,Hurdles,,100m Hurdles,Women,,,31.28,0.9115862608048049,0.31770833333333337,2024,69.175,,
,,RQ1B_mannwhitney,0.6270699475152328,,Hurdles,,400m Hurdles,Women,,,236.35500000000002,0.02309245795935526,-0.44680851063829796,2024,178.01,,
,,RQ1B_mannwhitney,1.10603587777633,,Sprints,,100m,Men,,,754.24,6.454000632291709e-05,-0.7903325123152709,2025,630.0,,
,,RQ1B_mannwhitney,1.0372903983107542,,Sprints,,200m,Men,,,756.05,8.405233999722941e-05,-0.7344475394614671,2025,621.74,,
,,RQ1B_mannwhitney,1.4489516828679192,,Sprints,,400m,Men,,,815.26,2.548760743103912e-06,-0.9451827242524917,2025,645.04,,
,,RQ1B_mannwhitney,1.351264831785616,,Sprints,,100m,Women,,,495.4,2.913654133826637e-05,-0.8460884353741496,2025,353.68,,
,,RQ1B_mannwhitney,1.5895007580297378,,Sprints,,200m,Women,,,499.145,8.7994468141159e-06,-0.8999999999999999,2025,303.61,,
,,RQ1B_mannwhitney,1.4597463780686868,,Sprints,,400m,Women,,,494.7,1.5959193037624687e-05,-0.8777777777777778,2025,359.46,,
,,RQ1B_mannwhitney,1.4735198091030823,,Distance,,800m,Men,,,820.7950000000001,3.3984997507703908e-06,-0.9258620689655173,2025,639.9649999999999,,
,,RQ1B_mannwhitney,1.559050886757244,,Distance,,1500m,Men,,,832.76,2.938606123270287e-06,-0.9320882852292021,2025,646.04,,
,,RQ1B_mannwhitney,1.2924060202578775,,Distance,,5000m,Men,,,807.05,1.4732586963076336e-05,-0.8639601139601139,2025,666.44,,
,,RQ1B_mannwhitney,1.515059086227719,,Distance,,3000m Steeplechase,Men,,,638.9749999999999,3.5786556753217455e-05,-0.8474999999999999,2025,439.435,,
,,RQ1B_mannwhitney,1.5922173097475443,,Distance,,800m,Women,,,504.08,3.3226589264841723e-06,-0.9369834710743801,2025,334.055,,
,,RQ1B_mannwhitney,1.7780672575744791,,Distance,,1500m,Women,,,551.73,3.0470864884870157e-06,-0.9408713692946058,2025,348.27,,
,,RQ1B_mannwhitney,1.2653520901017,,Distance,,3000m Steeplechase,Women,,,356.91499999999996,0.00044578975365072325,-0.7358490566037736,2025,229.65,,
,,RQ1B_mannwhitney,0.5898298987230041,,Hurdles,,110m Hurdles,Men,,,344.75,0.0670608481653384,-0.3272058823529411,2025,239.945,,
,,RQ1B_mannwhitney,1.4880996497702925,,Hurdles,,400m Hurdles,Men,,,607.71,2.9966395530711e-05,-0.8698630136986301,2025,440.8,,
,,RQ1B_mannwhitney,-0.5020158182213219,,Hurdles,,100m Hurdles,Women,,,39.91,0.871783931500989,0.28125,2025,58.16,,
,,RQ1B_mannwhitney,0.9902130543284898,,Hurdles,,400m Hurdles,Women,,,328.9,0.0020277150416151946,-0.6538461538461537,2025,239.15,,
,,RQ1B_mannwhitney,1.4393991500664083,,Sprints,,100m,Men,,,791.9,5.31047107390446e-06,-0.9090632603406326,2026,630.0,,
,,RQ1B_mannwhitney,1.4291189341942847,,Sprints,,200m,Men,,,816.0,3.1945670888691006e-06,-0.9317617866004964,2026,654.76,,
,,RQ1B_mannwhitney,1.4923661618353565,,Sprints,,400m,Men,,,832.0899999999999,2.279883504953117e-06,-0.9495192307692308,2026,657.65,,
,,RQ1B_mannwhitney,1.3019198211246152,,Sprints,,100m,Women,,,521.24,2.8078276432038627e-05,-0.8416666666666666,2026,369.49,,
,,RQ1B_mannwhitney,1.3865345712122776,,Sprints,,200m,Women,,,504.09000000000003,1.2278059467969327e-05,-0.8789237668161436,2026,350.57,,
,,RQ1B_mannwhitney,1.4733705291933572,,Sprints,,400m,Women,,,531.535,2.1579030269768318e-05,-0.8658536585365855,2026,369.22,,
,,RQ1B_mannwhitney,1.6726361293710077,,Distance,,800m,Men,,,824.875,1.5418082231536392e-06,-0.9602169981916817,2026,624.64,,
,,RQ1B_mannwhitney,1.8235597463547086,,Distance,,1500m,Men,,,847.36,9.862946225244745e-07,-0.9774741506646971,2026,640.06,,
,,RQ1B_mannwhitney,1.740287127921814,,Distance,,5000m,Men,,,840.5450000000001,1.3701661013716302e-06,-0.9671945701357465,2026,653.5350000000001,,
,,RQ1B_mannwhitney,1.4812697530439543,,Distance,,3000m Steeplechase,Men,,,625.4649999999999,7.0813139542722075e-06,-0.9148936170212767,2026,465.84,,
,,RQ1B_mannwhitney,1.6428277054913412,,Distance,,800m,Women,,,519.01,6.0150719071055006e-06,-0.9078947368421053,2026,322.79,,
,,RQ1B_mannwhitney,1.8875976412014668,,Distance,,1500m,Women,,,560.04,2.1489626544336063e-06,-0.9513677811550152,2026,350.11,,
,,RQ1B_mannwhitney,1.9006012236043737,,Distance,,5000m,Women,,,615.9449999999999,5.022495149131496e-06,-0.923913043478261,2026,424.92999999999995,,
,,RQ1B_mannwhitney,1.8244057823399904,,Distance,,3000m Steeplechase,Women,,,409.355,3.166125111577678e-05,-0.8730769230769231,2026,224.9,,
,,RQ1B_mannwhitney,0.6866546546302618,,Hurdles,,110m Hurdles,Men,,,324.125,0.03192418174196869,-0.4039855072463767,2026,252.43,,
,,RQ1B_mannwhitney,1.4521569106883843,,Hurdles,,400m Hurdles,Men,,,612.835,5.92685127737675e-05,-0.8258426966292134,2026,428.18,,
,,RQ1B_mannwhitney,-0.9144196429298637,,Hurdles,,100m Hurdles,Women,,,35.54,0.9889605409841845,0.5571428571428572,2026,106.285,,
,,RQ1B_mannwhitney,1.164802362595406,,Hurdles,,400m Hurdles,Women,,,347.575,0.001200636309444255,-0.6688596491228069,2026,175.94,,
591,0.9177018633540373,RQ1C_agreement,,,Sprints,,,Men,644,,,5.791215130354656e-116,,,,,
243,0.8496503496503497,RQ1C_agreement,,,Sprints,,,Women,286,,,4.875523907452917e-35,,,,,
657,0.6836628511966701,RQ1C_agreement,,,Distance,,,Men,961,,,1.5275387429165872e-30,,,,,
265,0.6264775413711584,RQ1C_agreement,,,Distance,,,Women,423,,,2.2133988999811108e-07,,,,,
50,0.9433962264150944,RQ1C_agreement,,,Hurdles,,,Men,53,,,5.519584789226428e-12,,,,,
15,0.9375,RQ1C_agreement,,,Hurdles,,,Women,16,,,0.000518798828125,,,,,
,,RQ1C_fisher_clear,,3000m Steeplechase vs 1500m,,,,Men,,171,,0.011018835514497108,,,,,
,,RQ1C_fisher_clear,,5000m vs 1500m,,,,Men,,437,,8.013453489265435e-13,,,,,
,,RQ1C_fisher_clear,,3000m Steeplechase vs 1500m,,,,Women,,81,,1.0,,,,,
,,RQ1C_fisher_clear,,5000m vs 1500m,,,,Women,,144,,1.0,,,,,
