band_width,band,band_lo,band_hi,gender,event_group,n_athlete_seasons
200,0-200,0,200,Men,Sprints,56
200,0-200,0,200,Women,Sprints,15
200,0-200,0,200,Men,Distance,114
200,0-200,0,200,Women,Distance,10
200,50-250,50,250,Men,Sprints,65
200,50-250,50,250,Women,Sprints,28
200,50-250,50,250,Men,Distance,147
200,50-250,50,250,Women,Distance,14
200,100-300,100,300,Men,Sprints,107
200,100-300,100,300,Women,Sprints,35
200,100-300,100,300,Men,Distance,184
200,100-300,100,300,Women,Distance,26
200,150-350,150,350,Men,Sprints,133
200,150-350,150,350,Women,Sprints,45
200,150-350,150,350,Men,Distance,222
200,150-350,150,350,Women,Distance,42
200,200-400,200,400,Men,Sprints,176
200,200-400,200,400,Women,Sprints,57
200,200-400,200,400,Men,Distance,267
200,200-400,200,400,Women,Distance,65
200,250-450,250,450,Men,Sprints,207
200,250-450,250,450,Women,Sprints,72
200,250-450,250,450,Men,Distance,323
200,250-450,250,450,Women,Distance,101
200,300-500,300,500,Men,Sprints,261
200,300-500,300,500,Women,Sprints,89
200,300-500,300,500,Men,Distance,372
200,300-500,300,500,Women,Distance,143
200,350-550,350,550,Men,Sprints,315
200,350-550,350,550,Women,Sprints,103
200,350-550,350,550,Men,Distance,411
200,350-550,350,550,Women,Distance,183
200,400-600,400,600,Men,Sprints,353
200,400-600,400,600,Women,Sprints,144
200,400-600,400,600,Men,Distance,466
200,400-600,400,600,Women,Distance,217
200,450-650,450,650,Men,Sprints,430
200,450-650,450,650,Women,Sprints,176
200,450-650,450,650,Men,Distance,477
200,450-650,450,650,Women,Distance,244
200,500-700,500,700,Men,Sprints,467
200,500-700,500,700,Women,Sprints,191
200,500-700,500,700,Men,Distance,452
200,500-700,500,700,Women,Distance,246
200,550-750,550,750,Men,Sprints,481
200,550-750,550,750,Women,Sprints,204
200,550-750,550,750,Men,Distance,405
200,550-750,550,750,Women,Distance,232
200,600-800,600,800,Men,Sprints,463
200,600-800,600,800,Women,Sprints,204
200,600-800,600,800,Men,Distance,355
200,600-800,600,800,Women,Distance,199
200,650-850,650,850,Men,Sprints,401
200,650-850,650,850,Women,Sprints,178
200,650-850,650,850,Men,Distance,283
200,650-850,650,850,Women,Distance,151
200,700-900,700,900,Men,Sprints,316
200,700-900,700,900,Women,Sprints,135
200,700-900,700,900,Men,Distance,215
200,700-900,700,900,Women,Distance,107
200,750-950,750,950,Men,Sprints,226
200,750-950,750,950,Women,Sprints,92
200,750-950,750,950,Men,Distance,139
200,750-950,750,950,Women,Distance,65
200,800-1000,800,1000,Men,Sprints,148
200,800-1000,800,1000,Women,Sprints,64
200,800-1000,800,1000,Men,Distance,79
200,800-1000,800,1000,Women,Distance,28
200,850-1050,850,1050,Men,Sprints,70
200,850-1050,850,1050,Women,Sprints,28
200,850-1050,850,1050,Men,Distance,37
200,850-1050,850,1050,Women,Distance,8
200,900-1100,900,1100,Men,Sprints,32
200,900-1100,900,1100,Women,Sprints,10
200,900-1100,900,1100,Men,Distance,12
200,900-1100,900,1100,Women,Distance,2
200,950-1150,950,1150,Men,Sprints,16
200,950-1150,950,1150,Women,Sprints,2
200,950-1150,950,1150,Men,Distance,6
200,950-1150,950,1150,Women,Distance,2
200,1000-1200,1000,1200,Men,Sprints,5
200,1000-1200,1000,1200,Women,Sprints,0
200,1000-1200,1000,1200,Men,Distance,1
200,1000-1200,1000,1200,Women,Distance,0
