band,band_lo,band_hi,gender,event_group,from_event,to_event,n,best_strategy,cv_pooled,cv_bal_spec,cv_best_event,cv_best_is_from,cv_pair_wa_gap_50,cv_from_stronger_wa,cv_bal_x_best_event,delta_best_vs_pooled
750-950,750,950,Men,Sprints,100m,200m,168,bal_x_best_event,0.3388,0.2946,0.2329,0.2421,0.2735,0.2541,0.1272,0.2117
750-950,750,950,Men,Sprints,100m,400m,36,best_is_from,1.4838,1.1519,1.4838,1.1155,1.21,1.3734,1.21,0.3683
750-950,750,950,Men,Sprints,200m,100m,168,bal_x_best_event,0.1616,0.1319,0.1036,0.0998,0.1382,0.1333,0.0525,0.1091
750-950,750,950,Men,Sprints,200m,400m,74,best_is_from,0.6229,0.6219,0.6467,0.4906,0.579,0.5335,0.6734,0.1323
750-950,750,950,Men,Sprints,400m,100m,36,best_is_from,0.3766,0.3509,0.3798,0.3247,0.3328,0.3508,0.3388,0.0519
750-950,750,950,Men,Sprints,400m,200m,74,best_is_from,0.4953,0.3617,0.2909,0.218,0.343,0.218,0.2967,0.2772
750-950,750,950,Women,Sprints,100m,200m,73,bal_x_best_event,0.4633,0.3172,0.3898,0.2851,0.2599,0.2666,0.2162,0.2472
750-950,750,950,Women,Sprints,100m,400m,24,bal_x_best_event,1.4882,1.4037,1.229,1.1286,1.4037,1.229,1.0669,0.4213
750-950,750,950,Women,Sprints,200m,100m,73,from_stronger_wa,0.1651,0.1125,0.1666,0.1666,0.1179,0.1085,0.1293,0.0566
750-950,750,950,Women,Sprints,200m,400m,34,best_event,0.6246,0.7419,0.5866,0.6246,0.5984,0.6246,0.5866,0.038
750-950,750,950,Women,Sprints,400m,100m,24,pooled,0.1994,0.3058,0.2537,0.2537,0.2773,0.2537,0.2645,0.0
750-950,750,950,Women,Sprints,400m,200m,34,bal_x_best_event,0.4283,0.4283,0.4033,0.4033,0.5999,0.4701,0.4008,0.0275
750-950,750,950,Men,Distance,800m,1500m,124,bal_x_best_event,4.5081,3.6371,3.513,3.5703,3.5745,3.4857,2.1383,2.3698
750-950,750,950,Men,Distance,800m,5000m,37,pair_wa_gap_50,27.9017,21.6662,21.8682,23.7278,15.0715,28.2181,19.638,12.8302
750-950,750,950,Men,Distance,1500m,800m,124,bal_x_best_event,2.0416,1.6638,1.7042,1.4498,1.4798,1.5984,0.9743,1.0673
750-950,750,950,Men,Distance,1500m,5000m,83,pair_wa_gap_50,23.9152,12.6111,16.2882,16.9576,9.6904,15.7697,14.2407,14.2248
750-950,750,950,Men,Distance,5000m,800m,37,pair_wa_gap_50,2.615,2.6663,3.6618,3.5992,2.1593,2.7764,3.6618,0.4557
750-950,750,950,Men,Distance,5000m,1500m,83,from_stronger_wa,3.5209,3.1958,3.1475,3.1189,2.8657,2.7917,3.1958,0.7292
750-950,750,950,Women,Distance,800m,1500m,47,best_is_from,4.685,4.6986,4.6986,4.1019,4.3304,4.1019,4.6986,0.5831
750-950,750,950,Women,Distance,1500m,800m,47,from_stronger_wa,2.7501,3.0323,2.5429,2.5429,3.0346,2.4304,2.9557,0.3196
750-950,750,950,Women,Distance,1500m,5000m,29,best_event,21.6822,20.539,18.3106,18.3106,21.6822,18.3106,20.539,3.3716
750-950,750,950,Women,Distance,5000m,1500m,29,best_event,8.0628,7.7453,5.0511,5.0511,7.204,5.0511,5.1531,3.0118
800-1000,800,1000,Men,Sprints,100m,200m,114,bal_x_best_event,0.2492,0.2175,0.1945,0.2166,0.2239,0.2284,0.1073,0.142
800-1000,800,1000,Men,Sprints,100m,400m,23,bal_spec,1.3202,1.2893,1.3202,1.3202,1.3114,1.3202,1.2893,0.031
800-1000,800,1000,Men,Sprints,200m,100m,114,bal_x_best_event,0.1344,0.1107,0.1117,0.1055,0.1087,0.1096,0.0818,0.0525
800-1000,800,1000,Men,Sprints,200m,400m,46,best_is_from,1.1239,1.1834,0.8579,0.7836,0.8984,0.7838,0.8511,0.3403
800-1000,800,1000,Men,Sprints,400m,100m,23,from_stronger_wa,0.2161,0.2342,0.2161,0.2342,0.2453,0.2005,0.2342,0.0156
800-1000,800,1000,Men,Sprints,400m,200m,46,best_is_from,0.2572,0.3454,0.2504,0.233,0.2676,0.233,0.2805,0.0242
800-1000,800,1000,Women,Sprints,100m,200m,47,pair_wa_gap_50,0.3657,0.344,0.4292,0.4292,0.2854,0.4083,0.3568,0.0803
800-1000,800,1000,Women,Sprints,200m,100m,47,bal_x_best_event,0.1433,0.1417,0.151,0.1613,0.133,0.1546,0.1315,0.0118
800-1000,800,1000,Women,Sprints,200m,400m,20,best_event,2.1032,2.1032,0.6929,2.1032,2.1032,0.6929,0.6929,1.4103
800-1000,800,1000,Women,Sprints,400m,200m,20,pooled,0.5965,0.5965,0.5965,0.5965,0.5965,0.5965,0.5965,0.0
800-1000,800,1000,Men,Distance,800m,1500m,79,bal_x_best_event,3.0109,3.3917,2.9731,2.712,3.1792,2.712,2.6929,0.318
800-1000,800,1000,Men,Distance,800m,5000m,24,best_is_from,32.2159,34.2577,29.2842,21.4585,32.2159,32.2159,33.6148,10.7574
800-1000,800,1000,Men,Distance,1500m,800m,79,pair_wa_gap_50,1.588,1.4871,1.9839,2.0079,1.2558,1.5974,1.5184,0.3322
800-1000,800,1000,Men,Distance,1500m,5000m,57,best_is_from,21.621,21.621,15.2162,10.7172,13.408,18.4518,17.3197,10.9037
800-1000,800,1000,Men,Distance,5000m,800m,24,pair_wa_gap_50,3.0148,3.3889,3.0148,2.7902,2.5095,2.7435,3.5203,0.5054
800-1000,800,1000,Men,Distance,5000m,1500m,57,from_stronger_wa,3.778,3.6719,3.8633,3.6472,4.0493,3.127,3.9008,0.6509
800-1000,800,1000,Women,Distance,800m,1500m,25,pair_wa_gap_50,5.7035,4.7794,4.0691,3.7637,3.6267,3.7637,4.8605,2.0768
800-1000,800,1000,Women,Distance,1500m,800m,25,pooled,1.9855,1.9855,2.3695,2.3695,2.2565,2.5698,2.2318,0.0
850-1050,850,1050,Men,Sprints,100m,200m,70,bal_x_best_event,0.2247,0.2334,0.1538,0.1921,0.2106,0.2,0.1535,0.0712
850-1050,850,1050,Men,Sprints,200m,100m,70,bal_x_best_event,0.1376,0.1136,0.0886,0.1412,0.1273,0.0903,0.0663,0.0713
850-1050,850,1050,Men,Sprints,200m,400m,28,bal_x_best_event,0.826,0.7922,0.6857,0.8303,1.0054,0.6857,0.5859,0.2401
850-1050,850,1050,Men,Sprints,400m,200m,28,bal_spec,0.3078,0.3007,0.3262,0.3262,0.4663,0.3262,0.3262,0.0071
850-1050,850,1050,Women,Sprints,100m,200m,25,from_stronger_wa,0.6241,0.5039,0.5137,0.5137,0.5269,0.4776,0.5137,0.1466
850-1050,850,1050,Women,Sprints,200m,100m,25,pair_wa_gap_50,0.3513,0.3313,0.3513,0.3051,0.2707,0.2707,0.3313,0.0807
850-1050,850,1050,Men,Distance,800m,1500m,44,bal_x_best_event,3.6753,3.768,3.2018,3.2018,3.6385,3.2018,3.1093,0.5661
850-1050,850,1050,Men,Distance,1500m,800m,44,bal_x_best_event,2.1897,2.1897,1.2195,1.2195,2.1897,1.2195,1.0767,1.113
850-1050,850,1050,Men,Distance,1500m,5000m,27,bal_x_best_event,18.1886,17.4344,16.7555,16.7555,18.1886,17.0382,15.4889,2.6997
850-1050,850,1050,Men,Distance,5000m,1500m,27,bal_spec,2.4324,1.8508,2.1004,2.6736,2.2561,2.6736,2.7083,0.5815
