gender,event_group,from_event,to_event,cohort,n,r,best_model,best_cv,pooled_6_to_10_cv,pooled_fixed_on_cohort,improvement_vs_pooled,formula,params_json
Men,Sprints,100m,200m,balanced,45,0.9148,quadratic,0.1257,0.2746,0.1544,0.0288,200m = 0.657 + 1.771×100m + 0.018093×100m²,"{""intercept"": 0.6574754162784933, ""slope"": 1.7709657448166922, ""quad"": 0.018092649811543304}"
Men,Sprints,100m,200m,specialized,53,0.9148,quadratic,0.4693,0.2746,0.4693,-0.0001,200m = 36.093 + -4.015×100m + 0.252201×100m²,"{""intercept"": 36.09257920944981, ""slope"": -4.014871865287699, ""quad"": 0.2522006129122519}"
Men,Sprints,100m,400m,specialized,38,0.59,multivariate_ols,1.2495,1.2931,,,400m = 8.70 + -0.525×100m + 2.194×200m,"{""intercept"": 8.697294978959775, ""coef_a"": -0.5247611331577087, ""coef_b"": 2.1936164249208603, ""event_a"": ""100m"", ""event_b"": ""200m""}"
Men,Sprints,200m,100m,balanced,45,0.9148,quadratic,0.0619,0.132,0.082,0.0201,100m = -2.741 + 0.768×200m − 0.006817×200m²,"{""intercept"": -2.7407542580693454, ""slope"": 0.7681518741462231, ""quad"": -0.006816566009114166}"
Men,Sprints,200m,100m,specialized,53,0.9148,ratio_linear,0.2215,0.132,0.1938,-0.0277,100m = 200m × (0.588 − 0.003986×200m),"{""intercept"": 0.5880563464392652, ""slope"": -0.00398564259441535}"
Men,Sprints,200m,400m,balanced,13,0.6789,quadratic,0.4097,1.0582,0.7134,0.3038,400m = 99.301 + -6.031×200m + 0.171313×200m²,"{""intercept"": 99.30129017398451, ""slope"": -6.03086981987242, ""quad"": 0.1713127882851188}"
Men,Sprints,200m,400m,specialized,40,0.6789,robust_trimmed_linear,1.1417,1.0582,1.0848,-0.057,400m = 2.304 × 200m − 0.624,"{""intercept"": -0.6244340648136628, ""slope"": 2.304486851520241}"
Men,Sprints,400m,100m,specialized,38,0.59,ratio_linear,0.2708,0.2088,0.2477,-0.0231,100m = 400m × (0.337 − 0.002177×400m),"{""intercept"": 0.33701898920457257, ""slope"": -0.002176860152291204}"
Men,Sprints,400m,200m,balanced,13,0.6789,quadratic,0.1673,0.4075,0.1345,-0.0328,200m = -42.063 + 2.040×400m − 0.015009×400m²,"{""intercept"": -42.063181780205376, ""slope"": 2.0399766400465595, ""quad"": -0.01500879389902441}"
Men,Sprints,400m,200m,specialized,40,0.6789,robust_trimmed_linear,0.5011,0.4075,0.509,0.0079,200m = 9.131 + 0.272 × 400m,"{""intercept"": 9.131070957020567, ""slope"": 0.2715067838280825}"
Women,Sprints,100m,200m,balanced,21,0.9552,log_linear,0.1476,0.2682,0.1362,-0.0114,200m = exp(0.458 + 1.104×log(100m)),"{""intercept"": 0.4582484504019968, ""slope"": 1.1037755681749752}"
Women,Sprints,100m,200m,specialized,16,0.9552,quadratic,0.5467,0.2682,0.5745,0.0278,200m = 61.411 + -7.265×100m + 0.353916×100m²,"{""intercept"": 61.410877253290984, ""slope"": -7.264610163005126, ""quad"": 0.3539155793021288}"
Women,Sprints,200m,100m,balanced,21,0.9552,binned_ratio,0.0741,0.0957,0.0627,-0.0114,100m = 200m × ratio_bin(200m),"{""edges"": [25.035, 25.605, 25.89, 26.189999999999998, 26.27, 26.450000000000003, 26.9, 27.395, 27.9, 28.85, 32.52], ""ratios"": [0.4893163313660449, 0.48329773808220045, 0.48994050149190127, 0.48414876941056273, 0.4861127473206134, 0.48581645895395925, 0.48717393951262766, 0.48329659678594517, 0.48315960149184256, 0.47731256612484363, 0.47601476014760147]}"
Women,Sprints,200m,100m,specialized,16,0.9552,quadratic,0.2409,0.0957,0.1985,-0.0424,100m = 10.062 + -0.065×200m + 0.006729×200m²,"{""intercept"": 10.061659632920383, ""slope"": -0.06496275608770208, ""quad"": 0.006728782393403452}"
Women,Sprints,200m,400m,balanced,12,0.9296,quadratic,0.4303,0.732,0.6522,0.222,400m = -241.855 + 19.653×200m − 0.310924×200m²,"{""intercept"": -241.8545419583308, ""slope"": 19.65304857118414, ""quad"": -0.31092411551987537}"
Women,Sprints,400m,200m,balanced,12,0.9296,binned_ratio,0.0844,0.2641,0.0717,-0.0127,200m = 400m × ratio_bin(400m),"{""edges"": [57.41, 59.22, 59.63, 60.14, 60.54, 63.17, 63.85, 64.8, 64.8, 65.23, 66.0, 67.92], ""ratios"": [0.4474830168960112, 0.4405606214116852, 0.4398792554083515, 0.4359827070169604, 0.435579781962339, 0.4350166218141523, 0.4349256068911511, 0.433641975308642, 0.43256172839506174, 0.42940364862793196, 0.44045454545454543, 0.43580683156654887]}"
Men,Distance,800m,1500m,balanced,24,0.9313,median_ratio,1.899,4.9736,3.8271,1.928,1500m = 2.083 × 800m,"{""ratio"": 2.0830935332285163}"
Men,Distance,800m,1500m,specialized,61,0.9313,median_ratio,4.9154,4.9736,5.7369,0.8216,1500m = 2.031 × 800m,"{""ratio"": 2.030805115418644}"
Men,Distance,800m,5000m,specialized,42,0.8469,multivariate_ols,15.5809,15.5512,,,5000m = 78.65 + -1.645×800m + 4.323×1500m,"{""intercept"": 78.6543706110233, ""coef_a"": -1.6445850862508635, ""coef_b"": 4.322554449571988, ""event_a"": ""800m"", ""event_b"": ""1500m""}"
Men,Distance,1500m,800m,balanced,24,0.9313,median_ratio,0.9114,2.3366,1.3987,0.4873,800m = 0.480 × 1500m,"{""ratio"": 0.4800552926376369}"
Men,Distance,1500m,800m,specialized,61,0.9313,median_ratio,2.4225,2.3366,2.529,0.1065,800m = 0.492 × 1500m,"{""ratio"": 0.49241554120955283}"
Men,Distance,1500m,5000m,specialized,46,0.904,ratio_linear,16.1285,16.5745,15.7556,-0.3729,5000m = 1500m × (4.103 − 0.001139×1500m),"{""intercept"": 4.102753232066934, ""slope"": -0.001139157784796277}"
Men,Distance,5000m,800m,specialized,42,0.8469,median_ratio,2.6856,2.7406,2.7043,0.0187,800m = 0.132 × 5000m,"{""ratio"": 0.1318618442182945}"
Men,Distance,5000m,1500m,specialized,46,0.904,robust_trimmed_linear,3.761,4.1909,3.7478,-0.0132,1500m = 25.777 + 0.236 × 5000m,"{""intercept"": 25.777385334780973, ""slope"": 0.23620640592214148}"
Women,Distance,800m,1500m,specialized,18,0.8715,median_ratio,6.8883,10.9337,12.5229,5.6347,1500m = 1.980 × 800m,"{""ratio"": 1.9802504331620152}"
Women,Distance,1500m,800m,specialized,18,0.8715,median_ratio,3.4785,4.5553,8.3622,4.8837,800m = 0.505 × 1500m,"{""ratio"": 0.5049868068140401}"
