race_count_filter,gender,event_group,from_event,to_event,n_athlete_seasons,best_model,linear_cv_median_abs,best_cv_median_abs,improvement_seconds,params_json,params_summary,notes
all,Men,Sprints,100m,200m,541,robust_trimmed_linear,0.4368,0.4059,0.0309,"{""intercept"": -1.7679789975496298, ""slope"": 2.1944967974265035}","{""intercept"": -1.7679789975496298, ""slope"": 2.1944967974265035}",OLS after trimming large residuals
all,Men,Sprints,100m,400m,190,chain_residual_adjusted,1.907,1.1384,0.7686,"{""from_to_mid"": {""intercept"": -5.712610167668789, ""slope"": 2.514353291878295}, ""mid_to_to"": {""intercept"": 1.0097576481720836, ""slope"": 2.2297692587081728}, ""residual_k"": -1.0543911079907788e-14, ""mid_event"": ""200m""}",chain via 200m + residual k=-0.0000,Uses actual 200m: adjust 400m pred by k×(200m residual from 100m). mid_only_linear CV med|err|=1.138s
all,Men,Sprints,200m,100m,541,quadratic,0.1929,0.1832,0.0096,"{""intercept"": -4.028774697783996, ""slope"": 0.9208618870692122, ""quad"": -0.010911496503481857}",-4.0288 + 0.9209×x + -0.010911×x²,to = a + b×from + c×from²
all,Men,Sprints,200m,400m,327,knn_median,1.2917,1.17,0.1217,"{""k"": 20, ""n_train"": 327}",k=20 nearest neighbors,median to_time of 20 nearest from_time neighbors
all,Men,Sprints,400m,100m,190,quadratic,0.2951,0.2716,0.0235,"{""intercept"": -6.828836879894463, ""slope"": 0.5302953113424174, ""quad"": -0.003357691111844774}",-6.8288 + 0.5303×x + -0.003358×x²,to = a + b×from + c×from²
all,Men,Sprints,400m,200m,327,robust_trimmed_linear,0.5312,0.5269,0.0043,"{""intercept"": 5.316680434099286, ""slope"": 0.35076558346754994}","{""intercept"": 5.316680434099286, ""slope"": 0.35076558346754994}",OLS after trimming large residuals
all,Women,Sprints,100m,200m,243,robust_trimmed_linear,0.4935,0.4824,0.0111,"{""intercept"": -4.194400585172293, ""slope"": 2.4012710847157988}","{""intercept"": -4.194400585172293, ""slope"": 2.4012710847157988}",OLS after trimming large residuals
all,Women,Sprints,100m,400m,62,multivariate_ols,2.0075,1.7492,0.2582,"{""intercept"": -5.379927200884765, ""coef_a"": 3.1837943885847526, ""coef_b"": 0.9361285321753603, ""event_a"": ""100m"", ""event_b"": ""200m""}",-5.38 + 3.1838×100m + 0.9361×200m,400m = a + b×100m + c×200m (requires both inputs)
all,Women,Sprints,200m,100m,243,robust_trimmed_linear,0.2001,0.1868,0.0133,"{""intercept"": 3.391536562880555, ""slope"": 0.35939991388410086}","{""intercept"": 3.391536562880555, ""slope"": 0.35939991388410086}",OLS after trimming large residuals
all,Women,Sprints,200m,400m,145,median_ratio,1.5414,1.3139,0.2275,"{""ratio"": 2.2712407823020198}",x × 2.2712,to = from × median(to/from)
all,Women,Sprints,400m,100m,62,robust_trimmed_linear,0.2977,0.2943,0.0034,"{""intercept"": 4.5900718223104295, ""slope"": 0.1409939278305339}","{""intercept"": 4.5900718223104295, ""slope"": 0.1409939278305339}",OLS after trimming large residuals
all,Women,Sprints,400m,200m,145,robust_trimmed_linear,0.5753,0.5211,0.0542,"{""intercept"": 2.7758258924144705, ""slope"": 0.3990014928723562}","{""intercept"": 2.7758258924144705, ""slope"": 0.3990014928723562}",OLS after trimming large residuals
all,Men,Distance,800m,1500m,686,robust_trimmed_linear,6.335,6.3045,0.0305,"{""intercept"": 19.841621332737333, ""slope"": 1.9114769284883035}","{""intercept"": 19.841621332737333, ""slope"": 1.9114769284883035}",OLS after trimming large residuals
all,Men,Distance,800m,5000m,201,chain_residual_adjusted,36.0962,23.74,12.3562,"{""from_to_mid"": {""intercept"": 38.8533811767945, ""slope"": 1.7322790966415693}, ""mid_to_to"": {""intercept"": 70.50488241019184, ""slope"": 3.5508581228925498}, ""residual_k"": 6.626758396161063e-14, ""mid_event"": ""1500m""}",chain via 1500m + residual k=0.0000,Uses actual 1500m: adjust 5000m pred by k×(1500m residual from 800m). mid_only_linear CV med|err|=23.740s
all,Men,Distance,1500m,800m,686,log_linear,3.005,2.9907,0.0143,"{""intercept"": -0.10002183729056924, ""slope"": 0.8886219982576907}",exp(-0.1000 + 0.8886×log(x)),log(to) = a + b×log(from); multiplicative
all,Men,Distance,1500m,5000m,498,quadratic,23.2662,23.1139,0.1523,"{""intercept"": -61.99619327088524, ""slope"": 4.424432450556047, ""quad"": -0.0015374836691473474}",-61.9962 + 4.4244×x + -0.001537×x²,to = a + b×from + c×from²
all,Men,Distance,5000m,800m,201,robust_trimmed_linear,4.1895,4.0998,0.0897,"{""intercept"": 26.987059966672078, ""slope"": 0.10359089115204338}","{""intercept"": 26.987059966672078, ""slope"": 0.10359089115204338}",OLS after trimming large residuals
all,Men,Distance,5000m,1500m,498,robust_trimmed_linear,6.0469,5.8169,0.23,"{""intercept"": 37.77182361422879, ""slope"": 0.22759083790619605}","{""intercept"": 37.77182361422879, ""slope"": 0.22759083790619605}",OLS after trimming large residuals
all,Women,Distance,800m,1500m,312,median_ratio,7.6871,7.6382,0.0489,"{""ratio"": 2.0280623519183143}",x × 2.0281,to = from × median(to/from)
all,Women,Distance,800m,5000m,82,chain_residual_adjusted,48.1068,32.5694,15.5374,"{""from_to_mid"": {""intercept"": 81.00025040027043, ""slope"": 1.5125390034432715}, ""mid_to_to"": {""intercept"": -33.610508103144184, ""slope"": 3.860020725750451}, ""residual_k"": 8.318540946941974e-13, ""mid_event"": ""1500m""}",chain via 1500m + residual k=0.0000,Uses actual 1500m: adjust 5000m pred by k×(1500m residual from 800m). mid_only_linear CV med|err|=32.569s
all,Women,Distance,1500m,800m,312,ratio_linear,3.7362,3.6579,0.0783,"{""intercept"": 0.525997247680436, ""slope"": -0.00010164458974819595}",x × (0.5260 + -0.000102×x),to = from × (a + b×from); speed-dependent ratio
all,Women,Distance,1500m,5000m,135,binned_ratio,32.8199,31.1624,1.6575,"{""edges"": [288.53999999999996, 304.28, 314.15999999999997, 319.995, 326.79999999999995, 338.045, 348.495, 361.41499999999996, 391.09], ""ratios"": [3.7432452425612626, 3.7142380799995993, 3.7206585651038657, 3.668461637644717, 3.789112137892479, 3.6957009495878426, 3.7327981703090014, 3.7422551335433623, 3.6178287035820342]}",9 bins (see JSON),to = from × median_ratio within 8 speed bins
all,Women,Distance,5000m,800m,82,median_ratio,6.2443,5.206,1.0382,"{""ratio"": 0.13419245370162436}",x × 0.1342,to = from × median(to/from)
all,Women,Distance,5000m,1500m,135,binned_ratio,8.044,7.8785,0.1654,"{""edges"": [1073.0900000000001, 1134.395, 1160.46, 1187.3249999999998, 1230.53, 1252.295, 1305.52, 1370.685, 1470.01], ""ratios"": [0.27292167564315617, 0.270293849176072, 0.27330288017216897, 0.26489156399329317, 0.26824068131001144, 0.2705860490915196, 0.26315892411256986, 0.2654815138123071, 0.256949574752575]}",9 bins (see JSON),to = from × median_ratio within 8 speed bins
6,Men,Sprints,100m,200m,33,robust_trimmed_linear,0.3928,0.3625,0.0302,"{""intercept"": -3.0229638376836583, ""slope"": 2.302395485078061}","{""intercept"": -3.0229638376836583, ""slope"": 2.302395485078061}",OLS after trimming large residuals
6,Men,Sprints,200m,100m,33,ratio_linear,0.1342,0.1297,0.0045,"{""intercept"": 0.605541655266342, ""slope"": -0.004752716968178403}",x × (0.6055 + -0.004753×x),to = from × (a + b×from); speed-dependent ratio
6,Men,Sprints,200m,400m,22,robust_trimmed_linear,1.755,1.2605,0.4945,"{""intercept"": 0.9406101052125209, ""slope"": 2.2095822445330753}","{""intercept"": 0.9406101052125209, ""slope"": 2.2095822445330753}",OLS after trimming large residuals
6,Men,Sprints,400m,200m,22,ratio_linear,0.4902,0.4504,0.0398,"{""intercept"": 0.6557985641055124, ""slope"": -0.003883864537142588}",x × (0.6558 + -0.003884×x),to = from × (a + b×from); speed-dependent ratio
6,Men,Distance,800m,1500m,48,log_linear,6.194,6.159,0.035,"{""intercept"": 0.9251843282399665, ""slope"": 0.9581413883850144}",exp(0.9252 + 0.9581×log(x)),log(to) = a + b×log(from); multiplicative
6,Men,Distance,800m,5000m,24,median_ratio,23.5403,15.9633,7.577,"{""ratio"": 7.589539894274175}",x × 7.5895,to = from × median(to/from)
6,Men,Distance,1500m,800m,48,robust_trimmed_linear,3.0109,2.6075,0.4034,"{""intercept"": 15.804446444348955, ""slope"": 0.4268496794249293}","{""intercept"": 15.804446444348955, ""slope"": 0.4268496794249293}",OLS after trimming large residuals
6,Men,Distance,1500m,5000m,34,median_ratio,18.5383,16.1933,2.345,"{""ratio"": 3.7598420409969924}",x × 3.7598,to = from × median(to/from)
6,Men,Distance,5000m,800m,24,quadratic,2.4124,1.8785,0.5339,"{""intercept"": 37.25433739826402, ""slope"": 0.08454172636571755, ""quad"": 8.202511828972133e-06}",37.2543 + 0.0845×x + 0.000008×x²,to = a + b×from + c×from²
6,Men,Distance,5000m,1500m,34,median_ratio,4.3887,4.3099,0.0788,"{""ratio"": 0.2659686711146248}",x × 0.2660,to = from × median(to/from)
7,Men,Sprints,100m,200m,29,log_linear,0.2718,0.2718,0.0,"{""intercept"": 1.0122740534432197, ""slope"": 0.8740423549986509}",exp(1.0123 + 0.8740×log(x)),log(to) = a + b×log(from); multiplicative
7,Men,Sprints,200m,100m,29,median_ratio,0.1464,0.1411,0.0052,"{""ratio"": 0.49547101449275366}",x × 0.4955,to = from × median(to/from)
7,Men,Distance,800m,1500m,24,ratio_linear,5.0031,4.9352,0.0679,"{""intercept"": 2.389046817599843, ""slope"": -0.002703146999523768}",x × (2.3890 + -0.002703×x),to = from × (a + b×from); speed-dependent ratio
7,Men,Distance,1500m,800m,24,ratio_linear,2.6299,2.6172,0.0126,"{""intercept"": 0.48612702272716646, ""slope"": 1.1180999963533589e-05}",x × (0.4861 + 0.000011×x),to = from × (a + b×from); speed-dependent ratio
8,Men,Sprints,100m,200m,23,linear_ols,0.2806,0.2806,0.0,"{""intercept"": 0.4477912517821103, ""slope"": 2.0083593648013442}",0.4478 + 2.0084×x,Baseline: intercept + slope × from_time
8,Men,Sprints,200m,100m,23,log_linear,0.1294,0.1278,0.0017,"{""intercept"": -0.48570641827303085, ""slope"": 0.9269169585724786}",exp(-0.4857 + 0.9269×log(x)),log(to) = a + b×log(from); multiplicative
6_to_10,Men,Sprints,100m,200m,98,log_linear,0.2891,0.2746,0.0145,"{""intercept"": 0.719632348710304, ""slope"": 0.9958064306152611}",exp(0.7196 + 0.9958×log(x)),log(to) = a + b×log(from); multiplicative
6_to_10,Men,Sprints,100m,400m,43,multivariate_ols,2.0381,1.2931,0.745,"{""intercept"": 6.741767253197345, ""coef_a"": -0.23036741081946577, ""coef_b"": 2.120115312661228, ""event_a"": ""100m"", ""event_b"": ""200m""}",6.74 + -0.2304×100m + 2.1201×200m,400m = a + b×100m + c×200m (requires both inputs)
6_to_10,Men,Sprints,200m,100m,98,quadratic,0.1327,0.132,0.0007,"{""intercept"": -20.497548645663088, ""slope"": 2.2594541179495153, ""quad"": -0.03795292419816774}",-20.4975 + 2.2595×x + -0.037953×x²,to = a + b×from + c×from²
6_to_10,Men,Sprints,200m,400m,53,median_ratio,1.4308,1.0582,0.3726,"{""ratio"": 2.2566735112936347}",x × 2.2567,to = from × median(to/from)
6_to_10,Men,Sprints,400m,100m,43,robust_trimmed_linear,0.252,0.2088,0.0432,"{""intercept"": 5.894622852144269, ""slope"": 0.10990165281881956}","{""intercept"": 5.894622852144269, ""slope"": 0.10990165281881956}",OLS after trimming large residuals
6_to_10,Men,Sprints,400m,200m,53,quadratic,0.5396,0.4075,0.1321,"{""intercept"": -60.64669540732902, ""slope"": 2.757706586291755, ""quad"": -0.0219876130801436}",-60.6467 + 2.7577×x + -0.021988×x²,to = a + b×from + c×from²
6_to_10,Women,Sprints,100m,200m,37,linear_ols,0.2682,0.2682,0.0,"{""intercept"": -4.170489764849528, ""slope"": 2.3839559243839448}",-4.1705 + 2.3840×x,Baseline: intercept + slope × from_time
6_to_10,Women,Sprints,200m,100m,37,ratio_linear,0.1009,0.0957,0.0052,"{""intercept"": 0.5772790568566224, ""slope"": -0.003405336796960011}",x × (0.5773 + -0.003405×x),to = from × (a + b×from); speed-dependent ratio
6_to_10,Women,Sprints,200m,400m,21,linear_ols,0.732,0.732,0.0,"{""intercept"": -9.568896435584676, ""slope"": 2.6233064587939903}",-9.5689 + 2.6233×x,Baseline: intercept + slope × from_time
6_to_10,Women,Sprints,400m,200m,21,binned_ratio,0.4186,0.2641,0.1545,"{""edges"": [57.23, 57.87, 59.425, 60.34, 62.379999999999995, 63.055, 64.325, 65.015, 65.81, 70.275, 74.42], ""ratios"": [0.4481937433296883, 0.45140177220707806, 0.4402199384100184, 0.4357812444896497, 0.4519065388780932, 0.4385918825626211, 0.43428379109989657, 0.43098268851149685, 0.44538728491867774, 0.43737195495441583, 0.4012362268207471]}",11 bins (see JSON),to = from × median_ratio within 8 speed bins
6_to_10,Men,Distance,800m,1500m,85,robust_trimmed_linear,5.4394,4.9736,0.4658,"{""intercept"": -0.1519709989585749, ""slope"": 2.0552501009340456}","{""intercept"": -0.1519709989585749, ""slope"": 2.0552501009340456}",OLS after trimming large residuals
6_to_10,Men,Distance,800m,5000m,44,chain_residual_adjusted,24.5622,15.5512,9.011,"{""from_to_mid"": {""intercept"": 10.338178902455667, ""slope"": 1.9441152931070458}, ""mid_to_to"": {""intercept"": 74.61833065253131, ""slope"": 3.5206024395805}, ""residual_k"": 3.388246769924862e-13, ""mid_event"": ""1500m""}",chain via 1500m + residual k=0.0000,Uses actual 1500m: adjust 5000m pred by k×(1500m residual from 800m). mid_only_linear CV med|err|=15.551s
6_to_10,Men,Distance,1500m,800m,85,binned_ratio,2.4744,2.3366,0.1378,"{""edges"": [239.17000000000002, 244.615, 251.24, 255.185, 261.5, 266.63, 275.98, 291.865, 312.79], ""ratios"": [0.49568120716019104, 0.48987621094514666, 0.48806933034744115, 0.4916962091087228, 0.48807635334839616, 0.4867749657284847, 0.4841123574744394, 0.47610816483613233, 0.47904401234764343]}",9 bins (see JSON),to = from × median_ratio within 8 speed bins
6_to_10,Men,Distance,1500m,5000m,54,robust_trimmed_linear,17.1204,16.5745,0.5459,"{""intercept"": 98.33045738774649, ""slope"": 3.410848400273993}","{""intercept"": 98.33045738774649, ""slope"": 3.410848400273993}",OLS after trimming large residuals
6_to_10,Men,Distance,5000m,800m,44,median_ratio,2.9143,2.7406,0.1738,"{""ratio"": 0.13176030046818243}",x × 0.1318,to = from × median(to/from)
6_to_10,Men,Distance,5000m,1500m,54,robust_trimmed_linear,4.5027,4.1909,0.3118,"{""intercept"": 10.64805854325482, ""slope"": 0.2525799692938598}","{""intercept"": 10.64805854325482, ""slope"": 0.2525799692938598}",OLS after trimming large residuals
6_to_10,Women,Distance,800m,1500m,28,robust_trimmed_linear,10.9616,10.9337,0.0278,"{""intercept"": 50.003698881865944, ""slope"": 1.7255056154301873}","{""intercept"": 50.003698881865944, ""slope"": 1.7255056154301873}",OLS after trimming large residuals
6_to_10,Women,Distance,1500m,800m,28,log_linear,5.2526,4.5553,0.6973,"{""intercept"": -0.16390113444757404, ""slope"": 0.9046768384285031}",exp(-0.1639 + 0.9047×log(x)),log(to) = a + b×log(from); multiplicative
