gender,season,event_group,result_count,athlete_count,avg_point_jump,median_point_jump
Men,2024,Distance,1,495,0.0,0.0
Men,2024,Distance,2,332,20.74,0.0
Men,2024,Distance,3,166,32.23,7.0
Men,2024,Distance,4,99,35.83,28.0
Men,2024,Distance,5,62,43.31,34.5
Men,2024,Distance,6,39,56.82,54.0
Men,2024,Distance,7,34,36.56,27.0
Men,2024,Distance,8,20,49.45,38.0
Men,2024,Distance,9,13,75.08,74.0
Men,2024,Hurdles,1,357,0.0,0.0
Men,2024,Hurdles,2,125,32.3,0.0
Men,2024,Hurdles,3,59,57.29,18.0
Men,2024,Hurdles,4,33,41.39,18.0
Men,2024,Hurdles,5,10,25.7,9.5
Men,2024,Jumps,1,347,0.0,0.0
Men,2024,Jumps,2,150,31.41,0.0
Men,2024,Jumps,3,80,57.34,15.5
Men,2024,Jumps,4,29,35.72,18.0
Men,2024,Jumps,5,11,10.36,0.0
Men,2024,Sprints,1,314,0.0,0.0
Men,2024,Sprints,2,179,13.75,0.0
Men,2024,Sprints,3,97,34.46,0.0
Men,2024,Sprints,4,58,39.28,15.5
Men,2024,Sprints,5,36,41.64,19.0
Men,2024,Sprints,6,26,52.92,24.5
Men,2024,Sprints,7,21,60.33,66.0
Men,2024,Sprints,8,17,59.76,59.0
Men,2024,Sprints,9,16,49.0,19.0
Men,2024,Sprints,10,11,52.73,11.0
Men,2024,Sprints,12,11,37.82,36.0
Men,2024,Throws,1,361,0.0,0.0
Men,2024,Throws,2,140,30.46,0.0
Men,2024,Throws,3,64,57.52,23.5
Men,2024,Throws,4,30,35.33,19.0
Men,2024,Throws,6,10,37.9,14.5
Men,2025,Distance,1,480,0.0,0.0
Men,2025,Distance,2,231,9.58,0.0
Men,2025,Distance,3,109,32.58,16.0
Men,2025,Distance,4,66,47.98,43.5
Men,2025,Distance,5,30,69.07,63.0
Men,2025,Distance,6,15,48.6,40.0
Men,2025,Distance,7,10,80.4,85.0
Men,2025,Hurdles,1,224,0.0,0.0
Men,2025,Hurdles,2,40,22.32,0.0
Men,2025,Hurdles,3,12,46.75,0.0
Men,2025,Hurdles,5,10,52.1,38.5
Men,2025,Jumps,1,242,0.0,0.0
Men,2025,Jumps,2,48,12.69,0.0
Men,2025,Jumps,3,17,26.06,0.0
Men,2025,Sprints,1,332,0.0,0.0
Men,2025,Sprints,2,141,7.01,0.0
Men,2025,Sprints,3,54,19.7,0.0
Men,2025,Sprints,4,40,24.05,0.0
Men,2025,Sprints,5,22,23.23,5.0
Men,2025,Sprints,6,10,76.7,51.5
Men,2025,Sprints,8,10,54.5,64.0
Men,2025,Throws,1,213,0.0,0.0
Men,2025,Throws,2,54,9.41,0.0
Men,2025,Throws,3,11,13.64,0.0
Men,2026,Distance,1,445,0.0,0.0
Men,2026,Distance,2,318,13.39,0.0
Men,2026,Distance,3,144,36.55,16.0
Men,2026,Distance,4,67,54.22,30.0
Men,2026,Distance,5,50,47.28,26.5
Men,2026,Distance,6,32,60.06,41.5
Men,2026,Distance,7,16,44.88,47.5
Men,2026,Hurdles,1,346,0.0,0.0
Men,2026,Hurdles,2,117,28.37,0.0
Men,2026,Hurdles,3,39,70.82,64.0
Men,2026,Hurdles,4,14,72.93,48.0
Men,2026,Jumps,1,356,0.0,0.0
Men,2026,Jumps,2,143,20.37,0.0
Men,2026,Jumps,3,50,66.88,53.0
Men,2026,Jumps,4,16,49.0,51.5
Men,2026,Jumps,5,12,33.67,21.0
Men,2026,Sprints,1,384,0.0,0.0
Men,2026,Sprints,2,185,13.55,0.0
Men,2026,Sprints,3,102,27.88,0.0
Men,2026,Sprints,4,39,29.44,7.0
Men,2026,Sprints,5,29,45.52,18.0
Men,2026,Sprints,6,27,43.11,35.0
Men,2026,Throws,1,363,0.0,0.0
Men,2026,Throws,2,143,23.68,0.0
Men,2026,Throws,3,42,69.38,62.5
Men,2026,Throws,5,12,37.75,31.0
Women,2024,Distance,1,286,0.0,0.0
Women,2024,Distance,2,172,15.11,0.0
Women,2024,Distance,3,83,38.89,24.0
Women,2024,Distance,4,46,29.24,18.0
Women,2024,Distance,5,16,59.19,54.0
Women,2024,Distance,6,12,52.58,54.5
Women,2024,Distance,7,10,60.4,52.0
Women,2024,Hurdles,1,228,0.0,0.0
Women,2024,Hurdles,2,59,28.03,0.0
Women,2024,Hurdles,3,27,61.26,42.0
Women,2024,Hurdles,5,13,50.54,48.0
Women,2024,Hurdles,6,12,62.42,52.5
Women,2024,Jumps,1,221,0.0,0.0
Women,2024,Jumps,2,82,20.6,0.0
Women,2024,Jumps,3,28,57.54,5.5
Women,2024,Jumps,4,15,35.47,42.0
Women,2024,Jumps,5,12,36.25,40.5
Women,2024,Sprints,1,192,0.0,0.0
Women,2024,Sprints,2,100,21.67,0.0
Women,2024,Sprints,3,45,32.33,0.0
Women,2024,Sprints,4,36,35.56,18.5
Women,2024,Sprints,5,20,30.85,28.0
Women,2024,Sprints,6,10,34.5,31.0
Women,2024,Throws,1,233,0.0,0.0
Women,2024,Throws,2,73,23.86,0.0
Women,2024,Throws,3,25,41.8,5.0
Women,2024,Throws,4,17,32.18,12.0
Women,2025,Distance,1,258,0.0,0.0
Women,2025,Distance,2,118,10.85,0.0
Women,2025,Distance,3,29,38.66,14.0
Women,2025,Distance,4,16,51.38,37.5
Women,2025,Hurdles,1,96,0.0,0.0
Women,2025,Hurdles,2,22,6.27,0.0
Women,2025,Jumps,1,99,0.0,0.0
Women,2025,Jumps,2,33,3.76,0.0
Women,2025,Jumps,3,10,43.3,0.0
Women,2025,Sprints,1,139,0.0,0.0
Women,2025,Sprints,2,71,7.51,0.0
Women,2025,Sprints,3,26,19.31,0.0
Women,2025,Sprints,4,23,27.96,14.0
Women,2025,Throws,1,92,0.0,0.0
Women,2025,Throws,2,31,0.77,0.0
Women,2026,Distance,1,225,0.0,0.0
Women,2026,Distance,2,163,10.7,0.0
Women,2026,Distance,3,84,31.1,0.0
Women,2026,Distance,4,45,27.02,9.0
Women,2026,Distance,5,14,56.0,34.5
Women,2026,Distance,6,11,37.27,38.0
Women,2026,Hurdles,1,181,0.0,0.0
Women,2026,Hurdles,2,55,19.04,0.0
Women,2026,Hurdles,3,23,14.09,0.0
Women,2026,Hurdles,4,10,17.5,0.0
Women,2026,Jumps,1,191,0.0,0.0
Women,2026,Jumps,2,56,14.86,0.0
Women,2026,Jumps,3,37,26.38,0.0
Women,2026,Sprints,1,156,0.0,0.0
Women,2026,Sprints,2,88,8.0,0.0
Women,2026,Sprints,3,32,24.06,0.0
Women,2026,Sprints,4,34,31.29,0.0
Women,2026,Sprints,5,18,48.72,27.0
Women,2026,Throws,1,185,0.0,0.0
Women,2026,Throws,2,63,13.14,0.0
Women,2026,Throws,3,22,43.5,15.0
