gender,event_group,result_count,seasons_averaged,seasons,avg_point_jump,total_athlete_count
Men,Distance,1,3,"2024,2025,2026",0.0,1420
Men,Distance,2,3,"2024,2025,2026",14.57,881
Men,Distance,3,3,"2024,2025,2026",33.79,419
Men,Distance,4,3,"2024,2025,2026",46.01,232
Men,Distance,5,3,"2024,2025,2026",53.22,142
Men,Distance,6,3,"2024,2025,2026",55.16,86
Men,Distance,7,3,"2024,2025,2026",53.95,60
Men,Distance,8,1,2024,49.45,20
Men,Distance,9,1,2024,75.08,13
Men,Hurdles,1,3,"2024,2025,2026",0.0,927
Men,Hurdles,2,3,"2024,2025,2026",27.66,282
Men,Hurdles,3,3,"2024,2025,2026",58.29,110
Men,Hurdles,4,2,"2024,2026",57.16,47
Men,Hurdles,5,2,"2024,2025",38.9,20
Men,Jumps,1,3,"2024,2025,2026",0.0,945
Men,Jumps,2,3,"2024,2025,2026",21.49,341
Men,Jumps,3,3,"2024,2025,2026",50.09,147
Men,Jumps,4,2,"2024,2026",42.36,45
Men,Jumps,5,2,"2024,2026",22.02,23
Men,Sprints,1,3,"2024,2025,2026",0.0,1030
Men,Sprints,2,3,"2024,2025,2026",11.44,505
Men,Sprints,3,3,"2024,2025,2026",27.35,253
Men,Sprints,4,3,"2024,2025,2026",30.92,137
Men,Sprints,5,3,"2024,2025,2026",36.8,87
Men,Sprints,6,3,"2024,2025,2026",57.58,63
Men,Sprints,7,1,2024,60.33,21
Men,Sprints,8,2,"2024,2025",57.13,27
Men,Sprints,9,1,2024,49.0,16
Men,Sprints,10,1,2024,52.73,11
Men,Sprints,12,1,2024,37.82,11
Men,Throws,1,3,"2024,2025,2026",0.0,937
Men,Throws,2,3,"2024,2025,2026",21.18,337
Men,Throws,3,3,"2024,2025,2026",46.85,117
Men,Throws,4,1,2024,35.33,30
Men,Throws,5,1,2026,37.75,12
Men,Throws,6,1,2024,37.9,10
Women,Distance,1,3,"2024,2025,2026",0.0,769
Women,Distance,2,3,"2024,2025,2026",12.22,453
Women,Distance,3,3,"2024,2025,2026",36.22,196
Women,Distance,4,3,"2024,2025,2026",35.88,107
Women,Distance,5,2,"2024,2026",57.59,30
Women,Distance,6,2,"2024,2026",44.92,23
Women,Distance,7,1,2024,60.4,10
Women,Hurdles,1,3,"2024,2025,2026",0.0,505
Women,Hurdles,2,3,"2024,2025,2026",17.78,136
Women,Hurdles,3,2,"2024,2026",37.67,50
Women,Hurdles,4,1,2026,17.5,10
Women,Hurdles,5,1,2024,50.54,13
Women,Hurdles,6,1,2024,62.42,12
Women,Jumps,1,3,"2024,2025,2026",0.0,511
Women,Jumps,2,3,"2024,2025,2026",13.07,171
Women,Jumps,3,3,"2024,2025,2026",42.41,75
Women,Jumps,4,1,2024,35.47,15
Women,Jumps,5,1,2024,36.25,12
Women,Sprints,1,3,"2024,2025,2026",0.0,487
Women,Sprints,2,3,"2024,2025,2026",12.39,259
Women,Sprints,3,3,"2024,2025,2026",25.23,103
Women,Sprints,4,3,"2024,2025,2026",31.6,93
Women,Sprints,5,2,"2024,2026",39.78,38
Women,Sprints,6,1,2024,34.5,10
Women,Throws,1,3,"2024,2025,2026",0.0,510
Women,Throws,2,3,"2024,2025,2026",12.59,167
Women,Throws,3,2,"2024,2026",42.65,47
Women,Throws,4,1,2024,32.18,17
