band_width,band,band_lo,band_hi,n_athlete_seasons,pairs_evaluated,mean_best_cv,mean_linear_cv,median_best_cv
100,all,,,2600,24,6.7676,8.1395,2.37
100,0-100,0,100,89,4,14.027,18.8406,8.7955
100,50-150,50,150,123,12,9.8087,11.2765,3.7435
100,100-200,100,200,191,14,8.3672,9.7783,4.6081
100,150-250,150,250,256,14,8.3911,9.1185,4.4658
100,200-300,200,300,337,14,7.5713,8.837,3.6817
100,250-350,250,350,399,18,6.2671,6.8687,1.8662
100,300-400,300,400,505,18,5.4391,6.8329,1.86
100,350-450,350,450,651,22,8.6991,9.5363,2.8071
100,400-500,400,500,763,22,7.5523,8.0681,2.5497
100,450-550,450,550,872,22,7.0939,7.9846,2.5727
100,500-600,500,600,957,22,6.7013,7.5076,2.5716
100,550-650,550,650,1003,24,5.92,7.006,2.0585
100,600-700,600,700,949,24,5.3353,6.2221,2.2079
100,650-750,650,750,845,24,4.774,5.8111,1.9155
100,700-800,700,800,722,24,4.1388,5.4563,1.7738
100,750-850,750,850,518,22,3.9123,4.6639,1.2593
100,800-900,800,900,339,16,3.1112,4.7492,1.4891
100,850-950,850,950,184,10,2.4117,2.7165,0.4812
100,900-1000,900,1000,73,2,0.1474,0.1613,0.1474
100,950-1050,950,1050,19,0,,,
100,1000-1100,1000,1100,6,0,,,
150,all,,,2600,24,6.7676,8.1395,2.37
150,0-150,0,150,142,12,10.0429,11.7868,3.4423
150,50-200,50,200,219,14,9.6308,10.7975,4.7275
150,100-250,100,250,293,14,8.4954,9.477,4.5267
150,150-300,150,300,396,16,7.4419,8.3453,3.0907
150,200-350,200,350,488,18,6.4156,7.2922,2.2748
150,250-400,250,400,596,22,9.9826,11.8056,4.0792
150,300-450,300,450,782,22,8.6102,9.9763,3.1136
150,350-500,350,500,932,22,8.6058,9.4754,3.0124
150,400-550,400,550,1057,22,7.5617,8.6234,2.616
150,450-600,450,600,1186,22,7.3579,7.8153,2.8934
150,500-650,500,650,1259,24,6.3669,7.4664,2.1424
150,550-700,550,700,1242,24,5.6573,6.6261,2.3344
150,600-750,600,750,1158,24,5.4189,6.4803,1.8034
150,650-800,650,800,990,24,5.0055,6.2101,1.9332
150,700-850,700,850,785,24,4.494,5.6172,1.7176
150,750-900,750,900,551,22,3.8871,4.5915,1.2466
150,800-950,800,950,348,16,3.1314,4.863,1.416
150,850-1000,850,1000,187,10,2.4116,2.681,0.4812
150,900-1050,900,1050,75,2,0.1277,0.1305,0.1277
150,950-1100,950,1100,19,0,,,
150,1000-1150,1000,1150,6,0,,,
200,all,,,2600,24,6.7676,8.1395,2.37
200,0-200,0,200,235,14,9.7186,11.5194,4.54
200,50-250,50,250,316,14,9.4274,10.2938,4.6559
200,100-300,100,300,430,16,7.7356,8.8151,3.2256
200,150-350,150,350,535,18,6.6776,8.1681,2.4076
200,200-400,200,400,660,22,9.1465,10.8252,4.2005
200,250-450,250,450,850,22,9.4017,10.5234,3.79
200,300-500,300,500,1041,24,7.862,9.1933,2.7676
200,350-550,350,550,1206,24,7.2506,8.7482,2.3456
200,400-600,400,600,1338,24,6.9196,7.4654,2.215
200,450-650,450,650,1458,24,6.5546,7.7583,2.0647
200,500-700,500,700,1480,24,6.1817,7.1967,2.3036
200,550-750,550,750,1428,24,5.8494,6.9237,2.1463
200,600-800,600,800,1287,24,5.7305,6.7829,1.7431
200,650-850,650,850,1047,24,5.0465,6.2169,1.8302
200,700-900,700,900,809,24,4.5278,5.7199,1.7138
200,750-950,750,950,556,22,3.8708,4.6102,1.2719
200,800-1000,800,1000,351,18,2.8376,4.418,0.8563
200,850-1050,850,1050,187,10,2.4116,2.681,0.4812
200,900-1100,900,1100,75,2,0.1277,0.1305,0.1277
200,950-1150,950,1150,19,0,,,
200,1000-1200,1000,1200,6,0,,,
