season,discipline,gender,event_id,event_name,place,result_time,world_athletics_points,athlete_id,event_type_used,meet_id
2024,Sprints,Men,3,100m,1,10.89,916.0,3578,Prelims,227
2024,Sprints,Men,3,100m,2,10.95,898.0,3944,Prelims,227
2024,Sprints,Men,3,100m,3,11.08,860.0,5238,Prelims,227
2024,Sprints,Men,3,100m,4,11.15,840.0,4405,Prelims,227
2024,Sprints,Men,3,100m,5,11.20,825.0,3843,Prelims,227
2024,Sprints,Men,3,100m,6,11.20,825.0,3809,Prelims,227
2024,Sprints,Men,3,100m,7,11.20,825.0,4727,Prelims,227
2024,Sprints,Men,3,100m,8,11.22,820.0,5246,Prelims,227
2024,Sprints,Men,3,100m,9,11.22,820.0,3871,Prelims,227
2024,Sprints,Men,4,200m,1,21.73,961.0,3578,Prelims,227
2024,Sprints,Men,4,200m,2,22.47,861.0,3843,Prelims,227
2024,Sprints,Men,4,200m,3,22.59,845.0,3723,Prelims,227
2024,Sprints,Men,4,200m,4,22.64,838.0,4509,Prelims,227
2024,Sprints,Men,4,200m,5,22.68,833.0,3719,Prelims,227
2024,Sprints,Men,4,200m,6,22.74,825.0,3513,Prelims,227
2024,Sprints,Men,4,200m,7,22.74,825.0,3871,Prelims,227
2024,Sprints,Men,4,200m,8,22.77,821.0,5238,Prelims,227
2024,Sprints,Men,6,400m,1,48.90,924.0,3578,(unlabeled),227
2024,Sprints,Men,6,400m,2,50.66,819.0,3723,(unlabeled),227
2024,Sprints,Men,6,400m,3,50.96,802.0,3846,(unlabeled),227
2024,Sprints,Men,6,400m,4,51.27,784.0,554,(unlabeled),227
2024,Sprints,Men,6,400m,5,51.31,782.0,5566,(unlabeled),227
2024,Sprints,Men,6,400m,6,52.02,742.0,5567,(unlabeled),227
2024,Sprints,Men,6,400m,7,52.15,735.0,3508,(unlabeled),227
2024,Sprints,Men,6,400m,8,52.24,730.0,5248,(unlabeled),227
2024,Sprints,Women,3,100m,1,12.28,935.0,4242,Prelims,227
2024,Sprints,Women,3,100m,2,12.46,900.0,3793,Prelims,227
2024,Sprints,Women,3,100m,3,12.47,899.0,3658,Prelims,227
2024,Sprints,Women,3,100m,4,12.54,885.0,4243,Prelims,227
2024,Sprints,Women,3,100m,5,12.61,872.0,3795,Prelims,227
2024,Sprints,Women,3,100m,6,12.64,867.0,4265,Prelims,227
2024,Sprints,Women,3,100m,7,12.81,835.0,3972,Prelims,227
2024,Sprints,Women,3,100m,8,12.86,826.0,3650,Prelims,227
2024,Sprints,Women,4,200m,1,25.67,880.0,3658,Prelims,227
2024,Sprints,Women,4,200m,2,26.13,840.0,4242,Prelims,227
2024,Sprints,Women,4,200m,3,26.70,791.0,3796,Prelims,227
2024,Sprints,Women,4,200m,4,26.74,788.0,4265,Prelims,227
2024,Sprints,Women,4,200m,5,26.80,783.0,4016,Prelims,227
2024,Sprints,Women,4,200m,6,26.81,782.0,4243,Prelims,227
2024,Sprints,Women,4,200m,7,26.85,778.0,3650,Prelims,227
2024,Sprints,Women,4,200m,8,26.87,777.0,4162,Prelims,227
2024,Sprints,Women,6,400m,1,58.71,880.0,3650,(unlabeled),227
2024,Sprints,Women,6,400m,2,1:01.35,792.0,3798,(unlabeled),227
2024,Sprints,Women,6,400m,3,1:01.81,777.0,3532,(unlabeled),227
2024,Sprints,Women,6,400m,4,1:01.83,776.0,4016,(unlabeled),227
2024,Sprints,Women,6,400m,5,1:02.19,765.0,976,(unlabeled),227
2024,Sprints,Women,6,400m,6,1:02.32,761.0,4105,(unlabeled),227
2024,Sprints,Women,6,400m,7,1:02.58,752.0,1945,(unlabeled),227
2024,Sprints,Women,6,400m,8,1:02.63,751.0,4289,(unlabeled),227
2024,Distance,Men,9,800m,1,1:54.70,896.0,2492,(unlabeled),227
2024,Distance,Men,9,800m,2,1:54.70,896.0,1216,(unlabeled),227
2024,Distance,Men,9,800m,3,1:54.94,890.0,2858,(unlabeled),227
2024,Distance,Men,9,800m,4,1:55.31,880.0,539,(unlabeled),227
2024,Distance,Men,9,800m,5,1:56.22,856.0,678,(unlabeled),227
2024,Distance,Men,9,800m,6,1:56.54,848.0,2860,(unlabeled),227
2024,Distance,Men,9,800m,7,1:57.28,829.0,530,(unlabeled),227
2024,Distance,Men,9,800m,8,1:57.50,823.0,1552,(unlabeled),227
2024,Distance,Men,11,1500m,1,3:58.96,867.0,678,(unlabeled),227
2024,Distance,Men,11,1500m,2,4:01.92,832.0,2858,(unlabeled),227
2024,Distance,Men,11,1500m,3,4:02.32,827.0,1989,(unlabeled),227
2024,Distance,Men,11,1500m,4,4:02.81,821.0,666,(unlabeled),227
2024,Distance,Men,11,1500m,5,4:03.26,816.0,4535,(unlabeled),227
2024,Distance,Men,11,1500m,6,4:03.63,812.0,2193,(unlabeled),227
2024,Distance,Men,11,1500m,7,4:04.93,797.0,130,(unlabeled),227
2024,Distance,Men,11,1500m,8,4:05.89,786.0,4368,(unlabeled),227
2024,Distance,Men,17,5000m,1,14:51.26,836.0,666,(unlabeled),227
2024,Distance,Men,17,5000m,2,14:52.74,831.0,505,(unlabeled),227
2024,Distance,Men,17,5000m,3,14:52.98,831.0,673,(unlabeled),227
2024,Distance,Men,17,5000m,4,14:53.98,828.0,451,(unlabeled),227
2024,Distance,Men,17,5000m,5,14:54.36,827.0,1989,(unlabeled),227
2024,Distance,Men,17,5000m,6,14:57.25,818.0,2007,(unlabeled),227
2024,Distance,Men,17,5000m,7,14:57.56,817.0,2584,(unlabeled),227
2024,Distance,Men,17,5000m,8,14:58.18,815.0,1522,(unlabeled),227
2024,Distance,Men,20,3000m Steeplechase,1,9:28.97,611.0,466,(unlabeled),227
2024,Distance,Men,20,3000m Steeplechase,2,9:34.59,586.0,667,(unlabeled),227
2024,Distance,Men,20,3000m Steeplechase,3,9:38.82,567.0,5236,(unlabeled),227
2024,Distance,Men,20,3000m Steeplechase,4,9:39.51,564.0,1996,(unlabeled),227
2024,Distance,Men,20,3000m Steeplechase,5,9:48.57,526.0,2007,(unlabeled),227
2024,Distance,Men,20,3000m Steeplechase,6,9:54.72,500.0,2858,(unlabeled),227
2024,Distance,Men,20,3000m Steeplechase,7,9:56.53,493.0,1998,(unlabeled),227
2024,Distance,Men,20,3000m Steeplechase,8,9:58.82,484.0,1992,(unlabeled),227
2024,Distance,Women,9,800m,1,2:20.09,830.0,1928,(unlabeled),227
2024,Distance,Women,9,800m,2,2:25.00,758.0,2512,(unlabeled),227
2024,Distance,Women,9,800m,3,2:26.00,743.0,246,(unlabeled),227
2024,Distance,Women,9,800m,4,2:27.12,728.0,1930,(unlabeled),227
2024,Distance,Women,9,800m,5,2:27.27,725.0,3366,(unlabeled),227
2024,Distance,Women,9,800m,6,2:27.50,722.0,807,(unlabeled),227
2024,Distance,Women,9,800m,7,2:28.22,712.0,291,(unlabeled),227
2024,Distance,Women,9,800m,8,2:28.45,709.0,620,(unlabeled),227
2024,Distance,Women,11,1500m,1,4:54.19,809.0,1967,(unlabeled),227
2024,Distance,Women,11,1500m,2,5:00.91,765.0,1929,(unlabeled),227
2024,Distance,Women,11,1500m,3,5:01.76,760.0,577,(unlabeled),227
2024,Distance,Women,11,1500m,4,5:03.16,751.0,2160,(unlabeled),227
2024,Distance,Women,11,1500m,5,5:04.60,742.0,67,(unlabeled),227
2024,Distance,Women,11,1500m,6,5:05.90,734.0,2241,(unlabeled),227
2024,Distance,Women,11,1500m,7,5:05.96,733.0,1930,(unlabeled),227
2024,Distance,Women,11,1500m,8,5:09.60,711.0,234,(unlabeled),227
2024,Distance,Women,17,5000m,1,17:20.06,907.0,2499,(unlabeled),227
2024,Distance,Women,17,5000m,2,17:39.29,875.0,5527,(unlabeled),227
2024,Distance,Women,17,5000m,3,18:00.97,839.0,807,(unlabeled),227
2024,Distance,Women,17,5000m,4,18:17.23,812.0,3740,(unlabeled),227
2024,Distance,Women,17,5000m,5,18:33.52,786.0,282,(unlabeled),227
2024,Distance,Women,17,5000m,6,18:33.75,785.0,1967,(unlabeled),227
2024,Distance,Women,17,5000m,7,18:39.78,776.0,65,(unlabeled),227
2024,Distance,Women,17,5000m,8,18:42.56,771.0,567,(unlabeled),227
2024,Distance,Women,20,3000m Steeplechase,1,12:02.44,590.0,234,(unlabeled),227
2024,Distance,Women,20,3000m Steeplechase,2,12:06.04,581.0,568,(unlabeled),227
2024,Distance,Women,20,3000m Steeplechase,3,12:07.33,578.0,577,(unlabeled),227
2024,Distance,Women,20,3000m Steeplechase,4,12:16.16,557.0,68,(unlabeled),227
2024,Distance,Women,20,3000m Steeplechase,5,12:24.93,536.0,992,(unlabeled),227
2024,Distance,Women,20,3000m Steeplechase,6,12:25.90,534.0,1931,(unlabeled),227
2024,Distance,Women,20,3000m Steeplechase,7,12:37.07,508.0,1748,(unlabeled),227
2024,Distance,Women,20,3000m Steeplechase,8,12:39.60,502.0,3098,(unlabeled),227
2024,Hurdles,Men,35,110m Hurdles,1,15.63,790.0,3846,(unlabeled),227
2024,Hurdles,Men,35,110m Hurdles,2,15.64,789.0,4457,(unlabeled),227
2024,Hurdles,Men,35,110m Hurdles,3,15.74,773.0,3808,(unlabeled),227
2024,Hurdles,Men,35,110m Hurdles,4,15.76,770.0,4440,(unlabeled),227
2024,Hurdles,Men,35,110m Hurdles,5,16.08,722.0,5187,(unlabeled),227
2024,Hurdles,Men,35,110m Hurdles,6,16.41,673.0,3733,(unlabeled),227
2024,Hurdles,Men,35,110m Hurdles,7,16.52,658.0,3722,(unlabeled),227
2024,Hurdles,Men,35,110m Hurdles,8,16.57,651.0,5252,(unlabeled),227
2024,Hurdles,Men,37,400m Hurdles,1,57.82,774.0,928,(unlabeled),227
2024,Hurdles,Men,37,400m Hurdles,2,58.34,753.0,3733,(unlabeled),227
2024,Hurdles,Men,37,400m Hurdles,3,59.69,699.0,5233,(unlabeled),227
2024,Hurdles,Men,37,400m Hurdles,4,1:00.11,683.0,5236,(unlabeled),227
2024,Hurdles,Men,37,400m Hurdles,5,1:00.73,659.0,4095,(unlabeled),227
2024,Hurdles,Men,37,400m Hurdles,6,1:01.69,623.0,3700,(unlabeled),227
2024,Hurdles,Men,37,400m Hurdles,7,1:02.14,607.0,4461,(unlabeled),227
2024,Hurdles,Men,37,400m Hurdles,8,1:02.34,600.0,3788,(unlabeled),227
2024,Hurdles,Women,34,100m Hurdles,1,15.43,843.0,3795,(unlabeled),227
2024,Hurdles,Women,34,100m Hurdles,2,16.01,777.0,3825,(unlabeled),227
2024,Hurdles,Women,34,100m Hurdles,3,16.24,752.0,3566,(unlabeled),227
2024,Hurdles,Women,34,100m Hurdles,4,17.12,659.0,3798,(unlabeled),227
2024,Hurdles,Women,34,100m Hurdles,5,17.37,633.0,3932,(unlabeled),227
2024,Hurdles,Women,34,100m Hurdles,6,17.47,623.0,4599,(unlabeled),227
2024,Hurdles,Women,34,100m Hurdles,7,17.48,622.0,1054,(unlabeled),227
2024,Hurdles,Women,34,100m Hurdles,8,17.58,612.0,3975,(unlabeled),227
2024,Hurdles,Women,37,400m Hurdles,1,1:07.89,804.0,3798,(unlabeled),227
2024,Hurdles,Women,37,400m Hurdles,2,1:10.26,744.0,3848,(unlabeled),227
2024,Hurdles,Women,37,400m Hurdles,3,1:10.98,726.0,4755,(unlabeled),227
2024,Hurdles,Women,37,400m Hurdles,4,1:12.59,687.0,1054,(unlabeled),227
2024,Hurdles,Women,37,400m Hurdles,5,1:13.03,676.0,4740,(unlabeled),227
2024,Hurdles,Women,37,400m Hurdles,6,1:13.37,668.0,3932,(unlabeled),227
2024,Hurdles,Women,37,400m Hurdles,7,1:14.74,636.0,4599,(unlabeled),227
2024,Hurdles,Women,37,400m Hurdles,8,1:17.36,577.0,3975,(unlabeled),227
2024,Jumps,Men,38,Long Jump,1,6.83m,884.0,5607,(unlabeled),227
2024,Jumps,Men,38,Long Jump,2,6.68m,852.0,4462,(unlabeled),227
2024,Jumps,Men,38,Long Jump,3,6.67m,850.0,4382,(unlabeled),227
2024,Jumps,Men,38,Long Jump,4,6.65m,845.0,4440,(unlabeled),227
2024,Jumps,Men,38,Long Jump,5,6.55m,824.0,3694,(unlabeled),227
2024,Jumps,Men,38,Long Jump,6,6.46m,805.0,3578,(unlabeled),227
2024,Jumps,Men,38,Long Jump,7,6.32m,775.0,4419,(unlabeled),227
2024,Jumps,Men,38,Long Jump,8,6.21m,752.0,4378,(unlabeled),227
2024,Jumps,Men,39,Triple Jump,1,13.72m,819.0,3515,(unlabeled),227
2024,Jumps,Men,39,Triple Jump,2,13.34m,779.0,3694,(unlabeled),227
2024,Jumps,Men,39,Triple Jump,3,13.20m,765.0,3578,(unlabeled),227
2024,Jumps,Men,39,Triple Jump,4,12.83m,727.0,4410,(unlabeled),227
2024,Jumps,Men,39,Triple Jump,5,12.69m,712.0,4378,(unlabeled),227
2024,Jumps,Men,39,Triple Jump,6,12.60m,703.0,2139,(unlabeled),227
2024,Jumps,Men,39,Triple Jump,7,12.37m,680.0,3512,(unlabeled),227
2024,Jumps,Men,39,Triple Jump,8,12.34m,677.0,5225,(unlabeled),227
2024,Jumps,Men,40,High Jump,1,1.89m,810.0,3694,(unlabeled),227
2024,Jumps,Men,40,High Jump,2,1.89m,810.0,5605,(unlabeled),227
2024,Jumps,Men,40,High Jump,3,1.86m,784.0,4143,(unlabeled),227
2024,Jumps,Men,40,High Jump,4,1.83m,758.0,4441,(unlabeled),227
2024,Jumps,Men,40,High Jump,5,1.80m,732.0,4038,(unlabeled),227
2024,Jumps,Men,40,High Jump,6,1.75m,689.0,4445,(unlabeled),227
2024,Jumps,Men,40,High Jump,7,1.75m,689.0,3571,(unlabeled),227
2024,Jumps,Men,40,High Jump,8,1.75m,689.0,5502,(unlabeled),227
2024,Jumps,Men,40,High Jump,9,1.75m,689.0,4462,(unlabeled),227
2024,Jumps,Women,38,Long Jump,1,5.83m,960.0,3717,(unlabeled),227
2024,Jumps,Women,38,Long Jump,2,5.50m,888.0,4259,(unlabeled),227
2024,Jumps,Women,38,Long Jump,3,5.47m,882.0,3793,(unlabeled),227
2024,Jumps,Women,38,Long Jump,4,5.37m,860.0,4755,(unlabeled),227
2024,Jumps,Women,38,Long Jump,5,5.14m,811.0,4177,(unlabeled),227
2024,Jumps,Women,38,Long Jump,6,5.13m,809.0,3825,(unlabeled),227
2024,Jumps,Women,38,Long Jump,7,5.08m,798.0,5510,(unlabeled),227
2024,Jumps,Women,38,Long Jump,8,5.08m,798.0,4290,(unlabeled),227
2024,Jumps,Women,39,Triple Jump,1,12.14m,927.0,3717,(unlabeled),227
2024,Jumps,Women,39,Triple Jump,2,11.99m,912.0,3793,(unlabeled),227
2024,Jumps,Women,39,Triple Jump,3,11.58m,871.0,4755,(unlabeled),227
2024,Jumps,Women,39,Triple Jump,4,10.99m,812.0,4259,(unlabeled),227
2024,Jumps,Women,39,Triple Jump,5,10.97m,810.0,3664,(unlabeled),227
2024,Jumps,Women,39,Triple Jump,6,10.86m,799.0,3657,(unlabeled),227
2024,Jumps,Women,39,Triple Jump,7,10.76m,789.0,5510,(unlabeled),227
2024,Jumps,Women,39,Triple Jump,8,10.53m,766.0,4260,(unlabeled),227
2024,Jumps,Women,40,High Jump,1,1.57m,792.0,3566,(unlabeled),227
2024,Jumps,Women,40,High Jump,2,1.52m,744.0,3656,(unlabeled),227
2024,Jumps,Women,40,High Jump,3,1.52m,744.0,5207,(unlabeled),227
2024,Jumps,Women,40,High Jump,4,1.52m,744.0,3966,(unlabeled),227
2024,Jumps,Women,40,High Jump,5,1.47m,697.0,3792,(unlabeled),227
2024,Jumps,Women,40,High Jump,6,1.47m,697.0,5532,(unlabeled),227
2024,Jumps,Women,40,High Jump,7,1.47m,697.0,4259,(unlabeled),227
2024,Jumps,Women,40,High Jump,8,1.47m,697.0,4302,(unlabeled),227
2024,Jumps,Women,40,High Jump,9,1.47m,697.0,5481,(unlabeled),227
2024,Jumps,Women,40,High Jump,10,1.47m,697.0,3825,(unlabeled),227
2024,Throws,Men,41,Shot Put,1,14.20m,776.0,3692,(unlabeled),227
2024,Throws,Men,41,Shot Put,2,13.51m,735.0,3706,(unlabeled),227
2024,Throws,Men,41,Shot Put,3,13.13m,712.0,3697,(unlabeled),227
2024,Throws,Men,41,Shot Put,4,12.88m,697.0,4440,(unlabeled),227
2024,Throws,Men,41,Shot Put,5,12.83m,694.0,5483,(unlabeled),227
2024,Throws,Men,41,Shot Put,6,12.32m,664.0,5275,(unlabeled),227
2024,Throws,Men,41,Shot Put,7,11.81m,634.0,4425,(unlabeled),227
2024,Throws,Men,41,Shot Put,8,11.43m,612.0,4850,(unlabeled),227
2024,Throws,Men,42,Discus,1,48.06m,841.0,3706,(unlabeled),227
2024,Throws,Men,42,Discus,2,43.89m,765.0,4850,(unlabeled),227
2024,Throws,Men,42,Discus,3,42.70m,744.0,5254,(unlabeled),227
2024,Throws,Men,42,Discus,4,40.72m,707.0,4363,(unlabeled),227
2024,Throws,Men,42,Discus,5,40.06m,695.0,3697,(unlabeled),227
2024,Throws,Men,42,Discus,6,40.03m,695.0,5275,(unlabeled),227
2024,Throws,Men,42,Discus,7,37.90m,656.0,5229,(unlabeled),227
2024,Throws,Men,42,Discus,8,36.63m,633.0,5242,(unlabeled),227
2024,Throws,Women,41,Shot Put,1,12.37m,732.0,4293,(unlabeled),227
2024,Throws,Women,41,Shot Put,2,10.80m,635.0,3667,(unlabeled),227
2024,Throws,Women,41,Shot Put,3,10.52m,618.0,3669,(unlabeled),227
2024,Throws,Women,41,Shot Put,4,10.08m,590.0,3668,(unlabeled),227
2024,Throws,Women,41,Shot Put,5,9.93m,581.0,5197,(unlabeled),227
2024,Throws,Women,41,Shot Put,6,9.88m,578.0,5534,(unlabeled),227
2024,Throws,Women,41,Shot Put,7,9.70m,567.0,4275,(unlabeled),227
2024,Throws,Women,41,Shot Put,8,9.53m,556.0,5209,(unlabeled),227
2024,Throws,Women,42,Discus,1,34.98m,613.0,5536,(unlabeled),227
2024,Throws,Women,42,Discus,2,33.96m,594.0,5534,(unlabeled),227
2024,Throws,Women,42,Discus,3,33.71m,590.0,5197,(unlabeled),227
2024,Throws,Women,42,Discus,4,32.94m,576.0,5211,(unlabeled),227
2024,Throws,Women,42,Discus,5,30.89m,538.0,4455,(unlabeled),227
2024,Throws,Women,42,Discus,6,30.30m,528.0,3668,(unlabeled),227
2024,Throws,Women,42,Discus,7,30.12m,524.0,3669,(unlabeled),227
2024,Throws,Women,42,Discus,8,28.42m,493.0,4294,(unlabeled),227
2025,Sprints,Men,3,100m,1,11.15,840.0,3578,Prelims,1237
2025,Sprints,Men,3,100m,2,11.15,840.0,3846,Prelims,1237
2025,Sprints,Men,3,100m,3,11.22,820.0,3951,Prelims,1237
2025,Sprints,Men,3,100m,4,11.24,814.0,29817,Prelims,1237
2025,Sprints,Men,3,100m,5,11.25,811.0,24580,Prelims,1237
2025,Sprints,Men,3,100m,6,11.26,808.0,26548,Prelims,1237
2025,Sprints,Men,3,100m,7,11.30,797.0,3698,Prelims,1237
2025,Sprints,Men,3,100m,8,11.34,786.0,24391,Prelims,1237
2025,Sprints,Men,4,200m,1,22.50,857.0,3846,Prelims,1237
2025,Sprints,Men,4,200m,2,22.59,845.0,3578,Prelims,1237
2025,Sprints,Men,4,200m,3,22.83,814.0,24580,Prelims,1237
2025,Sprints,Men,4,200m,4,22.89,806.0,3951,Prelims,1237
2025,Sprints,Men,4,200m,5,22.91,803.0,24391,Prelims,1237
2025,Sprints,Men,4,200m,6,23.09,781.0,26139,Prelims,1237
2025,Sprints,Men,4,200m,7,23.10,779.0,3698,Prelims,1237
2025,Sprints,Men,4,200m,8,23.12,777.0,4393,Prelims,1237
2025,Sprints,Men,4,200m,9,23.12,777.0,24869,Prelims,1237
2025,Sprints,Men,6,400m,1,48.63,941.0,3578,Finals,1237
2025,Sprints,Men,6,400m,2,49.57,883.0,554,Finals,1237
2025,Sprints,Men,6,400m,3,49.67,877.0,24634,Finals,1237
2025,Sprints,Men,6,400m,4,49.78,871.0,24869,Finals,1237
2025,Sprints,Men,6,400m,5,50.38,835.0,25856,Finals,1237
2025,Sprints,Men,6,400m,6,50.41,833.0,19627,Finals,1237
2025,Sprints,Men,6,400m,7,50.51,828.0,24540,Finals,1237
2025,Sprints,Men,6,400m,8,50.81,810.0,19065,Finals,1237
2025,Sprints,Women,3,100m,1,12.57,880.0,3658,Prelims,1237
2025,Sprints,Women,3,100m,2,12.75,846.0,3793,Prelims,1237
2025,Sprints,Women,3,100m,3,12.77,843.0,24411,Prelims,1237
2025,Sprints,Women,3,100m,4,12.81,835.0,24410,Prelims,1237
2025,Sprints,Women,3,100m,5,12.88,823.0,3795,Prelims,1237
2025,Sprints,Women,3,100m,6,13.01,799.0,24572,Prelims,1237
2025,Sprints,Women,3,100m,7,13.04,794.0,3796,Prelims,1237
2025,Sprints,Women,3,100m,8,13.05,792.0,3650,Prelims,1237
2025,Sprints,Women,4,200m,1,25.41,903.0,3658,Prelims,1237
2025,Sprints,Women,4,200m,2,26.14,839.0,3650,Prelims,1237
2025,Sprints,Women,4,200m,3,26.18,835.0,24410,Prelims,1237
2025,Sprints,Women,4,200m,4,26.27,828.0,24687,Prelims,1237
2025,Sprints,Women,4,200m,5,26.35,821.0,24411,Prelims,1237
2025,Sprints,Women,4,200m,6,26.37,819.0,3796,Prelims,1237
2025,Sprints,Women,4,200m,7,26.58,801.0,24625,Prelims,1237
2025,Sprints,Women,4,200m,8,26.59,800.0,24602,Prelims,1237
2025,Sprints,Women,6,400m,1,57.51,922.0,24411,Finals,1237
2025,Sprints,Women,6,400m,2,58.29,895.0,24602,Finals,1237
2025,Sprints,Women,6,400m,3,59.51,853.0,3650,Finals,1237
2025,Sprints,Women,6,400m,4,1:00.54,819.0,3796,Finals,1237
2025,Sprints,Women,6,400m,5,1:00.55,818.0,24626,Finals,1237
2025,Sprints,Women,6,400m,6,1:00.60,817.0,24625,Finals,1237
2025,Sprints,Women,6,400m,7,1:00.80,810.0,24579,Finals,1237
2025,Sprints,Women,6,400m,8,1:01.19,797.0,24829,Finals,1237
2025,Distance,Men,9,800m,1,1:53.50,928.0,539,Finals,1237
2025,Distance,Men,9,800m,2,1:53.77,921.0,1216,Finals,1237
2025,Distance,Men,9,800m,3,1:53.88,918.0,2896,Finals,1237
2025,Distance,Men,9,800m,4,1:55.65,871.0,2492,Finals,1237
2025,Distance,Men,9,800m,5,1:55.98,862.0,24914,Finals,1237
2025,Distance,Men,9,800m,6,1:57.16,832.0,18865,Finals,1237
2025,Distance,Men,9,800m,7,1:57.34,827.0,466,Finals,1237
2025,Distance,Men,9,800m,8,1:58.04,809.0,5500,Finals,1237
2025,Distance,Men,11,1500m,1,3:55.40,909.0,19375,Finals,1237
2025,Distance,Men,11,1500m,2,3:56.40,897.0,466,Finals,1237
2025,Distance,Men,11,1500m,3,3:57.21,887.0,26626,Finals,1237
2025,Distance,Men,11,1500m,4,3:58.29,875.0,673,Finals,1237
2025,Distance,Men,11,1500m,5,3:59.33,862.0,8038,Finals,1237
2025,Distance,Men,11,1500m,6,4:00.41,849.0,2492,Finals,1237
2025,Distance,Men,11,1500m,7,4:01.83,833.0,4910,Finals,1237
2025,Distance,Men,11,1500m,8,4:02.45,826.0,26627,Finals,1237
2025,Distance,Men,17,5000m,1,15:03.24,800.0,19375,Finals,1237
2025,Distance,Men,17,5000m,2,15:11.26,776.0,18964,Finals,1237
2025,Distance,Men,17,5000m,3,15:11.44,776.0,673,Finals,1237
2025,Distance,Men,17,5000m,4,15:13.95,768.0,2007,Finals,1237
2025,Distance,Men,17,5000m,5,15:15.24,764.0,26626,Finals,1237
2025,Distance,Men,17,5000m,6,15:19.47,752.0,2584,Finals,1237
2025,Distance,Men,17,5000m,7,15:21.80,745.0,7975,Finals,1237
2025,Distance,Men,17,5000m,8,15:24.78,737.0,26699,Finals,1237
2025,Distance,Men,20,3000m Steeplechase,1,9:28.87,611.0,466,Finals,1237
2025,Distance,Men,20,3000m Steeplechase,2,9:35.08,584.0,667,Finals,1237
2025,Distance,Men,20,3000m Steeplechase,3,9:37.24,574.0,18742,Finals,1237
2025,Distance,Men,20,3000m Steeplechase,4,9:46.93,532.0,2723,Finals,1237
2025,Distance,Men,20,3000m Steeplechase,5,9:52.50,509.0,23574,Finals,1237
2025,Distance,Men,20,3000m Steeplechase,6,9:55.36,498.0,2007,Finals,1237
2025,Distance,Men,20,3000m Steeplechase,7,10:08.26,446.0,673,Finals,1237
2025,Distance,Men,20,3000m Steeplechase,8,10:15.08,420.0,1996,Finals,1237
2025,Distance,Women,9,800m,1,2:16.14,891.0,1928,Finals,1237
2025,Distance,Women,9,800m,2,2:20.13,830.0,3862,Finals,1237
2025,Distance,Women,9,800m,3,2:20.67,822.0,23384,Finals,1237
2025,Distance,Women,9,800m,4,2:21.69,806.0,24579,Finals,1237
2025,Distance,Women,9,800m,5,2:22.36,796.0,246,Finals,1237
2025,Distance,Women,9,800m,6,2:22.83,790.0,620,Finals,1237
2025,Distance,Women,9,800m,7,2:22.86,789.0,24949,Finals,1237
2025,Distance,Women,9,800m,8,2:22.94,788.0,25022,Finals,1237
2025,Distance,Women,11,1500m,1,4:38.31,917.0,3862,Finals,1237
2025,Distance,Women,11,1500m,2,4:38.57,915.0,23882,Finals,1237
2025,Distance,Women,11,1500m,3,4:41.96,892.0,23384,Finals,1237
2025,Distance,Women,11,1500m,4,4:45.24,869.0,23462,Finals,1237
2025,Distance,Women,11,1500m,5,4:50.15,836.0,18911,Finals,1237
2025,Distance,Women,11,1500m,6,4:50.23,835.0,18726,Finals,1237
2025,Distance,Women,11,1500m,7,4:51.25,829.0,577,Finals,1237
2025,Distance,Women,11,1500m,8,4:51.58,826.0,25098,Finals,1237
2025,Distance,Women,20,3000m Steeplechase,1,11:33.45,664.0,7746,Finals,1237
2025,Distance,Women,20,3000m Steeplechase,2,11:52.62,615.0,25052,Finals,1237
2025,Distance,Women,20,3000m Steeplechase,3,12:04.78,584.0,570,Finals,1237
2025,Distance,Women,20,3000m Steeplechase,4,12:15.97,557.0,568,Finals,1237
2025,Distance,Women,20,3000m Steeplechase,5,12:18.05,552.0,2924,Finals,1237
2025,Distance,Women,20,3000m Steeplechase,6,12:27.43,530.0,68,Finals,1237
2025,Distance,Women,20,3000m Steeplechase,7,12:28.76,527.0,577,Finals,1237
2025,Distance,Women,20,3000m Steeplechase,8,12:38.98,503.0,11344,Finals,1237
2025,Hurdles,Men,35,110m Hurdles,1,15.28,846.0,24574,Finals,1237
2025,Hurdles,Men,35,110m Hurdles,2,15.74,773.0,4440,Finals,1237
2025,Hurdles,Men,35,110m Hurdles,3,15.78,767.0,26553,Finals,1237
2025,Hurdles,Men,35,110m Hurdles,4,15.86,755.0,25031,Finals,1237
2025,Hurdles,Men,35,110m Hurdles,5,15.93,744.0,5252,Finals,1237
2025,Hurdles,Men,35,110m Hurdles,6,16.09,720.0,4457,Finals,1237
2025,Hurdles,Men,35,110m Hurdles,7,16.19,705.0,24415,Finals,1237
2025,Hurdles,Men,35,110m Hurdles,8,16.95,598.0,25032,Finals,1237
2025,Hurdles,Men,37,400m Hurdles,1,54.81,903.0,24574,Finals,1237
2025,Hurdles,Men,37,400m Hurdles,2,56.03,850.0,26605,Finals,1237
2025,Hurdles,Men,37,400m Hurdles,3,56.09,847.0,5233,Finals,1237
2025,Hurdles,Men,37,400m Hurdles,4,56.34,836.0,24467,Finals,1237
2025,Hurdles,Men,37,400m Hurdles,5,56.44,832.0,4440,Finals,1237
2025,Hurdles,Men,37,400m Hurdles,6,57.38,792.0,25032,Finals,1237
2025,Hurdles,Men,37,400m Hurdles,7,57.39,792.0,3733,Finals,1237
2025,Hurdles,Men,37,400m Hurdles,8,57.53,786.0,4461,Finals,1237
2025,Hurdles,Women,34,100m Hurdles,1,15.99,780.0,3795,Finals,1237
2025,Hurdles,Women,34,100m Hurdles,2,16.74,698.0,24433,Finals,1237
2025,Hurdles,Women,34,100m Hurdles,3,17.06,665.0,3848,Finals,1237
2025,Hurdles,Women,34,100m Hurdles,4,17.12,659.0,22369,Finals,1237
2025,Hurdles,Women,34,100m Hurdles,5,17.15,656.0,24679,Finals,1237
2025,Hurdles,Women,34,100m Hurdles,6,17.28,642.0,3825,Finals,1237
2025,Hurdles,Women,34,100m Hurdles,7,17.58,612.0,3566,Finals,1237
2025,Hurdles,Women,34,100m Hurdles,8,17.62,609.0,24605,Finals,1237
2025,Hurdles,Women,37,400m Hurdles,1,1:05.18,876.0,1928,Finals,1237
2025,Hurdles,Women,37,400m Hurdles,2,1:06.73,834.0,24679,Finals,1237
2025,Hurdles,Women,37,400m Hurdles,3,1:07.22,821.0,3848,Finals,1237
2025,Hurdles,Women,37,400m Hurdles,4,1:07.56,812.0,24946,Finals,1237
2025,Hurdles,Women,37,400m Hurdles,5,1:08.21,796.0,4740,Finals,1237
2025,Hurdles,Women,37,400m Hurdles,6,1:09.20,770.0,3796,Finals,1237
2025,Hurdles,Women,37,400m Hurdles,7,1:09.80,755.0,22369,Finals,1237
2025,Hurdles,Women,37,400m Hurdles,8,1:10.73,732.0,3977,Finals,1237
2025,Jumps,Men,38,Long Jump,1,6.89m,896.0,3578,Finals,1237
2025,Jumps,Men,38,Long Jump,2,6.81m,879.0,3694,Finals,1237
2025,Jumps,Men,38,Long Jump,3,6.76m,869.0,25198,Finals,1237
2025,Jumps,Men,38,Long Jump,4,6.65m,845.0,26767,Finals,1237
2025,Jumps,Men,38,Long Jump,5,6.65m,845.0,3845,Finals,1237
2025,Jumps,Men,38,Long Jump,6,6.64m,843.0,3515,Finals,1237
2025,Jumps,Men,38,Long Jump,7,6.63m,841.0,26691,Finals,1237
2025,Jumps,Men,38,Long Jump,8,6.51m,816.0,24372,Finals,1237
2025,Jumps,Men,39,Triple Jump,1,13.93m,840.0,3694,Finals,1237
2025,Jumps,Men,39,Triple Jump,2,13.74m,821.0,26691,Finals,1237
2025,Jumps,Men,39,Triple Jump,3,13.63m,809.0,3515,Finals,1237
2025,Jumps,Men,39,Triple Jump,4,13.37m,783.0,5608,Finals,1237
2025,Jumps,Men,39,Triple Jump,5,13.32m,777.0,3578,Finals,1237
2025,Jumps,Men,39,Triple Jump,6,13.28m,773.0,26692,Finals,1237
2025,Jumps,Men,39,Triple Jump,7,13.20m,765.0,5606,Finals,1237
2025,Jumps,Men,39,Triple Jump,8,13.09m,754.0,24372,Finals,1237
2025,Jumps,Men,40,High Jump,1,2.06m,958.0,26186,Finals,1237
2025,Jumps,Men,40,High Jump,2,1.98m,888.0,3694,Finals,1237
2025,Jumps,Men,40,High Jump,3,1.98m,888.0,4143,Finals,1237
2025,Jumps,Men,40,High Jump,4,1.93m,844.0,24415,Finals,1237
2025,Jumps,Men,40,High Jump,5,1.88m,801.0,4038,Finals,1237
2025,Jumps,Men,40,High Jump,6,1.88m,801.0,24614,Finals,1237
2025,Jumps,Men,40,High Jump,7,1.88m,801.0,26691,Finals,1237
2025,Jumps,Men,40,High Jump,8,1.83m,758.0,3735,Finals,1237
2025,Jumps,Men,40,High Jump,9,1.83m,758.0,4410,Finals,1237
2025,Jumps,Men,40,High Jump,10,1.83m,758.0,5606,Finals,1237
2025,Jumps,Men,40,High Jump,11,1.83m,758.0,26692,Finals,1237
2025,Jumps,Men,40,High Jump,12,1.83m,758.0,26693,Finals,1237
2025,Jumps,Women,38,Long Jump,1,5.66m,923.0,4177,Finals,1237
2025,Jumps,Women,38,Long Jump,2,5.53m,895.0,3793,Finals,1237
2025,Jumps,Women,38,Long Jump,3,5.46m,880.0,24411,Finals,1237
2025,Jumps,Women,38,Long Jump,4,5.13m,809.0,26122,Finals,1237
2025,Jumps,Women,38,Long Jump,5,5.10m,803.0,5510,Finals,1237
2025,Jumps,Women,38,Long Jump,6,5.07m,796.0,24605,Finals,1237
2025,Jumps,Women,38,Long Jump,7,5.04m,790.0,3825,Finals,1237
2025,Jumps,Women,38,Long Jump,8,4.78m,734.0,26192,Finals,1237
2025,Jumps,Women,39,Triple Jump,1,12.00m,913.0,24411,Finals,1237
2025,Jumps,Women,39,Triple Jump,2,11.72m,885.0,3793,Finals,1237
2025,Jumps,Women,39,Triple Jump,3,11.17m,830.0,24605,Finals,1237
2025,Jumps,Women,39,Triple Jump,4,10.80m,793.0,3657,Finals,1237
2025,Jumps,Women,39,Triple Jump,5,10.76m,789.0,24567,Finals,1237
2025,Jumps,Women,39,Triple Jump,6,10.53m,766.0,5510,Finals,1237
2025,Jumps,Women,39,Triple Jump,7,10.51m,764.0,4260,Finals,1237
2025,Jumps,Women,39,Triple Jump,8,10.48m,761.0,3664,Finals,1237
2025,Jumps,Women,40,High Jump,1,1.68m,897.0,26201,Finals,1237
2025,Jumps,Women,40,High Jump,2,1.63m,849.0,3566,Finals,1237
2025,Jumps,Women,40,High Jump,3,1.57m,792.0,24605,Finals,1237
2025,Jumps,Women,40,High Jump,4,1.52m,744.0,24472,Finals,1237
2025,Jumps,Women,40,High Jump,5,1.52m,744.0,4175,Finals,1237
2025,Jumps,Women,40,High Jump,6,1.52m,744.0,25874,Finals,1237
2025,Jumps,Women,40,High Jump,7,1.47m,697.0,24969,Finals,1237
2025,Jumps,Women,40,High Jump,8,1.47m,697.0,4984,Finals,1237
2025,Jumps,Women,40,High Jump,9,1.47m,697.0,5207,Finals,1237
2025,Jumps,Women,40,High Jump,10,1.47m,697.0,26695,Finals,1237
2025,Throws,Men,41,Shot Put,1,14.76m,809.0,5722,Finals,1237
2025,Throws,Men,41,Shot Put,2,14.49m,793.0,3692,Finals,1237
2025,Throws,Men,41,Shot Put,3,14.42m,789.0,3706,Finals,1237
2025,Throws,Men,41,Shot Put,4,14.30m,781.0,25555,Finals,1237
2025,Throws,Men,41,Shot Put,5,13.63m,742.0,24424,Finals,1237
2025,Throws,Men,41,Shot Put,6,13.07m,709.0,24802,Finals,1237
2025,Throws,Men,41,Shot Put,7,12.81m,693.0,5275,Finals,1237
2025,Throws,Men,41,Shot Put,8,12.73m,689.0,3697,Finals,1237
2025,Throws,Men,42,Discus,1,44.84m,783.0,3706,Finals,1237
2025,Throws,Men,42,Discus,2,41.55m,723.0,24425,Finals,1237
2025,Throws,Men,42,Discus,3,40.64m,706.0,3725,Finals,1237
2025,Throws,Men,42,Discus,4,39.97m,694.0,5275,Finals,1237
2025,Throws,Men,42,Discus,5,39.92m,693.0,3697,Finals,1237
2025,Throws,Men,42,Discus,6,39.78m,690.0,25555,Finals,1237
2025,Throws,Men,42,Discus,7,38.51m,667.0,24586,Finals,1237
2025,Throws,Men,42,Discus,8,38.25m,662.0,3692,Finals,1237
2025,Throws,Women,41,Shot Put,1,11.62m,685.0,3667,Finals,1237
2025,Throws,Women,41,Shot Put,2,10.99m,647.0,24589,Finals,1237
2025,Throws,Women,41,Shot Put,3,10.36m,608.0,5197,Finals,1237
2025,Throws,Women,41,Shot Put,4,10.31m,605.0,5209,Finals,1237
2025,Throws,Women,41,Shot Put,5,10.19m,597.0,24729,Finals,1237
2025,Throws,Women,41,Shot Put,6,10.12m,593.0,5534,Finals,1237
2025,Throws,Women,41,Shot Put,7,10.05m,589.0,24410,Finals,1237
2025,Throws,Women,41,Shot Put,8,9.82m,574.0,26229,Finals,1237
2025,Throws,Women,42,Discus,1,35.07m,614.0,26204,Finals,1237
2025,Throws,Women,42,Discus,2,32.77m,572.0,5534,Finals,1237
2025,Throws,Women,42,Discus,3,32.69m,571.0,3667,Finals,1237
2025,Throws,Women,42,Discus,4,31.96m,558.0,5211,Finals,1237
2025,Throws,Women,42,Discus,5,31.67m,552.0,24589,Finals,1237
2025,Throws,Women,42,Discus,6,30.59m,533.0,3668,Finals,1237
2025,Throws,Women,42,Discus,7,29.88m,520.0,24591,Finals,1237
2025,Throws,Women,42,Discus,8,28.37m,492.0,26229,Finals,1237
2026,Sprints,Men,3,100m,1,10.87,922.0,29817,Prelims,1536
2026,Sprints,Men,3,100m,2,10.89,916.0,24580,Prelims,1536
2026,Sprints,Men,3,100m,3,10.94,901.0,24415,Prelims,1536
2026,Sprints,Men,3,100m,4,11.00,883.0,24391,Prelims,1536
2026,Sprints,Men,3,100m,5,11.09,857.0,3719,Prelims,1536
2026,Sprints,Men,3,100m,6,11.10,854.0,3522,Prelims,1536
2026,Sprints,Men,3,100m,7,11.10,854.0,25023,Prelims,1536
2026,Sprints,Men,3,100m,8,11.12,848.0,29660,Prelims,1536
2026,Sprints,Men,4,200m,1,21.88,940.0,24580,Prelims,1536
2026,Sprints,Men,4,200m,2,22.10,910.0,24391,Prelims,1536
2026,Sprints,Men,4,200m,3,22.11,909.0,29864,Prelims,1536
2026,Sprints,Men,4,200m,4,22.12,908.0,5246,Prelims,1536
2026,Sprints,Men,4,200m,5,22.36,875.0,24415,Prelims,1536
2026,Sprints,Men,4,200m,6,22.38,873.0,29817,Prelims,1536
2026,Sprints,Men,4,200m,7,22.39,871.0,29660,Prelims,1536
2026,Sprints,Men,4,200m,8,22.45,863.0,3698,Prelims,1536
2026,Sprints,Men,6,400m,1,48.96,920.0,31313,(unlabeled),1536
2026,Sprints,Men,6,400m,2,49.27,901.0,29864,(unlabeled),1536
2026,Sprints,Men,6,400m,3,49.29,900.0,24634,(unlabeled),1536
2026,Sprints,Men,6,400m,4,49.30,900.0,29636,(unlabeled),1536
2026,Sprints,Men,6,400m,5,49.96,860.0,24914,(unlabeled),1536
2026,Sprints,Men,6,400m,6,50.00,858.0,24434,(unlabeled),1536
2026,Sprints,Men,6,400m,7,50.15,849.0,3522,(unlabeled),1536
2026,Sprints,Men,6,400m,8,50.38,835.0,24539,(unlabeled),1536
2026,Sprints,Women,3,100m,1,12.20,950.0,24572,Prelims,1536
2026,Sprints,Women,3,100m,2,12.53,887.0,24411,Prelims,1536
2026,Sprints,Women,3,100m,3,12.64,867.0,31182,Prelims,1536
2026,Sprints,Women,3,100m,4,12.66,863.0,29574,Prelims,1536
2026,Sprints,Women,3,100m,5,12.67,861.0,31193,Prelims,1536
2026,Sprints,Women,3,100m,6,12.82,834.0,24687,Prelims,1536
2026,Sprints,Women,3,100m,7,12.84,830.0,29644,Prelims,1536
2026,Sprints,Women,3,100m,8,12.87,825.0,31183,Prelims,1536
2026,Sprints,Women,4,200m,1,25.05,936.0,24572,Prelims,1536
2026,Sprints,Women,4,200m,2,25.69,878.0,24411,Prelims,1536
2026,Sprints,Women,4,200m,3,26.09,843.0,29644,Prelims,1536
2026,Sprints,Women,4,200m,4,26.23,831.0,29574,Prelims,1536
2026,Sprints,Women,4,200m,5,26.24,830.0,24687,Prelims,1536
2026,Sprints,Women,4,200m,6,26.26,829.0,24625,Prelims,1536
2026,Sprints,Women,4,200m,7,26.33,823.0,31193,Prelims,1536
2026,Sprints,Women,4,200m,8,26.35,821.0,3753,Prelims,1536
2026,Sprints,Women,6,400m,1,57.41,926.0,24411,(unlabeled),1536
2026,Sprints,Women,6,400m,2,58.81,877.0,24602,(unlabeled),1536
2026,Sprints,Women,6,400m,3,58.95,872.0,3650,(unlabeled),1536
2026,Sprints,Women,6,400m,4,59.03,869.0,31202,(unlabeled),1536
2026,Sprints,Women,6,400m,5,59.22,863.0,29644,(unlabeled),1536
2026,Sprints,Women,6,400m,6,1:00.52,819.0,1945,(unlabeled),1536
2026,Sprints,Women,6,400m,7,1:00.54,819.0,24625,(unlabeled),1536
2026,Sprints,Women,6,400m,8,1:00.59,817.0,24687,(unlabeled),1536
2026,Distance,Men,9,800m,1,1:53.01,942.0,5500,(unlabeled),1536
2026,Distance,Men,9,800m,2,1:53.11,939.0,24914,(unlabeled),1536
2026,Distance,Men,9,800m,3,1:55.29,880.0,1216,(unlabeled),1536
2026,Distance,Men,9,800m,4,1:55.48,875.0,539,(unlabeled),1536
2026,Distance,Men,9,800m,5,1:55.60,872.0,2896,(unlabeled),1536
2026,Distance,Men,9,800m,6,1:55.68,870.0,128,(unlabeled),1536
2026,Distance,Men,9,800m,7,1:55.98,862.0,28312,(unlabeled),1536
2026,Distance,Men,9,800m,8,1:56.22,856.0,3442,(unlabeled),1536
2026,Distance,Men,11,1500m,1,3:52.03,951.0,8038,(unlabeled),1536
2026,Distance,Men,11,1500m,2,3:52.74,942.0,3393,(unlabeled),1536
2026,Distance,Men,11,1500m,3,3:54.43,921.0,135,(unlabeled),1536
2026,Distance,Men,11,1500m,4,3:56.52,896.0,382,(unlabeled),1536
2026,Distance,Men,11,1500m,5,3:56.92,891.0,1715,(unlabeled),1536
2026,Distance,Men,11,1500m,6,3:57.23,887.0,28257,(unlabeled),1536
2026,Distance,Men,11,1500m,7,3:57.43,885.0,5500,(unlabeled),1536
2026,Distance,Men,11,1500m,8,3:58.79,869.0,2896,(unlabeled),1536
2026,Distance,Men,17,5000m,1,14:46.30,851.0,3393,(unlabeled),1536
2026,Distance,Men,17,5000m,2,14:52.98,831.0,27294,(unlabeled),1536
2026,Distance,Men,17,5000m,3,14:54.68,826.0,27690,(unlabeled),1536
2026,Distance,Men,17,5000m,4,14:54.87,825.0,26993,(unlabeled),1536
2026,Distance,Men,17,5000m,5,14:55.81,822.0,8038,(unlabeled),1536
2026,Distance,Men,17,5000m,6,14:56.15,821.0,2193,(unlabeled),1536
2026,Distance,Men,17,5000m,7,15:00.32,809.0,2258,(unlabeled),1536
2026,Distance,Men,17,5000m,8,15:01.10,806.0,7975,(unlabeled),1536
2026,Distance,Men,20,3000m Steeplechase,1,9:47.54,530.0,27295,(unlabeled),1536
2026,Distance,Men,20,3000m Steeplechase,2,9:51.37,514.0,673,(unlabeled),1536
2026,Distance,Men,20,3000m Steeplechase,3,9:54.23,502.0,676,(unlabeled),1536
2026,Distance,Men,20,3000m Steeplechase,4,9:54.30,502.0,28257,(unlabeled),1536
2026,Distance,Men,20,3000m Steeplechase,5,9:56.51,493.0,1996,(unlabeled),1536
2026,Distance,Men,20,3000m Steeplechase,6,9:59.45,481.0,26627,(unlabeled),1536
2026,Distance,Men,20,3000m Steeplechase,7,10:02.00,471.0,130,(unlabeled),1536
2026,Distance,Men,20,3000m Steeplechase,8,10:03.66,464.0,27216,(unlabeled),1536
2026,Distance,Women,9,800m,1,2:18.43,856.0,1945,(unlabeled),1536
2026,Distance,Women,9,800m,2,2:18.44,856.0,26944,(unlabeled),1536
2026,Distance,Women,9,800m,3,2:19.58,838.0,31202,(unlabeled),1536
2026,Distance,Women,9,800m,4,2:20.39,826.0,26947,(unlabeled),1536
2026,Distance,Women,9,800m,5,2:20.66,822.0,28712,(unlabeled),1536
2026,Distance,Women,9,800m,6,2:21.91,803.0,26946,(unlabeled),1536
2026,Distance,Women,9,800m,7,2:23.13,785.0,23384,(unlabeled),1536
2026,Distance,Women,9,800m,8,2:23.35,782.0,20764,(unlabeled),1536
2026,Distance,Women,11,1500m,1,4:37.30,924.0,26944,(unlabeled),1536
2026,Distance,Women,11,1500m,2,4:39.24,911.0,3862,(unlabeled),1536
2026,Distance,Women,11,1500m,3,4:40.22,904.0,26947,(unlabeled),1536
2026,Distance,Women,11,1500m,4,4:44.13,877.0,1725,(unlabeled),1536
2026,Distance,Women,11,1500m,5,4:47.78,852.0,1020,(unlabeled),1536
2026,Distance,Women,11,1500m,6,4:48.26,849.0,20764,(unlabeled),1536
2026,Distance,Women,11,1500m,7,4:49.30,842.0,18922,(unlabeled),1536
2026,Distance,Women,11,1500m,8,4:49.89,838.0,1686,(unlabeled),1536
2026,Distance,Women,17,5000m,1,16:08.86,1033.0,27746,(unlabeled),1536
2026,Distance,Women,17,5000m,2,16:52.00,956.0,3862,(unlabeled),1536
2026,Distance,Women,17,5000m,3,17:00.41,941.0,27747,(unlabeled),1536
2026,Distance,Women,17,5000m,4,17:05.34,933.0,23462,(unlabeled),1536
2026,Distance,Women,17,5000m,5,17:40.27,873.0,18922,(unlabeled),1536
2026,Distance,Women,17,5000m,6,17:43.00,868.0,23384,(unlabeled),1536
2026,Distance,Women,17,5000m,7,17:45.79,864.0,1686,(unlabeled),1536
2026,Distance,Women,17,5000m,8,17:56.49,846.0,1020,(unlabeled),1536
2026,Distance,Women,20,3000m Steeplechase,1,11:29.87,673.0,2924,(unlabeled),1536
2026,Distance,Women,20,3000m Steeplechase,2,11:30.82,671.0,567,(unlabeled),1536
2026,Distance,Women,20,3000m Steeplechase,3,11:34.70,661.0,1020,(unlabeled),1536
2026,Distance,Women,20,3000m Steeplechase,4,11:39.44,648.0,1725,(unlabeled),1536
2026,Distance,Women,20,3000m Steeplechase,5,11:49.23,623.0,1686,(unlabeled),1536
2026,Distance,Women,20,3000m Steeplechase,6,12:04.88,584.0,3000,(unlabeled),1536
2026,Distance,Women,20,3000m Steeplechase,7,12:14.44,561.0,31504,(unlabeled),1536
2026,Distance,Women,20,3000m Steeplechase,8,12:28.61,527.0,1954,(unlabeled),1536
2026,Hurdles,Men,35,110m Hurdles,1,14.93,903.0,25031,(unlabeled),1536
2026,Hurdles,Men,35,110m Hurdles,2,15.62,792.0,24415,(unlabeled),1536
2026,Hurdles,Men,35,110m Hurdles,3,15.89,750.0,26553,(unlabeled),1536
2026,Hurdles,Men,35,110m Hurdles,4,16.03,729.0,24852,(unlabeled),1536
2026,Hurdles,Men,35,110m Hurdles,5,16.16,710.0,4440,(unlabeled),1536
2026,Hurdles,Men,35,110m Hurdles,6,16.17,708.0,29746,(unlabeled),1536
2026,Hurdles,Men,35,110m Hurdles,7,16.43,671.0,30378,(unlabeled),1536
2026,Hurdles,Men,35,110m Hurdles,8,16.66,638.0,26605,(unlabeled),1536
2026,Hurdles,Men,37,400m Hurdles,1,54.43,920.0,31179,(unlabeled),1536
2026,Hurdles,Men,37,400m Hurdles,2,54.51,916.0,29746,(unlabeled),1536
2026,Hurdles,Men,37,400m Hurdles,3,55.15,888.0,30380,(unlabeled),1536
2026,Hurdles,Men,37,400m Hurdles,4,55.69,864.0,26605,(unlabeled),1536
2026,Hurdles,Men,37,400m Hurdles,5,56.75,819.0,31308,(unlabeled),1536
2026,Hurdles,Men,37,400m Hurdles,6,56.85,815.0,5233,(unlabeled),1536
2026,Hurdles,Men,37,400m Hurdles,7,57.04,807.0,31190,(unlabeled),1536
2026,Hurdles,Men,37,400m Hurdles,8,57.23,799.0,29453,(unlabeled),1536
2026,Hurdles,Women,34,100m Hurdles,1,16.83,689.0,29451,(unlabeled),1536
2026,Hurdles,Women,34,100m Hurdles,2,17.13,658.0,24946,(unlabeled),1536
2026,Hurdles,Women,34,100m Hurdles,3,17.15,656.0,3752,(unlabeled),1536
2026,Hurdles,Women,34,100m Hurdles,4,17.19,652.0,3566,(unlabeled),1536
2026,Hurdles,Women,34,100m Hurdles,5,17.36,634.0,24605,(unlabeled),1536
2026,Hurdles,Women,34,100m Hurdles,6,17.45,625.0,29690,(unlabeled),1536
2026,Hurdles,Women,34,100m Hurdles,7,17.57,613.0,29437,(unlabeled),1536
2026,Hurdles,Women,34,100m Hurdles,8,17.69,602.0,31185,(unlabeled),1536
2026,Hurdles,Women,37,400m Hurdles,1,1:05.52,866.0,28712,(unlabeled),1536
2026,Hurdles,Women,37,400m Hurdles,2,1:06.63,837.0,29451,(unlabeled),1536
2026,Hurdles,Women,37,400m Hurdles,3,1:06.64,837.0,24946,(unlabeled),1536
2026,Hurdles,Women,37,400m Hurdles,4,1:06.72,834.0,24679,(unlabeled),1536
2026,Hurdles,Women,37,400m Hurdles,5,1:07.22,821.0,29454,(unlabeled),1536
2026,Hurdles,Women,37,400m Hurdles,6,1:11.32,717.0,4740,(unlabeled),1536
2026,Hurdles,Women,37,400m Hurdles,7,1:11.80,706.0,24603,(unlabeled),1536
2026,Hurdles,Women,37,400m Hurdles,8,1:13.18,673.0,3977,(unlabeled),1536
2026,Jumps,Men,38,Long Jump,1,7.04m,928.0,3694,(unlabeled),1536
2026,Jumps,Men,38,Long Jump,2,6.92m,903.0,25023,(unlabeled),1536
2026,Jumps,Men,38,Long Jump,3,6.79m,875.0,30137,(unlabeled),1536
2026,Jumps,Men,38,Long Jump,4,6.61m,837.0,24372,(unlabeled),1536
2026,Jumps,Men,38,Long Jump,5,6.54m,822.0,24415,(unlabeled),1536
2026,Jumps,Men,38,Long Jump,6,6.53m,820.0,31210,(unlabeled),1536
2026,Jumps,Men,38,Long Jump,7,6.49m,811.0,3845,(unlabeled),1536
2026,Jumps,Men,38,Long Jump,8,6.47m,807.0,31188,(unlabeled),1536
2026,Jumps,Men,39,Triple Jump,1,14.09m,857.0,3515,(unlabeled),1536
2026,Jumps,Men,39,Triple Jump,2,13.87m,834.0,3694,(unlabeled),1536
2026,Jumps,Men,39,Triple Jump,3,13.75m,822.0,31211,(unlabeled),1536
2026,Jumps,Men,39,Triple Jump,4,13.45m,791.0,24415,(unlabeled),1536
2026,Jumps,Men,39,Triple Jump,5,13.22m,767.0,31441,(unlabeled),1536
2026,Jumps,Men,39,Triple Jump,6,13.13m,758.0,24852,(unlabeled),1536
2026,Jumps,Men,39,Triple Jump,7,13.08m,753.0,29872,(unlabeled),1536
2026,Jumps,Men,39,Triple Jump,8,13.02m,746.0,5608,(unlabeled),1536
2026,Jumps,Men,40,High Jump,1,2.06m,958.0,3694,(unlabeled),1536
2026,Jumps,Men,40,High Jump,2,2.00m,905.0,26186,(unlabeled),1536
2026,Jumps,Men,40,High Jump,3,1.97m,879.0,24415,(unlabeled),1536
2026,Jumps,Men,40,High Jump,4,1.94m,853.0,29754,(unlabeled),1536
2026,Jumps,Men,40,High Jump,5,1.88m,801.0,4143,(unlabeled),1536
2026,Jumps,Men,40,High Jump,6,1.85m,775.0,30137,(unlabeled),1536
2026,Jumps,Men,40,High Jump,7,1.85m,775.0,29866,(unlabeled),1536
2026,Jumps,Men,40,High Jump,8,1.82m,749.0,4038,(unlabeled),1536
2026,Jumps,Women,38,Long Jump,1,5.23m,830.0,24411,(unlabeled),1536
2026,Jumps,Women,38,Long Jump,2,5.21m,826.0,24605,(unlabeled),1536
2026,Jumps,Women,38,Long Jump,3,5.05m,792.0,29574,(unlabeled),1536
2026,Jumps,Women,38,Long Jump,4,4.92m,764.0,31531,(unlabeled),1536
2026,Jumps,Women,38,Long Jump,5,4.91m,762.0,31473,(unlabeled),1536
2026,Jumps,Women,38,Long Jump,6,4.87m,754.0,24567,(unlabeled),1536
2026,Jumps,Women,38,Long Jump,7,4.86m,751.0,29861,(unlabeled),1536
2026,Jumps,Women,38,Long Jump,8,4.85m,749.0,24725,(unlabeled),1536
2026,Jumps,Women,39,Triple Jump,1,11.81m,894.0,24411,(unlabeled),1536
2026,Jumps,Women,39,Triple Jump,2,11.05m,818.0,24605,(unlabeled),1536
2026,Jumps,Women,39,Triple Jump,3,10.79m,792.0,24567,(unlabeled),1536
2026,Jumps,Women,39,Triple Jump,4,10.77m,790.0,31191,(unlabeled),1536
2026,Jumps,Women,39,Triple Jump,5,10.63m,776.0,29437,(unlabeled),1536
2026,Jumps,Women,39,Triple Jump,6,10.19m,733.0,3657,(unlabeled),1536
2026,Jumps,Women,39,Triple Jump,7,9.86m,700.0,24668,(unlabeled),1536
2026,Jumps,Women,39,Triple Jump,8,9.82m,696.0,29827,(unlabeled),1536
2026,Jumps,Women,40,High Jump,1,1.60m,820.0,24472,(unlabeled),1536
2026,Jumps,Women,40,High Jump,2,1.54m,763.0,24605,(unlabeled),1536
2026,Jumps,Women,40,High Jump,3,1.54m,763.0,3566,(unlabeled),1536
2026,Jumps,Women,40,High Jump,4,1.51m,735.0,3966,(unlabeled),1536
2026,Jumps,Women,40,High Jump,5,1.48m,706.0,29737,(unlabeled),1536
2026,Jumps,Women,40,High Jump,6,1.45m,678.0,29455,(unlabeled),1536
2026,Jumps,Women,40,High Jump,7,1.45m,678.0,24411,(unlabeled),1536
2026,Jumps,Women,40,High Jump,8,1.42m,649.0,5207,(unlabeled),1536
2026,Jumps,Women,40,High Jump,9,1.42m,649.0,3657,(unlabeled),1536
2026,Jumps,Women,40,High Jump,10,1.42m,649.0,5196,(unlabeled),1536
2026,Throws,Men,41,Shot Put,1,14.63m,801.0,3692,(unlabeled),1536
2026,Throws,Men,41,Shot Put,2,14.33m,783.0,31219,(unlabeled),1536
2026,Throws,Men,41,Shot Put,3,14.26m,779.0,5722,(unlabeled),1536
2026,Throws,Men,41,Shot Put,4,13.94m,760.0,30098,(unlabeled),1536
2026,Throws,Men,41,Shot Put,5,13.71m,747.0,3706,(unlabeled),1536
2026,Throws,Men,41,Shot Put,6,13.52m,735.0,4440,(unlabeled),1536
2026,Throws,Men,41,Shot Put,7,13.18m,715.0,24424,(unlabeled),1536
2026,Throws,Men,41,Shot Put,8,13.16m,714.0,5275,(unlabeled),1536
2026,Throws,Men,42,Discus,1,43.82m,764.0,25176,(unlabeled),1536
2026,Throws,Men,42,Discus,2,43.52m,758.0,3706,(unlabeled),1536
2026,Throws,Men,42,Discus,3,41.50m,722.0,29994,(unlabeled),1536
2026,Throws,Men,42,Discus,4,41.32m,718.0,24862,(unlabeled),1536
2026,Throws,Men,42,Discus,5,41.11m,715.0,3725,(unlabeled),1536
2026,Throws,Men,42,Discus,6,40.31m,700.0,5242,(unlabeled),1536
2026,Throws,Men,42,Discus,7,39.49m,685.0,5275,(unlabeled),1536
2026,Throws,Men,42,Discus,8,39.37m,683.0,24701,(unlabeled),1536
2026,Throws,Women,41,Shot Put,1,12.13m,717.0,31536,(unlabeled),1536
2026,Throws,Women,41,Shot Put,2,11.33m,668.0,24975,(unlabeled),1536
2026,Throws,Women,41,Shot Put,3,11.13m,655.0,5209,(unlabeled),1536
2026,Throws,Women,41,Shot Put,4,10.91m,642.0,30103,(unlabeled),1536
2026,Throws,Women,41,Shot Put,5,10.82m,636.0,25096,(unlabeled),1536
2026,Throws,Women,41,Shot Put,6,10.59m,622.0,24592,(unlabeled),1536
2026,Throws,Women,41,Shot Put,7,10.47m,614.0,3668,(unlabeled),1536
2026,Throws,Women,41,Shot Put,8,10.38m,609.0,3657,(unlabeled),1536
2026,Throws,Women,42,Discus,1,38.07m,669.0,24975,(unlabeled),1536
2026,Throws,Women,42,Discus,2,36.21m,635.0,5197,(unlabeled),1536
2026,Throws,Women,42,Discus,3,35.57m,623.0,5534,(unlabeled),1536
2026,Throws,Women,42,Discus,4,33.30m,582.0,24589,(unlabeled),1536
2026,Throws,Women,42,Discus,5,31.50m,549.0,29697,(unlabeled),1536
2026,Throws,Women,42,Discus,6,31.01m,540.0,31536,(unlabeled),1536
2026,Throws,Women,42,Discus,7,30.47m,531.0,4076,(unlabeled),1536
2026,Throws,Women,42,Discus,8,30.30m,528.0,31316,(unlabeled),1536
