gender,discipline,continues_after_nats,n,mean_in,mean_out_pre,mean_out_post,mean_out_full,med_out_full,p90_out_full,mean_races_full,med_races_full,p90_races_full
Men,Distance,False,1277,0.8856695379796398,1.2372748629600627,0.0,1.2372748629600627,1.0,2.0,1.552858261550509,1.0,3.0
Men,Distance,True,678,1.2654867256637168,0.5781710914454278,1.3023598820058997,1.8805309734513274,2.0,3.0,2.2610619469026547,2.0,4.0
Men,Hurdles,False,138,0.0,1.2753623188405796,0.0,1.2753623188405796,1.0,2.0,1.7681159420289856,2.0,3.0
Men,Hurdles,True,82,0.0,0.25609756097560976,1.2317073170731707,1.4878048780487805,1.0,3.0,1.7195121951219512,1.0,3.0
Men,Jumps,False,170,0.5529411764705883,1.2294117647058824,0.0,1.2294117647058824,1.0,2.0,1.7470588235294118,1.0,3.0
Men,Jumps,True,91,1.1758241758241759,0.3626373626373626,1.3296703296703296,1.6923076923076923,1.0,3.0,2.142857142857143,1.0,5.0
Men,Sprints,False,759,0.5744400527009222,1.2002635046113308,0.0,1.2002635046113308,1.0,2.0,1.7496706192358367,1.0,3.0
Men,Sprints,True,393,1.099236641221374,0.44529262086513993,1.38676844783715,1.83206106870229,1.0,3.0,2.7353689567430024,2.0,5.0
Men,Throws,False,143,0.8041958041958042,1.3006993006993006,0.0,1.3006993006993006,1.0,2.0,1.965034965034965,2.0,4.0
Men,Throws,True,63,1.126984126984127,0.7301587301587301,1.4761904761904763,2.2063492063492065,2.0,4.0,3.3492063492063493,2.0,7.0
Women,Distance,False,578,0.7716262975778547,1.1955017301038062,0.0,1.1955017301038062,1.0,2.0,1.4688581314878892,1.0,2.0
Women,Distance,True,285,1.0596491228070175,0.512280701754386,1.231578947368421,1.743859649122807,2.0,3.0,2.143859649122807,2.0,4.0
Women,Hurdles,False,96,0.0,1.28125,0.0,1.28125,1.0,2.0,1.78125,1.0,3.0
Women,Hurdles,True,42,0.0,0.23809523809523808,1.1904761904761905,1.4285714285714286,1.0,2.8999999999999986,1.7142857142857142,1.0,3.8999999999999986
Women,Jumps,False,127,0.84251968503937,1.2755905511811023,0.0,1.2755905511811023,1.0,2.0,1.763779527559055,1.0,3.0
Women,Jumps,True,68,1.2352941176470589,0.4117647058823529,1.25,1.661764705882353,1.0,3.0,2.1911764705882355,2.0,4.0
Women,Sprints,False,327,0.6207951070336392,1.2507645259938838,0.0,1.2507645259938838,1.0,2.0,1.8226299694189603,1.0,3.0
Women,Sprints,True,145,1.2,0.3586206896551724,1.303448275862069,1.6620689655172414,1.0,3.0,2.4275862068965517,2.0,5.0
Women,Throws,False,89,1.0337078651685394,1.4269662921348314,0.0,1.4269662921348314,1.0,2.0,2.1123595505617976,2.0,4.0
Women,Throws,True,46,0.8695652173913043,0.4782608695652174,1.2391304347826086,1.7173913043478262,1.0,3.0,2.4782608695652173,2.0,5.0
