gender,discipline,pre_rq1c,post_rq1c,same_event,pre_margin,post_margin,margin_change
Men,Distance,5000m,5000m,True,-82.0,-37.0,45.0
Men,Distance,1500m,5000m,False,-276.0,-204.0,72.0
Men,Distance,5000m,5000m,True,-240.0,-188.0,52.0
Men,Distance,1500m,800m,False,-384.0,-425.29999999999995,-41.299999999999955
Men,Distance,1500m,5000m,False,-827.0,-769.0,58.0
Men,Distance,1500m,1500m,True,-63.0,-67.0,-4.0
Men,Distance,1500m,1500m,True,-8.0,-82.0,-74.0
Men,Distance,800m,800m,True,-115.29999999999995,-92.29999999999995,23.0
Men,Distance,800m,5000m,False,-302.29999999999995,-194.0,108.29999999999995
Men,Distance,5000m,5000m,True,-243.0,-244.0,-1.0
Men,Distance,1500m,1500m,True,-116.0,-187.0,-71.0
Men,Distance,5000m,1500m,False,-290.0,-375.0,-85.0
Men,Distance,1500m,5000m,False,-378.0,-273.0,105.0
Men,Distance,1500m,1500m,True,-421.0,-415.0,6.0
Men,Distance,1500m,1500m,True,-333.0,-414.0,-81.0
Men,Distance,800m,1500m,False,-342.29999999999995,-363.0,-20.700000000000045
Men,Distance,1500m,1500m,True,-708.0,-651.0,57.0
Women,Distance,1500m,1500m,True,-193.70000000000005,-169.70000000000005,24.0
Women,Distance,800m,800m,True,37.299999999999955,-40.700000000000045,-78.0
Women,Distance,1500m,1500m,True,-376.70000000000005,-317.70000000000005,59.0
Women,Distance,1500m,5000m,False,-601.7,-636.5,-34.799999999999955
Women,Distance,1500m,5000m,False,-149.70000000000005,-114.5,35.200000000000045
Women,Distance,800m,1500m,False,-63.700000000000045,-75.70000000000005,-12.0
Women,Distance,1500m,800m,False,-50.700000000000045,9.299999999999955,60.0
Women,Distance,800m,800m,True,-147.70000000000005,-21.700000000000045,126.0
Men,Distance,1500m,1500m,True,-52.0,-80.0,-28.0
Men,Distance,800m,1500m,False,-342.29999999999995,-384.0,-41.700000000000045
Men,Distance,1500m,3000m Steeplechase,False,-534.0,-456.0,78.0
Men,Distance,800m,1500m,False,-28.299999999999955,36.0,64.29999999999995
Men,Distance,5000m,1500m,False,-196.0,-37.0,159.0
Men,Distance,800m,1500m,False,-81.29999999999995,-131.0,-49.700000000000045
Men,Distance,5000m,5000m,True,-336.0,-278.0,58.0
Men,Distance,800m,800m,True,-244.29999999999995,-123.29999999999995,121.0
Men,Distance,5000m,5000m,True,-483.0,-463.0,20.0
Women,Distance,1500m,5000m,False,-115.70000000000005,-73.5,42.200000000000045
Men,Distance,5000m,5000m,True,42.0,68.0,26.0
Men,Distance,1500m,1500m,True,10.0,3.0,-7.0
Men,Distance,1500m,1500m,True,-67.0,3.0,70.0
Men,Distance,1500m,1500m,True,-114.0,-61.0,53.0
Women,Distance,5000m,5000m,True,-54.5,-160.5,-106.0
Women,Distance,1500m,1500m,True,-92.70000000000005,-28.700000000000045,64.0
Women,Distance,5000m,1500m,False,-169.5,-137.70000000000005,31.799999999999955
Women,Distance,5000m,5000m,True,-269.5,-317.5,-48.0
Women,Distance,5000m,5000m,True,-309.5,-299.5,10.0
Women,Distance,1500m,800m,False,-159.70000000000005,2.2999999999999545,162.0
Women,Distance,1500m,1500m,True,-365.70000000000005,-213.70000000000005,152.0
Women,Jumps,High Jump,High Jump,True,-50.0,-79.0,-29.0
Women,Sprints,400m,400m,True,-102.29999999999995,-32.299999999999955,70.0
Men,Distance,1500m,5000m,False,25.0,-34.0,-59.0
Men,Distance,5000m,5000m,True,-102.0,-191.0,-89.0
Men,Distance,1500m,1500m,True,-46.0,-3.0,43.0
Men,Distance,5000m,5000m,True,-208.0,-206.0,2.0
Men,Distance,5000m,1500m,False,-37.0,-45.0,-8.0
Men,Distance,800m,800m,True,-108.29999999999995,-162.29999999999995,-54.0
Men,Distance,1500m,5000m,False,-362.0,-200.0,162.0
Men,Distance,1500m,1500m,True,-258.0,-151.0,107.0
Men,Distance,1500m,1500m,True,-165.0,-157.0,8.0
Men,Distance,5000m,1500m,False,-172.0,-103.0,69.0
Men,Distance,1500m,3000m Steeplechase,False,-310.0,-174.0,136.0
Men,Distance,800m,800m,True,-42.299999999999955,-0.2999999999999545,42.0
Men,Distance,5000m,3000m Steeplechase,False,-458.0,-408.0,50.0
Men,Distance,5000m,5000m,True,-463.0,-437.0,26.0
Men,Distance,1500m,1500m,True,-413.0,-610.0,-197.0
Men,Distance,1500m,1500m,True,-399.0,-345.0,54.0
Men,Distance,1500m,1500m,True,-549.0,-487.0,62.0
Men,Sprints,200m,200m,True,-281.29999999999995,-374.29999999999995,-93.0
Women,Distance,1500m,1500m,True,-45.700000000000045,12.299999999999955,58.0
Women,Distance,1500m,1500m,True,-209.70000000000005,-183.70000000000005,26.0
Men,Distance,1500m,3000m Steeplechase,False,-162.0,-135.0,27.0
Men,Distance,1500m,3000m Steeplechase,False,-161.0,-58.0,103.0
Men,Distance,800m,800m,True,-188.29999999999995,-175.29999999999995,13.0
Men,Distance,1500m,3000m Steeplechase,False,-198.0,-168.0,30.0
Men,Distance,1500m,1500m,True,-319.0,-265.0,54.0
Men,Distance,800m,800m,True,-152.29999999999995,-60.299999999999955,92.0
Men,Distance,1500m,1500m,True,-419.0,-274.0,145.0
Men,Sprints,200m,200m,True,-494.29999999999995,-267.29999999999995,227.0
Men,Sprints,400m,400m,True,-489.70000000000005,-334.70000000000005,155.0
Women,Distance,1500m,800m,False,-103.70000000000005,-155.70000000000005,-52.0
Men,Distance,5000m,5000m,True,-192.0,-198.0,-6.0
Men,Distance,800m,800m,True,27.700000000000045,85.70000000000005,58.0
Men,Distance,800m,800m,True,-296.29999999999995,-268.29999999999995,28.0
Men,Distance,1500m,1500m,True,-360.0,-331.0,29.0
Men,Distance,1500m,1500m,True,-599.0,-577.0,22.0
Men,Sprints,400m,400m,True,-187.70000000000005,-272.70000000000005,-85.0
Women,Distance,800m,800m,True,-122.70000000000005,-134.70000000000005,-12.0
Women,Distance,1500m,5000m,False,-292.70000000000005,-336.5,-43.799999999999955
Men,Distance,5000m,5000m,True,-158.0,-111.0,47.0
Men,Distance,5000m,5000m,True,-147.0,-141.0,6.0
Men,Distance,800m,1500m,False,-27.299999999999955,-18.0,9.299999999999955
Men,Distance,1500m,5000m,False,-335.0,-327.0,8.0
Men,Distance,1500m,1500m,True,-489.0,-378.0,111.0
Men,Distance,800m,800m,True,-252.29999999999995,-207.29999999999995,45.0
Men,Distance,1500m,1500m,True,-635.0,-706.0,-71.0
Men,Distance,1500m,1500m,True,-795.0,-796.0,-1.0
Men,Distance,5000m,1500m,False,-145.0,-245.0,-100.0
Men,Distance,1500m,3000m Steeplechase,False,-146.0,-428.0,-282.0
Men,Distance,1500m,5000m,False,-358.0,-375.0,-17.0
Men,Distance,3000m Steeplechase,5000m,False,69.0,-51.0,-120.0
Men,Distance,1500m,5000m,False,-424.0,-264.0,160.0
Men,Distance,800m,1500m,False,36.700000000000045,92.0,55.299999999999955
Women,Distance,800m,800m,True,-141.70000000000005,-139.70000000000005,2.0
Men,Distance,1500m,5000m,False,-388.0,-342.0,46.0
Men,Jumps,Triple Jump,Triple Jump,True,-73.70000000000005,-59.700000000000045,14.0
Men,Distance,1500m,3000m Steeplechase,False,-798.0,-687.0,111.0
Men,Distance,1500m,1500m,True,-132.0,-92.0,40.0
Men,Distance,1500m,1500m,True,-287.0,-371.0,-84.0
Men,Sprints,400m,400m,True,-77.70000000000005,12.299999999999955,90.0
Men,Distance,1500m,1500m,True,-16.0,-15.0,1.0
Men,Distance,5000m,5000m,True,-69.0,-42.0,27.0
Men,Distance,800m,1500m,False,-723.3,-655.0,68.29999999999995
Women,Distance,800m,800m,True,-134.70000000000005,-154.70000000000005,-20.0
Women,Distance,5000m,5000m,True,-230.5,-256.5,-26.0
Women,Distance,1500m,800m,False,-267.70000000000005,-130.70000000000005,137.0
Women,Distance,1500m,1500m,True,-574.7,-621.7,-47.0
Women,Jumps,Long Jump,Long Jump,True,-217.29999999999995,-182.29999999999995,35.0
Women,Sprints,100m,100m,True,-231.29999999999995,-382.29999999999995,-151.0
Men,Distance,5000m,5000m,True,-415.0,-410.0,5.0
Men,Distance,5000m,5000m,True,-507.0,-490.0,17.0
Men,Distance,1500m,5000m,False,-461.0,-533.0,-72.0
Men,Distance,5000m,5000m,True,-673.0,-693.0,-20.0
Men,Sprints,100m,100m,True,-200.0,-693.0,-493.0
Women,Distance,5000m,5000m,True,-375.5,-358.5,17.0
Men,Distance,800m,800m,True,-239.29999999999995,-105.29999999999995,134.0
Men,Distance,5000m,3000m Steeplechase,False,-68.0,-176.0,-108.0
Men,Distance,1500m,800m,False,-299.0,-280.29999999999995,18.700000000000045
Men,Distance,5000m,5000m,True,-396.0,-311.0,85.0
Men,Distance,800m,800m,True,-685.3,-600.3,85.0
Men,Distance,3000m Steeplechase,1500m,False,60.0,33.0,-27.0
Men,Distance,800m,1500m,False,-25.299999999999955,-56.0,-30.700000000000045
Women,Distance,1500m,3000m Steeplechase,False,-244.70000000000005,-129.0,115.70000000000005
Men,Distance,1500m,800m,False,-156.0,-140.29999999999995,15.700000000000045
Women,Distance,800m,1500m,False,-300.70000000000005,-310.70000000000005,-10.0
Women,Distance,5000m,3000m Steeplechase,False,-96.5,46.0,142.5
Women,Distance,5000m,5000m,True,-370.5,-296.5,74.0
Women,Distance,5000m,1500m,False,-407.5,-331.70000000000005,75.79999999999995
Men,Distance,5000m,5000m,True,3.0,-12.0,-15.0
Men,Distance,1500m,1500m,True,-54.0,-22.0,32.0
Men,Distance,1500m,1500m,True,-389.0,-233.0,156.0
Men,Distance,1500m,1500m,True,-284.0,-187.0,97.0
Women,Sprints,400m,100m,False,-54.299999999999955,-53.299999999999955,1.0
Men,Sprints,100m,100m,True,-492.0,-450.0,42.0
Men,Sprints,200m,100m,False,-133.29999999999995,-63.0,70.29999999999995
Men,Distance,800m,3000m Steeplechase,False,-456.29999999999995,-324.0,132.29999999999995
Men,Sprints,200m,200m,True,-158.29999999999995,-39.299999999999955,119.0
Women,Sprints,400m,400m,True,-79.29999999999995,-90.29999999999995,-11.0
Men,Sprints,200m,100m,False,-160.29999999999995,-124.0,36.299999999999955
Men,Sprints,200m,100m,False,-87.29999999999995,-111.0,-23.700000000000045
Men,Sprints,200m,100m,False,-261.29999999999995,-193.0,68.29999999999995
Men,Sprints,100m,100m,True,-404.0,-284.0,120.0
Women,Sprints,400m,200m,False,-143.29999999999995,-216.29999999999995,-73.0
Women,Sprints,400m,400m,True,93.70000000000005,139.70000000000005,46.0
Women,Sprints,100m,100m,True,-184.29999999999995,-214.29999999999995,-30.0
Women,Jumps,Triple Jump,Triple Jump,True,64.0,48.0,-16.0
Women,Jumps,High Jump,Triple Jump,False,-50.0,-51.0,-1.0
Men,Distance,800m,800m,True,-184.29999999999995,-161.29999999999995,23.0
Men,Sprints,100m,100m,True,-24.0,-43.0,-19.0
Men,Sprints,200m,200m,True,12.700000000000045,97.70000000000005,85.0
Men,Throws,Shot Put,Shot Put,True,117.29999999999995,156.29999999999995,39.0
Men,Jumps,High Jump,High Jump,True,173.0,147.0,-26.0
Men,Sprints,200m,200m,True,-113.29999999999995,-72.29999999999995,41.0
Men,Throws,Shot Put,Shot Put,True,9.299999999999955,12.299999999999955,3.0
Men,Sprints,100m,200m,False,27.0,23.700000000000045,-3.2999999999999545
Men,Distance,800m,800m,True,-366.29999999999995,-356.29999999999995,10.0
Men,Sprints,200m,100m,False,-548.3,-394.0,154.29999999999995
Men,Sprints,200m,200m,True,-1.2999999999999545,11.700000000000045,13.0
Men,Sprints,200m,200m,True,-199.29999999999995,-221.29999999999995,-22.0
Men,Throws,Discus,Discus,True,151.70000000000005,146.70000000000005,-5.0
Men,Sprints,200m,100m,False,-163.29999999999995,-82.0,81.29999999999995
Men,Sprints,100m,100m,True,-517.0,-420.0,97.0
Men,Jumps,Triple Jump,Triple Jump,True,-69.70000000000005,-78.70000000000005,-9.0
Men,Distance,3000m Steeplechase,3000m Steeplechase,True,-167.0,-119.0,48.0
Women,Jumps,Triple Jump,Long Jump,False,194.0,225.70000000000005,31.700000000000045
Women,Jumps,Long Jump,Triple Jump,False,-133.29999999999995,-15.0,118.29999999999995
Men,Sprints,200m,200m,True,48.700000000000045,74.70000000000005,26.0
Men,Sprints,100m,100m,True,-274.0,-300.0,-26.0
Men,Sprints,400m,400m,True,80.29999999999995,56.299999999999955,-24.0
Men,Sprints,200m,100m,False,-350.29999999999995,-320.0,30.299999999999955
Men,Throws,Discus,Discus,True,34.700000000000045,23.700000000000045,-11.0
Men,Sprints,100m,100m,True,-158.0,-222.0,-64.0
Men,Distance,800m,800m,True,-150.29999999999995,-127.29999999999995,23.0
Men,Sprints,100m,200m,False,-234.0,-277.29999999999995,-43.299999999999955
Men,Sprints,200m,200m,True,-54.299999999999955,-74.29999999999995,-20.0
Women,Throws,Discus,Discus,True,-66.30000000000001,-84.30000000000001,-18.0
Men,Sprints,400m,400m,True,-83.70000000000005,-136.70000000000005,-53.0
Men,Distance,1500m,5000m,False,-655.0,-644.0,11.0
Men,Sprints,100m,100m,True,101.0,77.0,-24.0
Men,Distance,800m,800m,True,-219.29999999999995,-336.29999999999995,-117.0
Men,Distance,800m,800m,True,-71.29999999999995,-92.29999999999995,-21.0
Women,Sprints,100m,100m,True,-173.29999999999995,-88.29999999999995,85.0
Women,Sprints,100m,100m,True,-222.29999999999995,-184.29999999999995,38.0
Women,Sprints,100m,100m,True,-261.29999999999995,-220.29999999999995,41.0
Women,Jumps,Long Jump,Long Jump,True,-89.29999999999995,-68.29999999999995,21.0
Women,Throws,Discus,Shot Put,False,-56.30000000000001,-118.70000000000005,-62.400000000000034
Men,Sprints,400m,200m,False,-189.70000000000005,-100.29999999999995,89.40000000000009
Men,Sprints,100m,100m,True,33.0,33.0,0.0
Men,Sprints,400m,100m,False,-24.700000000000045,-76.0,-51.299999999999955
Men,Sprints,200m,400m,False,-289.29999999999995,-285.70000000000005,3.599999999999909
Men,Jumps,Long Jump,Long Jump,True,-181.70000000000005,-119.70000000000005,62.0
Men,Jumps,Long Jump,Long Jump,True,-156.70000000000005,-167.70000000000005,-11.0
Women,Jumps,High Jump,High Jump,True,92.0,-22.0,-114.0
Women,Distance,800m,800m,True,-239.70000000000005,-302.70000000000005,-63.0
Men,Sprints,200m,100m,False,-146.29999999999995,-244.0,-97.70000000000005
Men,Sprints,200m,400m,False,-43.299999999999955,-229.70000000000005,-186.4000000000001
Men,Sprints,200m,100m,False,-586.3,-642.0,-55.700000000000045
Men,Sprints,100m,200m,False,-46.0,2.7000000000000455,48.700000000000045
Women,Jumps,Long Jump,Long Jump,True,-138.29999999999995,-125.29999999999995,13.0
Women,Sprints,400m,400m,True,-75.29999999999995,-86.29999999999995,-11.0
Women,Distance,800m,800m,True,-36.700000000000045,-155.70000000000005,-119.0
Men,Jumps,Triple Jump,Triple Jump,True,-119.70000000000005,-31.700000000000045,88.0
Women,Distance,1500m,1500m,True,-260.70000000000005,-300.70000000000005,-40.0
Men,Distance,1500m,1500m,True,-406.0,-366.0,40.0
Men,Jumps,High Jump,High Jump,True,43.0,104.0,61.0
Men,Sprints,100m,100m,True,-396.0,-175.0,221.0
Women,Distance,800m,800m,True,-92.70000000000005,-39.700000000000045,53.0
Women,Distance,5000m,5000m,True,-411.5,-427.5,-16.0
Women,Distance,1500m,1500m,True,-385.70000000000005,-350.70000000000005,35.0
Women,Distance,1500m,800m,False,-122.70000000000005,-96.70000000000005,26.0
Women,Sprints,100m,100m,True,87.70000000000005,108.70000000000005,21.0
Women,Sprints,100m,100m,True,67.70000000000005,54.700000000000045,-13.0
Women,Sprints,400m,400m,True,-81.29999999999995,-54.299999999999955,27.0
Women,Jumps,High Jump,High Jump,True,-97.0,-97.0,0.0
Women,Jumps,Long Jump,Long Jump,True,-100.29999999999995,-91.29999999999995,9.0
Women,Jumps,Triple Jump,Long Jump,False,28.0,-2.2999999999999545,-30.299999999999955
Women,Sprints,100m,100m,True,-200.29999999999995,-110.29999999999995,90.0
Women,Distance,800m,800m,True,-115.70000000000005,-85.70000000000005,30.0
Women,Sprints,400m,400m,True,-154.29999999999995,-104.29999999999995,50.0
Women,Sprints,400m,400m,True,-8.299999999999955,12.700000000000045,21.0
Women,Throws,Shot Put,Shot Put,True,144.29999999999995,123.29999999999995,-21.0
Women,Throws,Shot Put,Shot Put,True,-41.700000000000045,-15.700000000000045,26.0
Women,Throws,Discus,Discus,True,-60.30000000000001,-45.30000000000001,15.0
Men,Sprints,100m,400m,False,-320.0,-285.70000000000005,34.299999999999955
Men,Distance,1500m,1500m,True,-534.0,-597.0,-63.0
Men,Distance,1500m,800m,False,-608.0,-463.29999999999995,144.70000000000005
Men,Sprints,200m,200m,True,-120.29999999999995,-139.29999999999995,-19.0
Men,Sprints,400m,400m,True,-402.70000000000005,-319.70000000000005,83.0
Men,Sprints,400m,400m,True,-375.70000000000005,-292.70000000000005,83.0
Men,Throws,Shot Put,Shot Put,True,39.299999999999955,32.299999999999955,-7.0
Men,Sprints,400m,200m,False,-372.70000000000005,-345.29999999999995,27.40000000000009
Men,Sprints,400m,400m,True,-147.70000000000005,-59.700000000000045,88.0
Men,Throws,Discus,Discus,True,-26.299999999999955,-18.299999999999955,8.0
Men,Sprints,400m,400m,True,-235.70000000000005,-217.70000000000005,18.0
Men,Distance,1500m,800m,False,-99.0,30.700000000000045,129.70000000000005
Men,Sprints,100m,100m,True,-333.0,-382.0,-49.0
Men,Sprints,100m,100m,True,-234.0,-281.0,-47.0
Men,Sprints,100m,100m,True,74.0,101.0,27.0
Men,Sprints,400m,400m,True,-54.700000000000045,-54.700000000000045,0.0
Men,Distance,800m,800m,True,-153.29999999999995,-157.29999999999995,-4.0
Men,Distance,800m,800m,True,-357.29999999999995,-266.29999999999995,91.0
Men,Distance,5000m,3000m Steeplechase,False,-494.0,-408.0,86.0
Men,Sprints,400m,400m,True,-102.70000000000005,-72.70000000000005,30.0
Men,Sprints,400m,400m,True,-183.70000000000005,-170.70000000000005,13.0
Men,Throws,Discus,Shot Put,False,-44.299999999999955,29.299999999999955,73.59999999999991
Men,Sprints,400m,100m,False,-119.70000000000005,-188.0,-68.29999999999995
Men,Sprints,100m,100m,True,-267.0,-279.0,-12.0
Men,Sprints,400m,400m,True,-83.70000000000005,-75.70000000000005,8.0
Men,Sprints,200m,200m,True,-368.29999999999995,-190.29999999999995,178.0
Men,Distance,800m,1500m,False,-449.29999999999995,-547.0,-97.70000000000005
Women,Distance,800m,800m,True,-81.70000000000005,-51.700000000000045,30.0
Men,Distance,1500m,3000m Steeplechase,False,18.0,80.0,62.0
Men,Sprints,200m,200m,True,-415.29999999999995,-364.29999999999995,51.0
Men,Sprints,200m,400m,False,-375.29999999999995,-236.70000000000005,138.5999999999999
Men,Distance,1500m,1500m,True,-402.0,-289.0,113.0
Women,Distance,1500m,1500m,True,-202.70000000000005,-142.70000000000005,60.0
Women,Distance,1500m,1500m,True,-477.70000000000005,-497.70000000000005,-20.0
Women,Sprints,400m,400m,True,-607.3,-506.29999999999995,101.0
Men,Distance,1500m,800m,False,-827.0,-829.3,-2.2999999999999545
Men,Distance,800m,1500m,False,-596.3,-497.0,99.29999999999995
Men,Distance,1500m,1500m,True,-823.0,-801.0,22.0
Men,Distance,1500m,1500m,True,-444.0,-451.0,-7.0
Men,Distance,800m,800m,True,-292.29999999999995,-329.29999999999995,-37.0
Men,Distance,1500m,1500m,True,-255.0,-193.0,62.0
Men,Distance,800m,1500m,False,-489.29999999999995,-485.0,4.2999999999999545
Men,Sprints,200m,400m,False,-391.29999999999995,-348.70000000000005,42.59999999999991
Women,Distance,5000m,5000m,True,-151.5,-68.5,83.0
Men,Distance,5000m,5000m,True,-352.0,-351.0,1.0
Women,Sprints,400m,400m,True,-91.29999999999995,-0.2999999999999545,91.0
Men,Distance,1500m,3000m Steeplechase,False,-705.0,-417.0,288.0
Men,Sprints,400m,400m,True,-403.70000000000005,-265.70000000000005,138.0
Men,Distance,1500m,1500m,True,-335.0,-230.0,105.0
Men,Distance,1500m,5000m,False,-354.0,-241.0,113.0
Men,Distance,1500m,1500m,True,-333.0,-356.0,-23.0
Men,Sprints,200m,200m,True,-327.29999999999995,-363.29999999999995,-36.0
Men,Distance,1500m,3000m Steeplechase,False,-232.0,-107.0,125.0
Men,Sprints,100m,100m,True,-302.0,-227.0,75.0
Men,Distance,1500m,1500m,True,-489.0,-596.0,-107.0
Women,Distance,5000m,5000m,True,-235.5,-188.5,47.0
Women,Distance,1500m,1500m,True,-287.70000000000005,-254.70000000000005,33.0
Women,Distance,1500m,1500m,True,-466.70000000000005,-621.7,-155.0
Men,Distance,5000m,5000m,True,-225.0,-178.0,47.0
Men,Distance,1500m,5000m,False,-194.0,-141.0,53.0
Men,Distance,800m,800m,True,-421.29999999999995,-408.29999999999995,13.0
Men,Distance,1500m,3000m Steeplechase,False,-492.0,-393.0,99.0
Women,Sprints,400m,400m,True,-21.299999999999955,-19.299999999999955,2.0
Men,Sprints,100m,100m,True,-142.0,-318.0,-176.0
Men,Sprints,100m,100m,True,-388.0,-448.0,-60.0
Men,Sprints,400m,100m,False,-578.7,-652.0,-73.29999999999995
Men,Distance,800m,800m,True,-214.29999999999995,-53.299999999999955,161.0
Women,Sprints,400m,400m,True,93.70000000000005,149.70000000000005,56.0
Women,Distance,800m,800m,True,-399.70000000000005,-387.70000000000005,12.0
Women,Throws,Discus,Discus,True,84.69999999999999,-22.30000000000001,-107.0
Men,Distance,800m,800m,True,-89.29999999999995,-41.299999999999955,48.0
Men,Throws,Shot Put,Shot Put,True,44.299999999999955,132.29999999999995,88.0
Men,Jumps,Triple Jump,High Jump,False,133.29999999999995,130.0,-3.2999999999999545
Men,Throws,Discus,Discus,True,7.7000000000000455,-7.2999999999999545,-15.0
Men,Sprints,200m,200m,True,20.700000000000045,-15.299999999999955,-36.0
Men,Throws,Shot Put,Discus,False,105.29999999999995,122.70000000000005,17.40000000000009
Men,Sprints,400m,100m,False,-155.70000000000005,-142.0,13.700000000000045
Men,Sprints,200m,400m,False,-319.29999999999995,-306.70000000000005,12.599999999999909
Men,Jumps,Triple Jump,Triple Jump,True,62.299999999999955,28.299999999999955,-34.0
Women,Jumps,High Jump,Triple Jump,False,-41.0,-34.0,7.0
Men,Sprints,100m,200m,False,59.0,11.700000000000045,-47.299999999999955
Men,Throws,Discus,Discus,True,10.700000000000045,18.700000000000045,8.0
Men,Throws,Shot Put,Shot Put,True,-80.70000000000005,-87.70000000000005,-7.0
Men,Sprints,400m,400m,True,-61.700000000000045,-194.70000000000005,-133.0
Men,Sprints,200m,100m,False,-23.299999999999955,56.0,79.29999999999995
Men,Sprints,200m,100m,False,-308.29999999999995,-297.0,11.299999999999955
Men,Jumps,Triple Jump,Triple Jump,True,-93.70000000000005,-30.700000000000045,63.0
Men,Sprints,200m,100m,False,-263.29999999999995,-320.0,-56.700000000000045
Men,Sprints,400m,400m,True,-129.70000000000005,-72.70000000000005,57.0
Men,Sprints,200m,100m,False,-119.29999999999995,-251.0,-131.70000000000005
Women,Sprints,200m,200m,True,-132.29999999999995,-99.29999999999995,33.0
Men,Throws,Discus,Discus,True,64.70000000000005,19.700000000000045,-45.0
Men,Distance,800m,800m,True,-380.29999999999995,-349.29999999999995,31.0
Men,Sprints,400m,200m,False,-192.70000000000005,-631.3,-438.5999999999999
Men,Sprints,100m,200m,False,-38.0,-126.29999999999995,-88.29999999999995
Men,Sprints,100m,200m,False,-203.0,-237.29999999999995,-34.299999999999955
Women,Jumps,Triple Jump,Triple Jump,True,61.0,70.0,9.0
Men,Distance,800m,3000m Steeplechase,False,-328.29999999999995,-133.0,195.29999999999995
Men,Jumps,Triple Jump,High Jump,False,-24.700000000000045,-26.0,-1.2999999999999545
Men,Sprints,200m,200m,True,93.70000000000005,89.70000000000005,-4.0
Men,Jumps,Long Jump,High Jump,False,58.299999999999955,-69.0,-127.29999999999995
Men,Jumps,Triple Jump,Triple Jump,True,51.299999999999955,55.299999999999955,4.0
Men,Sprints,200m,200m,True,114.70000000000005,58.700000000000045,-56.0
Men,Sprints,100m,100m,True,71.0,80.0,9.0
Men,Throws,Shot Put,Shot Put,True,-40.700000000000045,-59.700000000000045,-19.0
Women,Throws,Discus,Shot Put,False,21.69999999999999,-2.7000000000000455,-24.400000000000034
Women,Throws,Discus,Discus,True,-81.30000000000001,-111.30000000000001,-30.0
Men,Distance,1500m,1500m,True,4.0,38.0,34.0
Men,Throws,Discus,Discus,True,60.700000000000045,66.70000000000005,6.0
Men,Sprints,200m,200m,True,-294.29999999999995,-264.29999999999995,30.0
Women,Distance,800m,800m,True,-29.700000000000045,45.299999999999955,75.0
Men,Sprints,200m,100m,False,-373.29999999999995,-386.0,-12.700000000000045
Men,Distance,800m,800m,True,-564.3,-501.29999999999995,63.0
Men,Distance,800m,800m,True,-286.29999999999995,-265.29999999999995,21.0
Women,Distance,800m,800m,True,-296.70000000000005,-355.70000000000005,-59.0
Men,Distance,800m,800m,True,-141.29999999999995,-67.29999999999995,74.0
Women,Sprints,100m,200m,False,-507.29999999999995,-553.3,-46.0
Men,Sprints,100m,100m,True,175.0,101.0,-74.0
Men,Distance,5000m,1500m,False,-164.0,-147.0,17.0
Men,Distance,5000m,1500m,False,-248.0,-190.0,58.0
Men,Distance,800m,800m,True,-75.29999999999995,-65.29999999999995,10.0
Women,Distance,800m,800m,True,159.29999999999995,138.29999999999995,-21.0
Women,Sprints,100m,200m,False,-2.2999999999999545,3.7000000000000455,6.0
Men,Distance,800m,800m,True,142.70000000000005,188.70000000000005,46.0
Men,Distance,1500m,1500m,True,47.0,107.0,60.0
Men,Throws,Shot Put,Shot Put,True,-15.700000000000045,-33.700000000000045,-18.0
Women,Distance,800m,800m,True,-7.7000000000000455,10.299999999999955,18.0
Men,Distance,800m,800m,True,-218.29999999999995,-187.29999999999995,31.0
Women,Distance,1500m,1500m,True,127.29999999999995,120.29999999999995,-7.0
Women,Distance,800m,800m,True,69.29999999999995,89.29999999999995,20.0
Men,Distance,1500m,1500m,True,-22.0,-119.0,-97.0
Men,Distance,1500m,1500m,True,-256.0,-307.0,-51.0
Men,Distance,800m,800m,True,-155.29999999999995,-76.29999999999995,79.0
Men,Distance,5000m,5000m,True,39.0,48.0,9.0
Men,Distance,1500m,3000m Steeplechase,False,-62.0,-32.0,30.0
Women,Distance,5000m,1500m,False,74.5,86.29999999999995,11.799999999999955
Men,Distance,800m,800m,True,-169.29999999999995,-129.29999999999995,40.0
Women,Sprints,200m,200m,True,-71.29999999999995,-62.299999999999955,9.0
Men,Sprints,400m,400m,True,52.299999999999955,60.299999999999955,8.0
