band,gender,event_group,from_event,to_event,n,feature,cv_pooled,cv_feature,delta_pooled_minus_feature,feature_beats_pooled
750-950,Men,Sprints,60m,200m,191,bal_spec,0.4056,0.3659,0.0397,True
750-950,Men,Sprints,60m,200m,191,best_event,0.4056,0.3051,0.1005,True
750-950,Men,Sprints,60m,200m,191,best_is_from,0.4056,0.2897,0.1159,True
750-950,Men,Sprints,60m,200m,191,best_is_to,0.4056,0.3082,0.0974,True
750-950,Men,Sprints,60m,200m,191,pair_wa_gap_50,0.4056,0.3324,0.0732,True
750-950,Men,Sprints,60m,200m,191,pair_wa_gap_median,0.4056,0.3528,0.0528,True
750-950,Men,Sprints,60m,200m,191,from_stronger_wa,0.4056,0.2707,0.1349,True
750-950,Men,Sprints,60m,200m,191,events_competed,0.4056,0.4147,-0.0091,False
750-950,Men,Sprints,60m,400m,52,bal_spec,1.4332,1.1931,0.2401,True
750-950,Men,Sprints,60m,400m,52,best_event,1.4332,1.4149,0.0182,True
750-950,Men,Sprints,60m,400m,52,best_is_from,1.4332,1.2338,0.1994,True
750-950,Men,Sprints,60m,400m,52,best_is_to,1.4332,1.4811,-0.0479,False
750-950,Men,Sprints,60m,400m,52,pair_wa_gap_50,1.4332,1.1875,0.2457,True
750-950,Men,Sprints,60m,400m,52,pair_wa_gap_median,1.4332,1.1521,0.2811,True
750-950,Men,Sprints,60m,400m,52,from_stronger_wa,1.4332,1.259,0.1742,True
750-950,Men,Sprints,60m,400m,52,events_competed,1.4332,1.3917,0.0415,True
750-950,Men,Sprints,200m,60m,191,bal_spec,0.083,0.0732,0.0098,False
750-950,Men,Sprints,200m,60m,191,best_event,0.083,0.0562,0.0268,True
750-950,Men,Sprints,200m,60m,191,best_is_from,0.083,0.0643,0.0187,True
750-950,Men,Sprints,200m,60m,191,best_is_to,0.083,0.0575,0.0255,True
750-950,Men,Sprints,200m,60m,191,pair_wa_gap_50,0.083,0.0707,0.0123,True
750-950,Men,Sprints,200m,60m,191,pair_wa_gap_median,0.083,0.0728,0.0102,True
750-950,Men,Sprints,200m,60m,191,from_stronger_wa,0.083,0.0581,0.0249,True
750-950,Men,Sprints,200m,60m,191,events_competed,0.083,0.0745,0.0085,False
750-950,Men,Sprints,200m,400m,69,bal_spec,1.069,1.0463,0.0228,True
750-950,Men,Sprints,200m,400m,69,best_event,1.069,0.5631,0.5059,True
750-950,Men,Sprints,200m,400m,69,best_is_from,1.069,0.5833,0.4858,True
750-950,Men,Sprints,200m,400m,69,best_is_to,1.069,0.6418,0.4272,True
750-950,Men,Sprints,200m,400m,69,pair_wa_gap_50,1.069,0.8249,0.2442,True
750-950,Men,Sprints,200m,400m,69,pair_wa_gap_median,1.069,1.0239,0.0452,True
750-950,Men,Sprints,200m,400m,69,from_stronger_wa,1.069,0.6704,0.3987,True
750-950,Men,Sprints,200m,400m,69,events_competed,1.069,1.1718,-0.1027,False
750-950,Men,Sprints,400m,60m,52,bal_spec,0.0746,0.0815,-0.0069,False
750-950,Men,Sprints,400m,60m,52,best_event,0.0746,0.085,-0.0104,False
750-950,Men,Sprints,400m,60m,52,best_is_from,0.0746,0.0903,-0.0157,False
750-950,Men,Sprints,400m,60m,52,best_is_to,0.0746,0.0732,0.0014,False
750-950,Men,Sprints,400m,60m,52,pair_wa_gap_50,0.0746,0.0783,-0.0038,False
750-950,Men,Sprints,400m,60m,52,pair_wa_gap_median,0.0746,0.0922,-0.0176,False
750-950,Men,Sprints,400m,60m,52,from_stronger_wa,0.0746,0.0837,-0.0091,False
750-950,Men,Sprints,400m,60m,52,events_competed,0.0746,0.0768,-0.0022,False
750-950,Men,Sprints,400m,200m,69,bal_spec,0.2478,0.2341,0.0136,True
750-950,Men,Sprints,400m,200m,69,best_event,0.2478,0.1932,0.0546,True
750-950,Men,Sprints,400m,200m,69,best_is_from,0.2478,0.1825,0.0653,True
750-950,Men,Sprints,400m,200m,69,best_is_to,0.2478,0.2365,0.0113,True
750-950,Men,Sprints,400m,200m,69,pair_wa_gap_50,0.2478,0.2433,0.0045,False
750-950,Men,Sprints,400m,200m,69,pair_wa_gap_median,0.2478,0.2415,0.0063,False
750-950,Men,Sprints,400m,200m,69,from_stronger_wa,0.2478,0.1947,0.0531,True
750-950,Men,Sprints,400m,200m,69,events_competed,0.2478,0.2746,-0.0268,False
750-950,Women,Sprints,60m,200m,74,bal_spec,0.4593,0.287,0.1723,True
750-950,Women,Sprints,60m,200m,74,best_event,0.4593,0.4593,0.0,False
750-950,Women,Sprints,60m,200m,74,best_is_from,0.4593,0.4493,0.01,False
750-950,Women,Sprints,60m,200m,74,best_is_to,0.4593,0.4815,-0.0223,False
750-950,Women,Sprints,60m,200m,74,pair_wa_gap_50,0.4593,0.2389,0.2204,True
750-950,Women,Sprints,60m,200m,74,pair_wa_gap_median,0.4593,0.2711,0.1881,True
750-950,Women,Sprints,60m,200m,74,from_stronger_wa,0.4593,0.4718,-0.0125,False
750-950,Women,Sprints,60m,200m,74,events_competed,0.4593,0.4395,0.0198,True
750-950,Women,Sprints,200m,60m,74,bal_spec,0.0675,0.0684,-0.0009,False
750-950,Women,Sprints,200m,60m,74,best_event,0.0675,0.0723,-0.0048,False
750-950,Women,Sprints,200m,60m,74,best_is_from,0.0675,0.0754,-0.0079,False
750-950,Women,Sprints,200m,60m,74,best_is_to,0.0675,0.0737,-0.0063,False
750-950,Women,Sprints,200m,60m,74,pair_wa_gap_50,0.0675,0.0534,0.0141,True
750-950,Women,Sprints,200m,60m,74,pair_wa_gap_median,0.0675,0.0636,0.0039,False
750-950,Women,Sprints,200m,60m,74,from_stronger_wa,0.0675,0.0844,-0.0169,False
750-950,Women,Sprints,200m,60m,74,events_competed,0.0675,0.0789,-0.0115,False
750-950,Women,Sprints,200m,400m,33,bal_spec,2.0348,2.0915,-0.0568,False
750-950,Women,Sprints,200m,400m,33,best_event,2.0348,1.2125,0.8223,True
750-950,Women,Sprints,200m,400m,33,best_is_from,2.0348,1.1239,0.9109,True
750-950,Women,Sprints,200m,400m,33,best_is_to,2.0348,1.2125,0.8223,True
750-950,Women,Sprints,200m,400m,33,pair_wa_gap_50,2.0348,1.4065,0.6282,True
750-950,Women,Sprints,200m,400m,33,pair_wa_gap_median,2.0348,1.6184,0.4164,True
750-950,Women,Sprints,200m,400m,33,from_stronger_wa,2.0348,1.2125,0.8223,True
750-950,Women,Sprints,200m,400m,33,events_competed,2.0348,1.3824,0.6524,True
750-950,Women,Sprints,400m,200m,33,bal_spec,0.7235,0.6949,0.0286,True
750-950,Women,Sprints,400m,200m,33,best_event,0.7235,0.6836,0.0399,True
750-950,Women,Sprints,400m,200m,33,best_is_from,0.7235,0.6836,0.0399,True
750-950,Women,Sprints,400m,200m,33,best_is_to,0.7235,0.7863,-0.0628,False
750-950,Women,Sprints,400m,200m,33,pair_wa_gap_50,0.7235,0.3687,0.3547,True
750-950,Women,Sprints,400m,200m,33,pair_wa_gap_median,0.7235,0.6836,0.0399,True
750-950,Women,Sprints,400m,200m,33,from_stronger_wa,0.7235,0.6836,0.0399,True
750-950,Women,Sprints,400m,200m,33,events_competed,0.7235,0.6178,0.1057,True
750-950,Men,Distance,800m,Mile,78,bal_spec,6.7669,5.8415,0.9254,True
750-950,Men,Distance,800m,Mile,78,best_event,6.7669,5.5982,1.1687,True
750-950,Men,Distance,800m,Mile,78,best_is_from,6.7669,3.7355,3.0314,True
750-950,Men,Distance,800m,Mile,78,best_is_to,6.7669,5.4303,1.3366,True
750-950,Men,Distance,800m,Mile,78,pair_wa_gap_50,6.7669,5.8415,0.9254,True
750-950,Men,Distance,800m,Mile,78,pair_wa_gap_median,6.7669,6.7669,0.0,False
750-950,Men,Distance,800m,Mile,78,from_stronger_wa,6.7669,4.0187,2.7482,True
750-950,Men,Distance,800m,Mile,78,events_competed,6.7669,5.8224,0.9445,True
750-950,Men,Distance,800m,3000m,32,bal_spec,10.8618,10.5888,0.273,True
750-950,Men,Distance,800m,3000m,32,best_event,10.8618,10.8618,0.0,False
750-950,Men,Distance,800m,3000m,32,best_is_from,10.8618,10.8618,0.0,False
750-950,Men,Distance,800m,3000m,32,best_is_to,10.8618,14.5041,-3.6423,False
750-950,Men,Distance,800m,3000m,32,pair_wa_gap_50,10.8618,10.2729,0.5888,True
750-950,Men,Distance,800m,3000m,32,pair_wa_gap_median,10.8618,11.3723,-0.5106,False
750-950,Men,Distance,800m,3000m,32,from_stronger_wa,10.8618,12.1322,-1.2705,False
750-950,Men,Distance,800m,3000m,32,events_competed,10.8618,10.3393,0.5224,True
750-950,Men,Distance,Mile,800m,78,bal_spec,1.9646,1.8706,0.0941,True
750-950,Men,Distance,Mile,800m,78,best_event,1.9646,1.4224,0.5423,True
750-950,Men,Distance,Mile,800m,78,best_is_from,1.9646,1.4846,0.48,True
750-950,Men,Distance,Mile,800m,78,best_is_to,1.9646,1.1822,0.7825,True
750-950,Men,Distance,Mile,800m,78,pair_wa_gap_50,1.9646,2.0128,-0.0481,False
750-950,Men,Distance,Mile,800m,78,pair_wa_gap_median,1.9646,1.8855,0.0792,True
750-950,Men,Distance,Mile,800m,78,from_stronger_wa,1.9646,1.4154,0.5492,True
750-950,Men,Distance,Mile,800m,78,events_competed,1.9646,2.0099,-0.0452,False
750-950,Men,Distance,Mile,3000m,87,bal_spec,11.6236,9.5748,2.0489,True
750-950,Men,Distance,Mile,3000m,87,best_event,11.6236,6.6554,4.9683,True
750-950,Men,Distance,Mile,3000m,87,best_is_from,11.6236,6.503,5.1206,True
750-950,Men,Distance,Mile,3000m,87,best_is_to,11.6236,7.4471,4.1765,True
750-950,Men,Distance,Mile,3000m,87,pair_wa_gap_50,11.6236,8.4641,3.1596,True
750-950,Men,Distance,Mile,3000m,87,pair_wa_gap_median,11.6236,9.1066,2.517,True
750-950,Men,Distance,Mile,3000m,87,from_stronger_wa,11.6236,7.2142,4.4095,True
750-950,Men,Distance,Mile,3000m,87,events_competed,11.6236,10.0976,1.526,True
750-950,Men,Distance,3000m,800m,32,bal_spec,4.0941,4.0913,0.0028,False
750-950,Men,Distance,3000m,800m,32,best_event,4.0941,3.349,0.7451,True
750-950,Men,Distance,3000m,800m,32,best_is_from,4.0941,4.2362,-0.1422,False
750-950,Men,Distance,3000m,800m,32,best_is_to,4.0941,3.7613,0.3327,True
750-950,Men,Distance,3000m,800m,32,pair_wa_gap_50,4.0941,4.0042,0.0899,True
750-950,Men,Distance,3000m,800m,32,pair_wa_gap_median,4.0941,3.3771,0.717,True
750-950,Men,Distance,3000m,800m,32,from_stronger_wa,4.0941,2.241,1.8531,True
750-950,Men,Distance,3000m,800m,32,events_competed,4.0941,4.2297,-0.1356,False
750-950,Men,Distance,3000m,Mile,87,bal_spec,5.5497,4.8618,0.6879,True
750-950,Men,Distance,3000m,Mile,87,best_event,5.5497,3.0077,2.542,True
750-950,Men,Distance,3000m,Mile,87,best_is_from,5.5497,2.5087,3.041,True
750-950,Men,Distance,3000m,Mile,87,best_is_to,5.5497,2.3973,3.1525,True
750-950,Men,Distance,3000m,Mile,87,pair_wa_gap_50,5.5497,5.1954,0.3544,True
750-950,Men,Distance,3000m,Mile,87,pair_wa_gap_median,5.5497,4.8618,0.6879,True
750-950,Men,Distance,3000m,Mile,87,from_stronger_wa,5.5497,2.4909,3.0588,True
750-950,Men,Distance,3000m,Mile,87,events_competed,5.5497,5.371,0.1787,True
750-950,Women,Distance,800m,Mile,30,bal_spec,4.9443,6.9512,-2.0069,False
750-950,Women,Distance,800m,Mile,30,best_event,4.9443,4.7647,0.1796,True
750-950,Women,Distance,800m,Mile,30,best_is_from,4.9443,4.0475,0.8968,True
750-950,Women,Distance,800m,Mile,30,best_is_to,4.9443,5.2053,-0.261,False
750-950,Women,Distance,800m,Mile,30,pair_wa_gap_50,4.9443,5.6833,-0.739,False
750-950,Women,Distance,800m,Mile,30,pair_wa_gap_median,4.9443,5.4209,-0.4766,False
750-950,Women,Distance,800m,Mile,30,from_stronger_wa,4.9443,4.0475,0.8968,True
750-950,Women,Distance,800m,Mile,30,events_competed,4.9443,5.8723,-0.928,False
750-950,Women,Distance,Mile,800m,30,bal_spec,3.1397,3.1397,0.0,False
750-950,Women,Distance,Mile,800m,30,best_event,3.1397,2.6788,0.4609,True
750-950,Women,Distance,Mile,800m,30,best_is_from,3.1397,3.2192,-0.0796,False
750-950,Women,Distance,Mile,800m,30,best_is_to,3.1397,2.6788,0.4609,True
750-950,Women,Distance,Mile,800m,30,pair_wa_gap_50,3.1397,3.1472,-0.0075,False
750-950,Women,Distance,Mile,800m,30,pair_wa_gap_median,3.1397,3.1397,0.0,False
750-950,Women,Distance,Mile,800m,30,from_stronger_wa,3.1397,2.6788,0.4609,True
750-950,Women,Distance,Mile,800m,30,events_competed,3.1397,2.9385,0.2012,True
750-950,Women,Distance,Mile,3000m,41,bal_spec,7.2691,7.3042,-0.0351,False
750-950,Women,Distance,Mile,3000m,41,best_event,7.2691,7.8883,-0.6191,False
750-950,Women,Distance,Mile,3000m,41,best_is_from,7.2691,6.7083,0.5608,True
750-950,Women,Distance,Mile,3000m,41,best_is_to,7.2691,8.4056,-1.1365,False
750-950,Women,Distance,Mile,3000m,41,pair_wa_gap_50,7.2691,6.6087,0.6605,True
750-950,Women,Distance,Mile,3000m,41,pair_wa_gap_median,7.2691,8.5675,-1.2984,False
750-950,Women,Distance,Mile,3000m,41,from_stronger_wa,7.2691,8.4056,-1.1365,False
750-950,Women,Distance,Mile,3000m,41,events_competed,7.2691,6.7083,0.5608,True
750-950,Women,Distance,3000m,Mile,41,bal_spec,6.6175,5.9318,0.6856,True
750-950,Women,Distance,3000m,Mile,41,best_event,6.6175,6.4145,0.203,True
750-950,Women,Distance,3000m,Mile,41,best_is_from,6.6175,6.3866,0.2309,True
750-950,Women,Distance,3000m,Mile,41,best_is_to,6.6175,6.4145,0.203,True
750-950,Women,Distance,3000m,Mile,41,pair_wa_gap_50,6.6175,3.795,2.8225,True
750-950,Women,Distance,3000m,Mile,41,pair_wa_gap_median,6.6175,4.8015,1.816,True
750-950,Women,Distance,3000m,Mile,41,from_stronger_wa,6.6175,6.3866,0.2309,True
750-950,Women,Distance,3000m,Mile,41,events_competed,6.6175,6.5379,0.0796,True
800-1000,Men,Sprints,60m,200m,129,bal_spec,0.3143,0.2879,0.0265,True
800-1000,Men,Sprints,60m,200m,129,best_event,0.3143,0.2433,0.071,True
800-1000,Men,Sprints,60m,200m,129,best_is_from,0.3143,0.2598,0.0546,True
800-1000,Men,Sprints,60m,200m,129,best_is_to,0.3143,0.2525,0.0618,True
800-1000,Men,Sprints,60m,200m,129,pair_wa_gap_50,0.3143,0.2987,0.0157,True
800-1000,Men,Sprints,60m,200m,129,pair_wa_gap_median,0.3143,0.2987,0.0157,True
800-1000,Men,Sprints,60m,200m,129,from_stronger_wa,0.3143,0.2598,0.0546,True
800-1000,Men,Sprints,60m,200m,129,events_competed,0.3143,0.3485,-0.0342,False
800-1000,Men,Sprints,60m,400m,28,bal_spec,1.7752,1.6907,0.0845,True
800-1000,Men,Sprints,60m,400m,28,best_event,1.7752,1.7752,0.0,False
800-1000,Men,Sprints,60m,400m,28,best_is_from,1.7752,1.3829,0.3922,True
800-1000,Men,Sprints,60m,400m,28,best_is_to,1.7752,1.8953,-0.1202,False
800-1000,Men,Sprints,60m,400m,28,pair_wa_gap_50,1.7752,1.6489,0.1263,True
800-1000,Men,Sprints,60m,400m,28,pair_wa_gap_median,1.7752,1.4915,0.2837,True
800-1000,Men,Sprints,60m,400m,28,from_stronger_wa,1.7752,1.6763,0.0989,True
800-1000,Men,Sprints,60m,400m,28,events_competed,1.7752,1.7752,0.0,False
800-1000,Men,Sprints,200m,60m,129,bal_spec,0.0784,0.0709,0.0075,False
800-1000,Men,Sprints,200m,60m,129,best_event,0.0784,0.0658,0.0125,True
800-1000,Men,Sprints,200m,60m,129,best_is_from,0.0784,0.0666,0.0117,True
800-1000,Men,Sprints,200m,60m,129,best_is_to,0.0784,0.0639,0.0145,True
800-1000,Men,Sprints,200m,60m,129,pair_wa_gap_50,0.0784,0.0646,0.0138,True
800-1000,Men,Sprints,200m,60m,129,pair_wa_gap_median,0.0784,0.0618,0.0165,True
800-1000,Men,Sprints,200m,60m,129,from_stronger_wa,0.0784,0.0649,0.0135,True
800-1000,Men,Sprints,200m,60m,129,events_competed,0.0784,0.0694,0.009,False
800-1000,Men,Sprints,200m,400m,37,bal_spec,1.5282,0.9273,0.6009,True
800-1000,Men,Sprints,200m,400m,37,best_event,1.5282,1.1771,0.3511,True
800-1000,Men,Sprints,200m,400m,37,best_is_from,1.5282,0.9066,0.6216,True
800-1000,Men,Sprints,200m,400m,37,best_is_to,1.5282,0.8107,0.7175,True
800-1000,Men,Sprints,200m,400m,37,pair_wa_gap_50,1.5282,1.1812,0.347,True
800-1000,Men,Sprints,200m,400m,37,pair_wa_gap_median,1.5282,0.9209,0.6073,True
800-1000,Men,Sprints,200m,400m,37,from_stronger_wa,1.5282,0.6421,0.8861,True
800-1000,Men,Sprints,200m,400m,37,events_competed,1.5282,1.068,0.4602,True
800-1000,Men,Sprints,400m,60m,28,bal_spec,0.0878,0.108,-0.0202,False
800-1000,Men,Sprints,400m,60m,28,best_event,0.0878,0.0878,0.0,False
800-1000,Men,Sprints,400m,60m,28,best_is_from,0.0878,0.0878,0.0,False
800-1000,Men,Sprints,400m,60m,28,best_is_to,0.0878,0.0878,-0.0,False
800-1000,Men,Sprints,400m,60m,28,pair_wa_gap_50,0.0878,0.0944,-0.0066,False
800-1000,Men,Sprints,400m,60m,28,pair_wa_gap_median,0.0878,0.1035,-0.0157,False
800-1000,Men,Sprints,400m,60m,28,from_stronger_wa,0.0878,0.1084,-0.0207,False
800-1000,Men,Sprints,400m,60m,28,events_competed,0.0878,0.1186,-0.0309,False
800-1000,Men,Sprints,400m,200m,37,bal_spec,0.3358,0.3244,0.0114,True
800-1000,Men,Sprints,400m,200m,37,best_event,0.3358,0.2185,0.1173,True
800-1000,Men,Sprints,400m,200m,37,best_is_from,0.3358,0.1868,0.149,True
800-1000,Men,Sprints,400m,200m,37,best_is_to,0.3358,0.1907,0.1451,True
800-1000,Men,Sprints,400m,200m,37,pair_wa_gap_50,0.3358,0.3388,-0.003,False
800-1000,Men,Sprints,400m,200m,37,pair_wa_gap_median,0.3358,0.2849,0.0509,True
800-1000,Men,Sprints,400m,200m,37,from_stronger_wa,0.3358,0.3244,0.0114,True
800-1000,Men,Sprints,400m,200m,37,events_competed,0.3358,0.2839,0.0519,True
800-1000,Women,Sprints,60m,200m,52,bal_spec,0.5006,0.2862,0.2144,True
800-1000,Women,Sprints,60m,200m,52,best_event,0.5006,0.4959,0.0047,False
800-1000,Women,Sprints,60m,200m,52,best_is_from,0.5006,0.5036,-0.003,False
800-1000,Women,Sprints,60m,200m,52,best_is_to,0.5006,0.5033,-0.0027,False
800-1000,Women,Sprints,60m,200m,52,pair_wa_gap_50,0.5006,0.2178,0.2828,True
800-1000,Women,Sprints,60m,200m,52,pair_wa_gap_median,0.5006,0.2316,0.269,True
800-1000,Women,Sprints,60m,200m,52,from_stronger_wa,0.5006,0.5001,0.0005,False
800-1000,Women,Sprints,60m,200m,52,events_competed,0.5006,0.4883,0.0123,True
800-1000,Women,Sprints,200m,60m,52,bal_spec,0.0648,0.061,0.0038,False
800-1000,Women,Sprints,200m,60m,52,best_event,0.0648,0.0745,-0.0097,False
800-1000,Women,Sprints,200m,60m,52,best_is_from,0.0648,0.0677,-0.0028,False
800-1000,Women,Sprints,200m,60m,52,best_is_to,0.0648,0.0745,-0.0097,False
800-1000,Women,Sprints,200m,60m,52,pair_wa_gap_50,0.0648,0.0665,-0.0017,False
800-1000,Women,Sprints,200m,60m,52,pair_wa_gap_median,0.0648,0.0568,0.0081,False
800-1000,Women,Sprints,200m,60m,52,from_stronger_wa,0.0648,0.0688,-0.004,False
800-1000,Women,Sprints,200m,60m,52,events_competed,0.0648,0.0724,-0.0076,False
800-1000,Women,Sprints,200m,400m,24,bal_spec,2.2443,2.3478,-0.1036,False
800-1000,Women,Sprints,200m,400m,24,best_event,2.2443,1.6981,0.5462,True
800-1000,Women,Sprints,200m,400m,24,best_is_from,2.2443,1.6981,0.5462,True
800-1000,Women,Sprints,200m,400m,24,best_is_to,2.2443,1.6981,0.5462,True
800-1000,Women,Sprints,200m,400m,24,pair_wa_gap_50,2.2443,1.4742,0.7701,True
800-1000,Women,Sprints,200m,400m,24,pair_wa_gap_median,2.2443,2.2443,0.0,False
800-1000,Women,Sprints,200m,400m,24,from_stronger_wa,2.2443,1.6981,0.5462,True
800-1000,Women,Sprints,200m,400m,24,events_competed,2.2443,2.2478,-0.0036,False
800-1000,Women,Sprints,400m,200m,24,bal_spec,0.5736,0.8879,-0.3142,False
800-1000,Women,Sprints,400m,200m,24,best_event,0.5736,0.4737,0.0999,True
800-1000,Women,Sprints,400m,200m,24,best_is_from,0.5736,0.4737,0.0999,True
800-1000,Women,Sprints,400m,200m,24,best_is_to,0.5736,0.7614,-0.1878,False
800-1000,Women,Sprints,400m,200m,24,pair_wa_gap_50,0.5736,0.7484,-0.1748,False
800-1000,Women,Sprints,400m,200m,24,pair_wa_gap_median,0.5736,0.5736,0.0,False
800-1000,Women,Sprints,400m,200m,24,from_stronger_wa,0.5736,0.4737,0.0999,True
800-1000,Women,Sprints,400m,200m,24,events_competed,0.5736,0.5736,0.0,False
800-1000,Men,Distance,800m,Mile,47,bal_spec,5.0168,5.0168,0.0,False
800-1000,Men,Distance,800m,Mile,47,best_event,5.0168,5.4717,-0.4549,False
800-1000,Men,Distance,800m,Mile,47,best_is_from,5.0168,5.0881,-0.0713,False
800-1000,Men,Distance,800m,Mile,47,best_is_to,5.0168,5.6573,-0.6405,False
800-1000,Men,Distance,800m,Mile,47,pair_wa_gap_50,5.0168,5.0168,0.0,False
800-1000,Men,Distance,800m,Mile,47,pair_wa_gap_median,5.0168,4.9896,0.0272,True
800-1000,Men,Distance,800m,Mile,47,from_stronger_wa,5.0168,5.6306,-0.6138,False
800-1000,Men,Distance,800m,Mile,47,events_competed,5.0168,5.1386,-0.1217,False
800-1000,Men,Distance,800m,3000m,20,best_event,6.9846,6.9846,0.0,False
800-1000,Men,Distance,800m,3000m,20,best_is_from,6.9846,6.9846,0.0,False
800-1000,Men,Distance,800m,3000m,20,best_is_to,6.9846,6.9846,0.0,False
800-1000,Men,Distance,800m,3000m,20,pair_wa_gap_50,6.9846,7.1751,-0.1906,False
800-1000,Men,Distance,800m,3000m,20,pair_wa_gap_median,6.9846,6.9846,0.0,False
800-1000,Men,Distance,800m,3000m,20,from_stronger_wa,6.9846,6.9846,0.0,False
800-1000,Men,Distance,800m,3000m,20,events_competed,6.9846,6.8583,0.1262,True
800-1000,Men,Distance,Mile,800m,47,bal_spec,1.5507,1.4132,0.1375,True
800-1000,Men,Distance,Mile,800m,47,best_event,1.5507,1.3957,0.1551,True
800-1000,Men,Distance,Mile,800m,47,best_is_from,1.5507,1.1345,0.4162,True
800-1000,Men,Distance,Mile,800m,47,best_is_to,1.5507,1.5665,-0.0158,False
800-1000,Men,Distance,Mile,800m,47,pair_wa_gap_50,1.5507,1.7338,-0.183,False
800-1000,Men,Distance,Mile,800m,47,pair_wa_gap_median,1.5507,2.3038,-0.753,False
800-1000,Men,Distance,Mile,800m,47,from_stronger_wa,1.5507,1.3957,0.1551,True
800-1000,Men,Distance,Mile,800m,47,events_competed,1.5507,1.4303,0.1205,True
800-1000,Men,Distance,Mile,3000m,48,bal_spec,11.481,10.0206,1.4604,True
800-1000,Men,Distance,Mile,3000m,48,best_event,11.481,8.4251,3.0559,True
800-1000,Men,Distance,Mile,3000m,48,best_is_from,11.481,8.1702,3.3107,True
800-1000,Men,Distance,Mile,3000m,48,best_is_to,11.481,7.5085,3.9725,True
800-1000,Men,Distance,Mile,3000m,48,pair_wa_gap_50,11.481,7.617,3.8639,True
800-1000,Men,Distance,Mile,3000m,48,pair_wa_gap_median,11.481,9.7584,1.7226,True
800-1000,Men,Distance,Mile,3000m,48,from_stronger_wa,11.481,10.6008,0.8802,True
800-1000,Men,Distance,Mile,3000m,48,events_competed,11.481,11.1153,0.3657,True
800-1000,Men,Distance,3000m,800m,20,best_event,3.2318,3.2318,0.0,False
800-1000,Men,Distance,3000m,800m,20,best_is_from,3.2318,3.2318,0.0,False
800-1000,Men,Distance,3000m,800m,20,best_is_to,3.2318,3.2318,0.0,False
800-1000,Men,Distance,3000m,800m,20,pair_wa_gap_50,3.2318,3.3163,-0.0845,False
800-1000,Men,Distance,3000m,800m,20,pair_wa_gap_median,3.2318,3.2318,0.0,False
800-1000,Men,Distance,3000m,800m,20,from_stronger_wa,3.2318,3.2318,0.0,False
800-1000,Men,Distance,3000m,800m,20,events_competed,3.2318,3.2909,-0.0592,False
800-1000,Men,Distance,3000m,Mile,48,bal_spec,5.0575,5.0575,0.0,False
800-1000,Men,Distance,3000m,Mile,48,best_event,5.0575,2.3554,2.7021,True
800-1000,Men,Distance,3000m,Mile,48,best_is_from,5.0575,2.3554,2.7021,True
800-1000,Men,Distance,3000m,Mile,48,best_is_to,5.0575,4.3791,0.6784,True
800-1000,Men,Distance,3000m,Mile,48,pair_wa_gap_50,5.0575,4.7131,0.3444,True
800-1000,Men,Distance,3000m,Mile,48,pair_wa_gap_median,5.0575,3.4788,1.5787,True
800-1000,Men,Distance,3000m,Mile,48,from_stronger_wa,5.0575,2.591,2.4665,True
800-1000,Men,Distance,3000m,Mile,48,events_competed,5.0575,6.1088,-1.0513,False
