unit,gender,event_group,season_a,season_b,delta_result_count,delta_point_jump,delta_first_wa
3541|Men|Sprints,Men,Sprints,2024,2025,-7,-116.0,147.0
3541|Men|Sprints,Men,Sprints,2024,2026,-9,-116.0,13.0
3541|Men|Sprints,Men,Sprints,2025,2026,-2,0.0,-134.0
3549|Men|Sprints,Men,Sprints,2024,2025,-7,-44.0,-12.0
4647|Men|Sprints,Men,Sprints,2024,2025,0,-13.0,199.0
3551|Men|Sprints,Men,Sprints,2024,2025,2,0.0,-149.0
3551|Men|Sprints,Men,Sprints,2024,2026,1,0.0,80.0
3551|Men|Sprints,Men,Sprints,2025,2026,-1,0.0,229.0
3559|Men|Sprints,Men,Sprints,2024,2025,-2,0.0,-287.0
4485|Men|Sprints,Men,Sprints,2024,2025,-4,-125.0,249.0
3851|Men|Sprints,Men,Sprints,2024,2025,-3,8.0,-52.0
3851|Men|Sprints,Men,Sprints,2024,2026,-3,0.0,-82.0
3851|Men|Sprints,Men,Sprints,2025,2026,0,-8.0,-30.0
2152|Men|Sprints,Men,Sprints,2024,2025,0,-2.0,14.0
2139|Men|Jumps,Men,Jumps,2024,2025,-4,-51.0,63.0
2139|Men|Jumps,Men,Jumps,2024,2026,-4,-51.0,33.0
2139|Men|Jumps,Men,Jumps,2025,2026,0,0.0,-30.0
4487|Men|Sprints,Men,Sprints,2024,2025,-1,-158.0,94.0
930|Men|Distance,Men,Distance,2024,2025,0,-145.0,228.0
1876|Men|Distance,Men,Distance,2024,2025,-2,0.0,179.0
3547|Men|Distance,Men,Distance,2024,2026,-4,0.0,11.0
1900|Men|Distance,Men,Distance,2024,2026,-6,-32.0,95.0
3541|Men|Distance,Men,Distance,2024,2026,-2,0.0,-82.0
3541|Men|Jumps,Men,Jumps,2024,2026,-2,0.0,-82.0
3541|Men|Throws,Men,Throws,2024,2026,-3,0.0,-82.0
3541|Men|Hurdles,Men,Hurdles,2024,2026,-2,0.0,-82.0
938|Men|Distance,Men,Distance,2024,2025,-4,-25.0,26.0
5541|Men|Sprints,Men,Sprints,2024,2026,0,13.0,-44.0
2560|Men|Distance,Men,Distance,2024,2025,0,0.0,-181.0
530|Men|Distance,Men,Distance,2024,2025,0,0.0,-55.0
530|Men|Distance,Men,Distance,2024,2026,-2,0.0,-39.0
530|Men|Distance,Men,Distance,2025,2026,-2,0.0,16.0
539|Men|Distance,Men,Distance,2024,2025,1,45.0,48.0
539|Men|Distance,Men,Distance,2024,2026,1,0.0,33.0
539|Men|Distance,Men,Distance,2025,2026,0,-45.0,-15.0
4073|Men|Sprints,Men,Sprints,2024,2025,1,26.0,25.0
4073|Men|Sprints,Men,Sprints,2024,2026,0,-43.0,127.0
4073|Men|Sprints,Men,Sprints,2025,2026,-1,-69.0,102.0
4347|Men|Sprints,Men,Sprints,2024,2025,-2,4.0,-31.0
4347|Men|Sprints,Men,Sprints,2024,2026,0,-83.0,11.0
4347|Men|Sprints,Men,Sprints,2025,2026,2,-87.0,42.0
5140|Men|Sprints,Men,Sprints,2024,2025,-1,16.0,-67.0
5165|Men|Sprints,Men,Sprints,2024,2026,-5,-154.0,83.0
3158|Men|Sprints,Men,Sprints,2024,2025,-3,-59.0,72.0
4056|Men|Distance,Men,Distance,2024,2025,0,0.0,67.0
2950|Men|Distance,Men,Distance,2024,2025,2,34.0,-99.0
2987|Men|Distance,Men,Distance,2024,2025,-1,0.0,-291.0
2987|Men|Distance,Men,Distance,2024,2026,-1,0.0,-297.0
2987|Men|Distance,Men,Distance,2025,2026,0,0.0,-6.0
3012|Men|Sprints,Men,Sprints,2024,2025,-1,-34.0,196.0
5218|Men|Sprints,Men,Sprints,2024,2025,-2,0.0,49.0
5221|Men|Sprints,Men,Sprints,2024,2025,-8,-230.0,-43.0
5221|Men|Sprints,Men,Sprints,2024,2026,-7,-230.0,74.0
5221|Men|Sprints,Men,Sprints,2025,2026,1,0.0,117.0
4304|Men|Sprints,Men,Sprints,2024,2025,-6,0.0,57.0
4304|Men|Sprints,Men,Sprints,2024,2026,-3,67.0,-88.0
4304|Men|Sprints,Men,Sprints,2025,2026,3,67.0,-145.0
5233|Men|Sprints,Men,Sprints,2024,2026,1,0.0,86.0
5234|Men|Sprints,Men,Sprints,2024,2025,-1,77.0,79.0
5234|Men|Sprints,Men,Sprints,2024,2026,-2,36.0,144.0
5234|Men|Sprints,Men,Sprints,2025,2026,-1,-41.0,65.0
5240|Men|Sprints,Men,Sprints,2024,2026,-6,-137.0,48.0
5246|Men|Sprints,Men,Sprints,2024,2025,-1,-107.0,187.0
5246|Men|Sprints,Men,Sprints,2024,2026,-2,-100.0,172.0
5246|Men|Sprints,Men,Sprints,2025,2026,-1,7.0,-15.0
5250|Men|Sprints,Men,Sprints,2024,2025,-4,0.0,12.0
5252|Men|Sprints,Men,Sprints,2024,2026,-1,0.0,40.0
5252|Men|Jumps,Men,Jumps,2024,2026,0,0.0,122.0
5252|Men|Hurdles,Men,Hurdles,2024,2025,-1,-68.0,115.0
5252|Men|Hurdles,Men,Hurdles,2024,2026,-3,-104.0,122.0
5252|Men|Hurdles,Men,Hurdles,2025,2026,-2,-36.0,7.0
5233|Men|Distance,Men,Distance,2024,2026,3,-24.0,122.0
5233|Men|Jumps,Men,Jumps,2024,2026,5,-24.0,122.0
5233|Men|Throws,Men,Throws,2024,2026,3,-24.0,122.0
5233|Men|Hurdles,Men,Hurdles,2024,2025,-3,79.0,-14.0
5233|Men|Hurdles,Men,Hurdles,2024,2026,-1,-89.0,122.0
5233|Men|Hurdles,Men,Hurdles,2025,2026,2,-168.0,136.0
4304|Men|Distance,Men,Distance,2024,2025,-6,0.0,57.0
4304|Men|Distance,Men,Distance,2024,2026,-3,238.0,-259.0
4304|Men|Distance,Men,Distance,2025,2026,3,238.0,-316.0
4304|Men|Jumps,Men,Jumps,2024,2026,-5,238.0,-259.0
4304|Men|Throws,Men,Throws,2024,2026,-3,238.0,-259.0
4304|Men|Hurdles,Men,Hurdles,2024,2025,-3,0.0,57.0
4304|Men|Hurdles,Men,Hurdles,2024,2026,-2,238.0,-259.0
4304|Men|Hurdles,Men,Hurdles,2025,2026,1,238.0,-316.0
5239|Men|Sprints,Men,Sprints,2024,2026,-3,65.0,-126.0
5239|Men|Distance,Men,Distance,2024,2026,-2,65.0,-126.0
5239|Men|Jumps,Men,Jumps,2024,2026,-2,65.0,-126.0
5239|Men|Throws,Men,Throws,2024,2026,-2,65.0,-126.0
5239|Men|Hurdles,Men,Hurdles,2024,2025,-4,275.0,-393.0
5239|Men|Hurdles,Men,Hurdles,2024,2026,-5,65.0,-126.0
5239|Men|Hurdles,Men,Hurdles,2025,2026,-1,-210.0,267.0
5248|Men|Sprints,Men,Sprints,2024,2025,-6,-75.0,22.0
5248|Men|Distance,Men,Distance,2024,2025,-4,-38.0,18.0
468|Men|Distance,Men,Distance,2024,2025,-7,-87.0,53.0
790|Men|Throws,Men,Throws,2024,2025,-2,-53.0,-94.0
2626|Men|Sprints,Men,Sprints,2024,2025,-2,69.0,-172.0
5259|Men|Sprints,Men,Sprints,2024,2025,-5,-28.0,-125.0
760|Men|Distance,Men,Distance,2024,2025,0,120.0,-53.0
760|Men|Distance,Men,Distance,2024,2026,-1,24.0,-32.0
760|Men|Distance,Men,Distance,2025,2026,-1,-96.0,21.0
4150|Men|Sprints,Men,Sprints,2024,2025,-1,74.0,-11.0
4150|Men|Sprints,Men,Sprints,2024,2026,0,38.0,31.0
4150|Men|Sprints,Men,Sprints,2025,2026,1,-36.0,42.0
3689|Men|Sprints,Men,Sprints,2024,2025,-7,97.0,-145.0
3689|Men|Sprints,Men,Sprints,2024,2026,-11,-4.0,-44.0
3689|Men|Sprints,Men,Sprints,2025,2026,-4,-101.0,101.0
3690|Men|Sprints,Men,Sprints,2024,2025,-11,-85.0,-40.0
3690|Men|Sprints,Men,Sprints,2024,2026,-10,-85.0,-79.0
3690|Men|Sprints,Men,Sprints,2025,2026,1,0.0,-39.0
3691|Men|Sprints,Men,Sprints,2024,2025,-1,19.0,46.0
3720|Men|Sprints,Men,Sprints,2024,2025,-2,-16.0,-60.0
3720|Men|Sprints,Men,Sprints,2024,2026,0,-16.0,26.0
3720|Men|Sprints,Men,Sprints,2025,2026,2,0.0,86.0
4380|Men|Sprints,Men,Sprints,2024,2025,-1,18.0,-22.0
4380|Men|Sprints,Men,Sprints,2024,2026,-4,-76.0,292.0
4380|Men|Sprints,Men,Sprints,2025,2026,-3,-94.0,314.0
3696|Men|Sprints,Men,Sprints,2024,2025,-8,0.0,-168.0
3696|Men|Sprints,Men,Sprints,2024,2026,-10,-8.0,-73.0
3696|Men|Sprints,Men,Sprints,2025,2026,-2,-8.0,95.0
3698|Men|Sprints,Men,Sprints,2024,2025,-4,47.0,21.0
3698|Men|Sprints,Men,Sprints,2024,2026,-3,30.0,65.0
3698|Men|Sprints,Men,Sprints,2025,2026,1,-17.0,44.0
3699|Men|Sprints,Men,Sprints,2024,2025,-7,0.0,50.0
3699|Men|Sprints,Men,Sprints,2024,2026,-7,175.0,-78.0
3699|Men|Sprints,Men,Sprints,2025,2026,0,175.0,-128.0
3701|Men|Sprints,Men,Sprints,2024,2025,-7,64.0,-55.0
3725|Men|Sprints,Men,Sprints,2024,2026,-1,48.0,38.0
3728|Men|Sprints,Men,Sprints,2024,2025,-5,145.0,-56.0
3728|Men|Sprints,Men,Sprints,2024,2026,-4,104.0,-35.0
3728|Men|Sprints,Men,Sprints,2025,2026,1,-41.0,21.0
4386|Men|Sprints,Men,Sprints,2024,2025,-5,88.0,40.0
4386|Men|Sprints,Men,Sprints,2024,2026,-9,72.0,11.0
4386|Men|Sprints,Men,Sprints,2025,2026,-4,-16.0,-29.0
4149|Men|Sprints,Men,Sprints,2024,2025,-3,132.0,-53.0
4149|Men|Sprints,Men,Sprints,2024,2026,3,39.0,61.0
4149|Men|Sprints,Men,Sprints,2025,2026,6,-93.0,114.0
3708|Men|Sprints,Men,Sprints,2024,2025,-4,68.0,1.0
3709|Men|Sprints,Men,Sprints,2024,2025,-2,-243.0,179.0
3709|Men|Sprints,Men,Sprints,2024,2026,1,-189.0,278.0
3709|Men|Sprints,Men,Sprints,2025,2026,3,54.0,99.0
3698|Men|Distance,Men,Distance,2024,2026,0,100.0,19.0
3698|Men|Jumps,Men,Jumps,2024,2026,-3,100.0,19.0
3698|Men|Throws,Men,Throws,2024,2026,0,100.0,19.0
3698|Men|Hurdles,Men,Hurdles,2024,2026,0,100.0,19.0
3695|Men|Sprints,Men,Sprints,2024,2025,0,0.0,-161.0
3689|Men|Jumps,Men,Jumps,2024,2026,-3,-4.0,-44.0
4149|Men|Distance,Men,Distance,2024,2026,2,39.0,61.0
4149|Men|Jumps,Men,Jumps,2024,2026,2,39.0,61.0
4149|Men|Throws,Men,Throws,2024,2026,2,39.0,61.0
4149|Men|Hurdles,Men,Hurdles,2024,2026,2,39.0,61.0
3728|Men|Distance,Men,Distance,2024,2025,-5,0.0,89.0
3728|Men|Distance,Men,Distance,2024,2026,-5,207.0,-138.0
3728|Men|Distance,Men,Distance,2025,2026,0,207.0,-227.0
3728|Men|Jumps,Men,Jumps,2024,2026,-4,207.0,-138.0
3728|Men|Throws,Men,Throws,2024,2026,-4,207.0,-138.0
3728|Men|Hurdles,Men,Hurdles,2024,2025,-4,0.0,89.0
3728|Men|Hurdles,Men,Hurdles,2024,2026,-4,207.0,-138.0
3728|Men|Hurdles,Men,Hurdles,2025,2026,0,207.0,-227.0
3720|Men|Distance,Men,Distance,2024,2026,0,-16.0,26.0
3720|Men|Jumps,Men,Jumps,2024,2026,0,-16.0,26.0
3720|Men|Throws,Men,Throws,2024,2026,0,-16.0,26.0
3720|Men|Hurdles,Men,Hurdles,2024,2026,0,-16.0,26.0
4148|Men|Sprints,Men,Sprints,2024,2025,-5,-7.0,-69.0
4148|Men|Throws,Men,Throws,2024,2025,-4,108.0,-253.0
4148|Men|Throws,Men,Throws,2024,2026,2,-8.0,-123.0
4148|Men|Throws,Men,Throws,2025,2026,6,-116.0,130.0
1216|Men|Sprints,Men,Sprints,2024,2025,-5,-100.0,26.0
1216|Men|Sprints,Men,Sprints,2024,2026,-3,-100.0,16.0
1216|Men|Sprints,Men,Sprints,2025,2026,2,0.0,-10.0
1216|Men|Distance,Men,Distance,2024,2025,-5,78.0,-72.0
1216|Men|Distance,Men,Distance,2024,2026,-4,51.0,-86.0
1216|Men|Distance,Men,Distance,2025,2026,1,-27.0,-14.0
1216|Men|Hurdles,Men,Hurdles,2024,2026,0,-87.0,-178.0
4150|Men|Distance,Men,Distance,2024,2026,0,0.0,31.0
3708|Men|Distance,Men,Distance,2024,2025,-3,-145.0,248.0
3708|Men|Jumps,Men,Jumps,2024,2025,-2,-145.0,248.0
3708|Men|Throws,Men,Throws,2024,2025,-2,-145.0,248.0
3708|Men|Hurdles,Men,Hurdles,2024,2025,-1,-145.0,248.0
3699|Men|Distance,Men,Distance,2024,2025,-3,269.0,-219.0
3699|Men|Distance,Men,Distance,2024,2026,-2,175.0,-78.0
3699|Men|Distance,Men,Distance,2025,2026,1,-94.0,141.0
3699|Men|Jumps,Men,Jumps,2024,2026,-1,175.0,-78.0
3699|Men|Throws,Men,Throws,2024,2026,-1,175.0,-78.0
3699|Men|Hurdles,Men,Hurdles,2024,2026,-1,175.0,-78.0
3687|Men|Sprints,Men,Sprints,2024,2025,-5,3.0,50.0
3687|Men|Distance,Men,Distance,2024,2025,-6,75.0,45.0
3710|Men|Sprints,Men,Sprints,2024,2025,-3,-21.0,58.0
3710|Men|Sprints,Men,Sprints,2024,2026,-3,63.0,-53.0
3710|Men|Sprints,Men,Sprints,2025,2026,0,84.0,-111.0
4393|Men|Sprints,Men,Sprints,2024,2025,-5,-105.0,149.0
5234|Men|Distance,Men,Distance,2024,2026,1,22.0,193.0
5234|Men|Jumps,Men,Jumps,2024,2026,1,22.0,193.0
5234|Men|Throws,Men,Throws,2024,2026,1,22.0,193.0
5234|Men|Hurdles,Men,Hurdles,2024,2026,1,22.0,193.0
5240|Men|Distance,Men,Distance,2024,2026,-1,-101.0,12.0
5240|Men|Jumps,Men,Jumps,2024,2026,-1,-101.0,12.0
5240|Men|Throws,Men,Throws,2024,2026,-1,-101.0,12.0
5240|Men|Hurdles,Men,Hurdles,2024,2026,-1,-101.0,12.0
5218|Men|Distance,Men,Distance,2024,2025,-3,0.0,48.0
5218|Men|Jumps,Men,Jumps,2024,2025,-3,0.0,48.0
5218|Men|Throws,Men,Throws,2024,2025,-3,0.0,48.0
5218|Men|Hurdles,Men,Hurdles,2024,2025,-3,0.0,48.0
466|Men|Sprints,Men,Sprints,2024,2026,0,85.0,36.0
466|Men|Distance,Men,Distance,2024,2025,-3,73.0,-13.0
466|Men|Distance,Men,Distance,2024,2026,-3,41.0,-100.0
466|Men|Distance,Men,Distance,2025,2026,0,-32.0,-87.0
466|Men|Jumps,Men,Jumps,2024,2026,0,85.0,36.0
466|Men|Throws,Men,Throws,2024,2026,0,85.0,36.0
466|Men|Hurdles,Men,Hurdles,2024,2026,0,85.0,36.0
5230|Men|Distance,Men,Distance,2024,2025,-5,-187.0,-15.0
5230|Men|Distance,Men,Distance,2024,2026,-4,-130.0,127.0
5230|Men|Distance,Men,Distance,2025,2026,1,57.0,142.0
3011|Men|Distance,Men,Distance,2024,2025,-3,-58.0,-60.0
743|Men|Distance,Men,Distance,2024,2025,-3,8.0,24.0
743|Men|Distance,Men,Distance,2024,2026,-2,-13.0,69.0
743|Men|Distance,Men,Distance,2025,2026,1,-21.0,45.0
5220|Men|Distance,Men,Distance,2024,2025,-7,-76.0,-19.0
3015|Men|Distance,Men,Distance,2024,2026,-6,9.0,-361.0
3574|Men|Sprints,Men,Sprints,2024,2025,-2,-155.0,149.0
3574|Men|Sprints,Men,Sprints,2024,2026,0,-155.0,166.0
3574|Men|Sprints,Men,Sprints,2025,2026,2,0.0,17.0
3522|Men|Sprints,Men,Sprints,2024,2025,-1,72.0,34.0
3522|Men|Sprints,Men,Sprints,2024,2026,3,-29.0,232.0
3522|Men|Sprints,Men,Sprints,2025,2026,4,-101.0,198.0
3993|Men|Sprints,Men,Sprints,2024,2026,1,0.0,-8.0
3996|Men|Sprints,Men,Sprints,2024,2025,-4,-6.0,-94.0
3996|Men|Sprints,Men,Sprints,2024,2026,-4,-6.0,-80.0
3996|Men|Sprints,Men,Sprints,2025,2026,0,0.0,14.0
3997|Men|Sprints,Men,Sprints,2024,2025,-3,0.0,-111.0
4002|Men|Sprints,Men,Sprints,2024,2026,-2,-107.0,138.0
4002|Men|Throws,Men,Throws,2024,2026,-1,-68.0,-58.0
164|Men|Distance,Men,Distance,2024,2026,-2,0.0,-20.0
164|Men|Hurdles,Men,Hurdles,2024,2026,-1,0.0,-8.0
188|Men|Distance,Men,Distance,2024,2025,-4,-57.0,-26.0
188|Men|Distance,Men,Distance,2024,2026,-5,-57.0,11.0
188|Men|Distance,Men,Distance,2025,2026,-1,0.0,37.0
2037|Men|Distance,Men,Distance,2024,2026,5,77.0,89.0
166|Men|Distance,Men,Distance,2024,2026,-2,0.0,231.0
554|Men|Sprints,Men,Sprints,2024,2025,0,4.0,95.0
554|Men|Sprints,Men,Sprints,2024,2026,-2,-59.0,34.0
554|Men|Sprints,Men,Sprints,2025,2026,-2,-63.0,-61.0
1589|Men|Sprints,Men,Sprints,2024,2026,2,0.0,-163.0
3590|Men|Sprints,Men,Sprints,2024,2025,0,8.0,-318.0
2487|Men|Sprints,Men,Sprints,2024,2026,-3,0.0,-442.0
3540|Men|Sprints,Men,Sprints,2024,2025,-2,-42.0,100.0
5404|Men|Sprints,Men,Sprints,2024,2025,-1,0.0,-51.0
5406|Men|Sprints,Men,Sprints,2024,2025,-4,-162.0,-61.0
4358|Men|Sprints,Men,Sprints,2024,2025,-7,-207.0,25.0
4364|Men|Sprints,Men,Sprints,2024,2025,-3,-157.0,-35.0
4364|Men|Sprints,Men,Sprints,2024,2026,-1,-156.0,-6.0
4364|Men|Sprints,Men,Sprints,2025,2026,2,1.0,29.0
5417|Men|Sprints,Men,Sprints,2024,2025,-1,0.0,-87.0
1552|Men|Distance,Men,Distance,2024,2025,-4,102.0,-69.0
1552|Men|Distance,Men,Distance,2024,2026,-2,12.0,-71.0
1552|Men|Distance,Men,Distance,2025,2026,2,-90.0,-2.0
3801|Men|Sprints,Men,Sprints,2024,2025,-7,-21.0,-61.0
4461|Men|Sprints,Men,Sprints,2024,2025,-2,-93.0,162.0
4112|Men|Sprints,Men,Sprints,2024,2026,-1,-24.0,-85.0
4461|Men|Hurdles,Men,Hurdles,2024,2025,-2,-133.0,266.0
3801|Men|Distance,Men,Distance,2024,2025,0,-309.0,227.0
3801|Men|Jumps,Men,Jumps,2024,2025,-1,-309.0,227.0
3801|Men|Throws,Men,Throws,2024,2025,-1,-309.0,227.0
3801|Men|Hurdles,Men,Hurdles,2024,2025,0,-309.0,227.0
4112|Men|Distance,Men,Distance,2024,2026,0,-309.0,244.0
4112|Men|Jumps,Men,Jumps,2024,2026,0,-309.0,244.0
4112|Men|Throws,Men,Throws,2024,2026,0,-309.0,244.0
4112|Men|Hurdles,Men,Hurdles,2024,2026,1,-309.0,244.0
1612|Men|Sprints,Men,Sprints,2024,2025,1,-68.0,145.0
1558|Men|Sprints,Men,Sprints,2024,2026,0,-44.0,126.0
1609|Men|Distance,Men,Distance,2024,2025,-6,-223.0,142.0
3719|Men|Sprints,Men,Sprints,2024,2025,-7,62.0,-80.0
3719|Men|Sprints,Men,Sprints,2024,2026,-3,72.0,-27.0
3719|Men|Sprints,Men,Sprints,2025,2026,4,10.0,53.0
3690|Men|Distance,Men,Distance,2024,2026,-2,-22.0,-49.0
3690|Men|Jumps,Men,Jumps,2024,2026,-2,-22.0,-49.0
3690|Men|Throws,Men,Throws,2024,2026,-2,-22.0,-49.0
3690|Men|Hurdles,Men,Hurdles,2024,2026,-2,-22.0,-49.0
3719|Men|Distance,Men,Distance,2024,2026,-2,78.0,37.0
3719|Men|Jumps,Men,Jumps,2024,2026,-1,78.0,37.0
3719|Men|Throws,Men,Throws,2024,2026,-2,78.0,37.0
3719|Men|Hurdles,Men,Hurdles,2024,2026,-2,78.0,37.0
3733|Men|Sprints,Men,Sprints,2024,2025,-2,93.0,-76.0
3733|Men|Jumps,Men,Jumps,2024,2026,0,-62.0,-120.0
3733|Men|Hurdles,Men,Hurdles,2024,2025,-4,25.0,-71.0
3733|Men|Hurdles,Men,Hurdles,2024,2026,-5,-217.0,96.0
3733|Men|Hurdles,Men,Hurdles,2025,2026,-1,-242.0,167.0
3951|Men|Sprints,Men,Sprints,2024,2025,-1,-3.0,-173.0
3843|Men|Sprints,Men,Sprints,2024,2025,-7,0.0,-21.0
3843|Men|Sprints,Men,Sprints,2024,2026,-7,99.0,-116.0
3843|Men|Sprints,Men,Sprints,2025,2026,0,99.0,-95.0
3846|Men|Sprints,Men,Sprints,2024,2025,1,0.0,88.0
3871|Men|Sprints,Men,Sprints,2024,2026,-3,-9.0,-44.0
3838|Men|Sprints,Men,Sprints,2024,2025,-3,-80.0,-8.0
3843|Men|Distance,Men,Distance,2024,2026,0,0.0,53.0
3843|Men|Jumps,Men,Jumps,2024,2026,0,0.0,53.0
3843|Men|Throws,Men,Throws,2024,2026,0,0.0,53.0
3843|Men|Hurdles,Men,Hurdles,2024,2026,0,0.0,53.0
2867|Men|Sprints,Men,Sprints,2024,2026,1,-112.0,293.0
2867|Men|Distance,Men,Distance,2024,2025,-2,-17.0,34.0
2867|Men|Distance,Men,Distance,2024,2026,1,110.0,54.0
2867|Men|Distance,Men,Distance,2025,2026,3,127.0,20.0
2867|Men|Jumps,Men,Jumps,2024,2026,2,-112.0,293.0
2867|Men|Throws,Men,Throws,2024,2026,1,-112.0,293.0
2867|Men|Hurdles,Men,Hurdles,2024,2025,1,-112.0,146.0
2867|Men|Hurdles,Men,Hurdles,2024,2026,1,-112.0,293.0
2867|Men|Hurdles,Men,Hurdles,2025,2026,0,0.0,147.0
344|Men|Sprints,Men,Sprints,2024,2026,-3,-150.0,242.0
344|Men|Distance,Men,Distance,2024,2026,-3,-10.0,171.0
3578|Men|Sprints,Men,Sprints,2024,2025,-3,19.0,-118.0
4727|Men|Sprints,Men,Sprints,2024,2025,3,0.0,3.0
4727|Men|Sprints,Men,Sprints,2024,2026,3,0.0,-21.0
4727|Men|Sprints,Men,Sprints,2025,2026,0,0.0,-24.0
3513|Men|Sprints,Men,Sprints,2024,2025,-4,-4.0,-75.0
3513|Men|Sprints,Men,Sprints,2024,2026,-3,-4.0,4.0
3513|Men|Sprints,Men,Sprints,2025,2026,1,0.0,79.0
2289|Men|Sprints,Men,Sprints,2024,2025,9,124.0,-145.0
3680|Men|Sprints,Men,Sprints,2024,2025,-2,0.0,27.0
3570|Men|Sprints,Men,Sprints,2024,2026,-1,-18.0,-9.0
4626|Men|Sprints,Men,Sprints,2024,2025,-2,-66.0,13.0
4346|Men|Sprints,Men,Sprints,2024,2026,2,29.0,-49.0
5550|Men|Sprints,Men,Sprints,2024,2025,-6,-153.0,-19.0
3682|Men|Sprints,Men,Sprints,2024,2025,-4,0.0,-35.0
3682|Men|Sprints,Men,Sprints,2024,2026,-1,0.0,82.0
3682|Men|Sprints,Men,Sprints,2025,2026,3,0.0,117.0
3854|Men|Sprints,Men,Sprints,2024,2025,-1,0.0,-48.0
5552|Men|Sprints,Men,Sprints,2024,2025,-1,0.0,-81.0
4415|Men|Sprints,Men,Sprints,2024,2025,-5,-203.0,-8.0
3512|Men|Sprints,Men,Sprints,2024,2025,0,0.0,36.0
3512|Men|Sprints,Men,Sprints,2024,2026,0,0.0,72.0
3512|Men|Sprints,Men,Sprints,2025,2026,0,0.0,36.0
4387|Men|Sprints,Men,Sprints,2024,2025,-1,-29.0,52.0
4387|Men|Sprints,Men,Sprints,2024,2026,-2,8.0,125.0
4387|Men|Sprints,Men,Sprints,2025,2026,-1,37.0,73.0
4337|Men|Sprints,Men,Sprints,2024,2025,-3,-96.0,-196.0
4337|Men|Sprints,Men,Sprints,2024,2026,-3,-186.0,-88.0
4337|Men|Sprints,Men,Sprints,2025,2026,0,-90.0,108.0
5037|Men|Sprints,Men,Sprints,2024,2025,-1,-47.0,-6.0
5567|Men|Sprints,Men,Sprints,2024,2025,0,0.0,-134.0
761|Men|Sprints,Men,Sprints,2024,2026,1,122.0,26.0
4111|Men|Sprints,Men,Sprints,2024,2025,2,0.0,46.0
3578|Men|Jumps,Men,Jumps,2024,2025,-1,0.0,46.0
3513|Men|Jumps,Men,Jumps,2024,2026,0,-61.0,-37.0
5250|Men|Jumps,Men,Jumps,2024,2025,-5,0.0,18.0
5246|Men|Jumps,Men,Jumps,2024,2025,-7,-42.0,202.0
5246|Men|Jumps,Men,Jumps,2024,2026,-5,92.0,107.0
5246|Men|Jumps,Men,Jumps,2025,2026,2,134.0,-95.0
3574|Men|Distance,Men,Distance,2024,2025,-1,0.0,-6.0
3574|Men|Distance,Men,Distance,2024,2026,-1,0.0,11.0
3574|Men|Distance,Men,Distance,2025,2026,0,0.0,17.0
3574|Men|Jumps,Men,Jumps,2024,2025,0,0.0,-6.0
3574|Men|Jumps,Men,Jumps,2024,2026,0,0.0,11.0
3574|Men|Jumps,Men,Jumps,2025,2026,0,0.0,17.0
3574|Men|Throws,Men,Throws,2024,2025,0,0.0,-6.0
3574|Men|Throws,Men,Throws,2024,2026,0,0.0,11.0
3574|Men|Throws,Men,Throws,2025,2026,0,0.0,17.0
3574|Men|Hurdles,Men,Hurdles,2024,2025,0,0.0,-6.0
3574|Men|Hurdles,Men,Hurdles,2024,2026,0,0.0,11.0
3574|Men|Hurdles,Men,Hurdles,2025,2026,0,0.0,17.0
3709|Men|Distance,Men,Distance,2024,2026,0,72.0,17.0
3709|Men|Jumps,Men,Jumps,2024,2026,0,72.0,17.0
3709|Men|Throws,Men,Throws,2024,2026,0,72.0,17.0
3709|Men|Hurdles,Men,Hurdles,2024,2025,-5,-117.0,137.0
3709|Men|Hurdles,Men,Hurdles,2024,2026,-1,-140.0,239.0
3709|Men|Hurdles,Men,Hurdles,2025,2026,4,-23.0,102.0
3713|Men|Distance,Men,Distance,2024,2025,-4,353.0,-423.0
3713|Men|Distance,Men,Distance,2024,2026,-4,342.0,-359.0
3713|Men|Distance,Men,Distance,2025,2026,0,-11.0,64.0
3993|Men|Distance,Men,Distance,2024,2026,4,0.0,1.0
3993|Men|Jumps,Men,Jumps,2024,2026,1,0.0,1.0
3993|Men|Throws,Men,Throws,2024,2026,0,0.0,1.0
3993|Men|Hurdles,Men,Hurdles,2024,2026,1,-472.0,473.0
130|Men|Distance,Men,Distance,2024,2026,-5,-171.0,-47.0
1870|Men|Distance,Men,Distance,2024,2025,-1,0.0,-13.0
1870|Men|Distance,Men,Distance,2024,2026,-1,0.0,-18.0
1870|Men|Distance,Men,Distance,2025,2026,0,0.0,-5.0
1833|Men|Distance,Men,Distance,2024,2026,1,0.0,-28.0
3267|Men|Distance,Men,Distance,2024,2025,1,70.0,-63.0
2899|Men|Distance,Men,Distance,2024,2025,0,58.0,-149.0
2899|Men|Distance,Men,Distance,2024,2026,0,0.0,37.0
2899|Men|Distance,Men,Distance,2025,2026,0,-58.0,186.0
3682|Men|Distance,Men,Distance,2024,2026,-2,0.0,82.0
3682|Men|Jumps,Men,Jumps,2024,2026,-2,0.0,82.0
3682|Men|Throws,Men,Throws,2024,2026,-2,0.0,82.0
3682|Men|Hurdles,Men,Hurdles,2024,2026,-2,0.0,82.0
3677|Men|Distance,Men,Distance,2024,2026,-1,-91.0,37.0
467|Men|Sprints,Men,Sprints,2024,2026,0,139.0,-166.0
467|Men|Distance,Men,Distance,2024,2025,-3,-105.0,117.0
467|Men|Distance,Men,Distance,2024,2026,0,-61.0,93.0
467|Men|Distance,Men,Distance,2025,2026,3,44.0,-24.0
467|Men|Jumps,Men,Jumps,2024,2026,0,139.0,-166.0
467|Men|Throws,Men,Throws,2024,2026,0,139.0,-166.0
467|Men|Hurdles,Men,Hurdles,2024,2026,0,139.0,-166.0
5289|Men|Sprints,Men,Sprints,2024,2025,0,-61.0,134.0
5289|Men|Distance,Men,Distance,2024,2025,-1,4.0,69.0
471|Men|Distance,Men,Distance,2024,2026,-3,-115.0,-16.0
7|Men|Distance,Men,Distance,2024,2026,-1,19.0,-82.0
3804|Men|Distance,Men,Distance,2024,2025,0,0.0,-15.0
5571|Men|Distance,Men,Distance,2024,2025,2,85.0,45.0
4573|Men|Distance,Men,Distance,2024,2025,2,71.0,21.0
700|Men|Distance,Men,Distance,2024,2025,-7,-107.0,217.0
2289|Men|Jumps,Men,Jumps,2024,2025,5,97.0,3.0
3596|Men|Distance,Men,Distance,2024,2025,2,0.0,119.0
4726|Men|Distance,Men,Distance,2024,2025,-1,-37.0,15.0
4726|Men|Distance,Men,Distance,2024,2026,2,16.0,20.0
4726|Men|Distance,Men,Distance,2025,2026,3,53.0,5.0
4728|Men|Distance,Men,Distance,2024,2025,-2,-253.0,104.0
4728|Men|Distance,Men,Distance,2024,2026,1,-153.0,-49.0
4728|Men|Distance,Men,Distance,2025,2026,3,100.0,-153.0
2456|Men|Distance,Men,Distance,2024,2025,0,136.0,-124.0
2456|Men|Distance,Men,Distance,2024,2026,0,4.0,20.0
2456|Men|Distance,Men,Distance,2025,2026,0,-132.0,144.0
2897|Men|Distance,Men,Distance,2024,2025,1,90.0,-252.0
2897|Men|Distance,Men,Distance,2024,2026,0,0.0,-143.0
2897|Men|Distance,Men,Distance,2025,2026,-1,-90.0,109.0
2005|Men|Distance,Men,Distance,2024,2025,0,-479.0,529.0
2045|Men|Distance,Men,Distance,2024,2025,-5,-20.0,83.0
5500|Men|Distance,Men,Distance,2024,2025,-1,-77.0,308.0
5500|Men|Distance,Men,Distance,2024,2026,1,67.0,346.0
5500|Men|Distance,Men,Distance,2025,2026,2,144.0,38.0
5577|Men|Distance,Men,Distance,2024,2026,1,238.0,-195.0
2967|Men|Distance,Men,Distance,2024,2025,1,-17.0,-31.0
2539|Men|Distance,Men,Distance,2024,2026,0,-82.0,206.0
3615|Men|Distance,Men,Distance,2024,2025,0,161.0,43.0
2177|Men|Distance,Men,Distance,2024,2025,-3,0.0,-43.0
1288|Men|Distance,Men,Distance,2024,2025,0,100.0,-74.0
1288|Men|Distance,Men,Distance,2024,2026,3,60.0,-58.0
1288|Men|Distance,Men,Distance,2025,2026,3,-40.0,16.0
3784|Men|Sprints,Men,Sprints,2024,2026,-2,-11.0,-25.0
4944|Men|Sprints,Men,Sprints,2024,2025,0,69.0,57.0
3630|Men|Sprints,Men,Sprints,2024,2026,0,0.0,16.0
1558|Men|Distance,Men,Distance,2024,2025,-2,48.0,6.0
1558|Men|Distance,Men,Distance,2024,2026,-2,-96.0,112.0
1558|Men|Distance,Men,Distance,2025,2026,0,-144.0,106.0
3694|Men|Jumps,Men,Jumps,2024,2025,-8,58.0,-75.0
3694|Men|Jumps,Men,Jumps,2024,2026,-7,140.0,-87.0
3694|Men|Jumps,Men,Jumps,2025,2026,1,82.0,-12.0
4379|Men|Jumps,Men,Jumps,2024,2025,0,63.0,-70.0
3710|Men|Jumps,Men,Jumps,2024,2025,-5,115.0,-29.0
3710|Men|Jumps,Men,Jumps,2024,2026,-5,-46.0,179.0
3710|Men|Jumps,Men,Jumps,2025,2026,0,-161.0,208.0
1309|Men|Distance,Men,Distance,2024,2025,-6,-65.0,-52.0
1309|Men|Distance,Men,Distance,2024,2026,-1,-98.0,-21.0
1309|Men|Distance,Men,Distance,2025,2026,5,-33.0,31.0
4036|Men|Sprints,Men,Sprints,2024,2025,-4,0.0,55.0
4036|Men|Sprints,Men,Sprints,2024,2026,-3,0.0,-124.0
4036|Men|Sprints,Men,Sprints,2025,2026,1,0.0,-179.0
5633|Men|Sprints,Men,Sprints,2024,2025,0,0.0,-85.0
4944|Men|Distance,Men,Distance,2024,2025,-1,97.0,-170.0
4944|Men|Jumps,Men,Jumps,2024,2025,-1,97.0,-170.0
4944|Men|Throws,Men,Throws,2024,2025,-1,97.0,-170.0
4944|Men|Hurdles,Men,Hurdles,2024,2025,-1,97.0,-170.0
4036|Men|Jumps,Men,Jumps,2024,2026,-1,-28.0,-26.0
3908|Men|Sprints,Men,Sprints,2024,2026,-10,-62.0,-16.0
3764|Men|Sprints,Men,Sprints,2024,2026,-1,-39.0,123.0
5645|Men|Sprints,Men,Sprints,2024,2026,-1,-169.0,293.0
5645|Men|Distance,Men,Distance,2024,2026,-1,-169.0,293.0
5645|Men|Jumps,Men,Jumps,2024,2026,-1,-169.0,293.0
5645|Men|Throws,Men,Throws,2024,2026,-1,-169.0,293.0
5645|Men|Hurdles,Men,Hurdles,2024,2026,-3,-26.0,150.0
5646|Men|Sprints,Men,Sprints,2024,2025,0,0.0,207.0
689|Men|Distance,Men,Distance,2024,2025,-2,178.0,-205.0
689|Men|Distance,Men,Distance,2024,2026,-3,448.0,-403.0
689|Men|Distance,Men,Distance,2025,2026,-1,270.0,-198.0
689|Men|Jumps,Men,Jumps,2024,2026,1,125.0,59.0
2584|Men|Distance,Men,Distance,2024,2025,-4,-66.0,16.0
734|Men|Distance,Men,Distance,2024,2025,-4,8.0,-117.0
734|Men|Distance,Men,Distance,2024,2026,-3,-23.0,68.0
734|Men|Distance,Men,Distance,2025,2026,1,-31.0,185.0
673|Men|Distance,Men,Distance,2024,2025,0,25.0,-2.0
673|Men|Distance,Men,Distance,2024,2026,0,-40.0,32.0
673|Men|Distance,Men,Distance,2025,2026,0,-65.0,34.0
4420|Men|Sprints,Men,Sprints,2024,2025,0,-66.0,79.0
1835|Men|Distance,Men,Distance,2024,2026,0,0.0,14.0
1858|Men|Distance,Men,Distance,2024,2026,0,-295.0,133.0
3336|Men|Sprints,Men,Sprints,2024,2026,1,0.0,-29.0
3336|Men|Distance,Men,Distance,2024,2026,3,0.0,-29.0
3336|Men|Jumps,Men,Jumps,2024,2026,0,0.0,-29.0
3336|Men|Throws,Men,Throws,2024,2026,0,0.0,-29.0
3336|Men|Hurdles,Men,Hurdles,2024,2026,0,0.0,-29.0
435|Men|Distance,Men,Distance,2024,2026,-2,-29.0,-74.0
420|Men|Distance,Men,Distance,2024,2026,0,-14.0,174.0
437|Men|Distance,Men,Distance,2024,2026,1,53.0,-160.0
417|Men|Distance,Men,Distance,2024,2026,-1,43.0,-36.0
3333|Men|Distance,Men,Distance,2024,2026,-1,-68.0,161.0
47|Men|Sprints,Men,Sprints,2024,2026,-1,0.0,351.0
5668|Men|Sprints,Men,Sprints,2024,2026,1,0.0,184.0
1632|Men|Distance,Men,Distance,2024,2026,-3,-36.0,79.0
1631|Men|Distance,Men,Distance,2024,2026,-3,-138.0,186.0
5697|Men|Sprints,Men,Sprints,2024,2025,-1,0.0,-24.0
5698|Men|Sprints,Men,Sprints,2024,2025,0,0.0,-29.0
4364|Men|Distance,Men,Distance,2024,2026,-3,-427.0,257.0
5711|Men|Sprints,Men,Sprints,2024,2025,1,-39.0,230.0
5711|Men|Hurdles,Men,Hurdles,2024,2025,-1,0.0,144.0
5022|Men|Sprints,Men,Sprints,2024,2025,-1,0.0,47.0
4475|Men|Sprints,Men,Sprints,2024,2025,-1,0.0,82.0
4473|Men|Sprints,Men,Sprints,2024,2025,0,0.0,29.0
2260|Men|Distance,Men,Distance,2024,2026,0,0.0,25.0
5761|Men|Sprints,Men,Sprints,2024,2025,1,-7.0,-2.0
5161|Men|Distance,Men,Distance,2024,2026,-7,-90.0,-139.0
2306|Men|Sprints,Men,Sprints,2024,2026,-1,-18.0,-73.0
2306|Men|Distance,Men,Distance,2024,2025,-6,-94.0,-48.0
2309|Men|Distance,Men,Distance,2024,2025,-2,-85.0,138.0
5768|Men|Sprints,Men,Sprints,2024,2026,1,0.0,-46.0
2896|Men|Distance,Men,Distance,2024,2025,-1,20.0,51.0
2896|Men|Distance,Men,Distance,2024,2026,1,3.0,22.0
2896|Men|Distance,Men,Distance,2025,2026,2,-17.0,-29.0
676|Men|Sprints,Men,Sprints,2024,2026,0,-107.0,33.0
676|Men|Distance,Men,Distance,2024,2025,-2,102.0,-161.0
676|Men|Distance,Men,Distance,2024,2026,-1,110.0,-132.0
676|Men|Distance,Men,Distance,2025,2026,1,8.0,29.0
676|Men|Jumps,Men,Jumps,2024,2026,0,-107.0,33.0
676|Men|Throws,Men,Throws,2024,2026,0,-107.0,33.0
676|Men|Hurdles,Men,Hurdles,2024,2026,0,-107.0,33.0
677|Men|Distance,Men,Distance,2024,2025,1,0.0,-106.0
3616|Men|Sprints,Men,Sprints,2024,2025,0,0.0,-90.0
705|Men|Distance,Men,Distance,2024,2025,-7,-8.0,-39.0
705|Men|Distance,Men,Distance,2024,2026,-5,195.0,-35.0
705|Men|Distance,Men,Distance,2025,2026,2,203.0,4.0
5708|Men|Distance,Men,Distance,2024,2026,-1,-40.0,72.0
674|Men|Distance,Men,Distance,2024,2025,-3,42.0,-178.0
674|Men|Distance,Men,Distance,2024,2026,-2,186.0,-160.0
674|Men|Distance,Men,Distance,2025,2026,1,144.0,18.0
4645|Women|Sprints,Women,Sprints,2024,2025,-3,-52.0,75.0
4645|Women|Sprints,Women,Sprints,2024,2026,-3,-52.0,13.0
4645|Women|Sprints,Women,Sprints,2025,2026,0,0.0,-62.0
3529|Women|Sprints,Women,Sprints,2024,2025,-5,-98.0,20.0
3532|Women|Sprints,Women,Sprints,2024,2025,-5,-102.0,55.0
4981|Women|Sprints,Women,Sprints,2024,2025,-5,-2.0,-45.0
2081|Women|Sprints,Women,Sprints,2024,2026,-5,-63.0,-23.0
2081|Women|Distance,Women,Distance,2024,2025,-5,-19.0,-78.0
2081|Women|Distance,Women,Distance,2024,2026,-4,-63.0,-23.0
2081|Women|Distance,Women,Distance,2025,2026,1,-44.0,55.0
2081|Women|Jumps,Women,Jumps,2024,2026,-3,-63.0,-23.0
2081|Women|Throws,Women,Throws,2024,2026,-3,-63.0,-23.0
2081|Women|Hurdles,Women,Hurdles,2024,2026,-4,-63.0,-23.0
5188|Women|Sprints,Women,Sprints,2024,2025,0,0.0,-77.0
5188|Women|Sprints,Women,Sprints,2024,2026,0,0.0,-83.0
5188|Women|Sprints,Women,Sprints,2025,2026,0,0.0,-6.0
4257|Women|Sprints,Women,Sprints,2024,2025,-3,108.0,-62.0
5200|Women|Sprints,Women,Sprints,2024,2025,-1,0.0,126.0
5200|Women|Jumps,Women,Jumps,2024,2025,3,140.0,-98.0
1478|Women|Sprints,Women,Sprints,2024,2025,3,-74.0,58.0
1478|Women|Sprints,Women,Sprints,2024,2026,-3,-74.0,0.0
1478|Women|Sprints,Women,Sprints,2025,2026,-6,0.0,-58.0
4267|Women|Sprints,Women,Sprints,2024,2025,-4,-58.0,-11.0
4267|Women|Sprints,Women,Sprints,2024,2026,-1,41.0,-65.0
4267|Women|Sprints,Women,Sprints,2025,2026,3,99.0,-54.0
648|Women|Sprints,Women,Sprints,2024,2025,-7,-70.0,62.0
648|Women|Sprints,Women,Sprints,2024,2026,-4,53.0,-46.0
648|Women|Sprints,Women,Sprints,2025,2026,3,123.0,-108.0
4285|Women|Sprints,Women,Sprints,2024,2025,-6,-97.0,29.0
4285|Women|Sprints,Women,Sprints,2024,2026,-2,2.0,16.0
4285|Women|Sprints,Women,Sprints,2025,2026,4,99.0,-13.0
648|Women|Distance,Women,Distance,2024,2025,-6,-57.0,13.0
648|Women|Distance,Women,Distance,2024,2026,0,35.0,-17.0
648|Women|Distance,Women,Distance,2025,2026,6,92.0,-30.0
648|Women|Jumps,Women,Jumps,2024,2025,-6,-100.0,32.0
648|Women|Jumps,Women,Jumps,2024,2026,-2,-29.0,47.0
648|Women|Jumps,Women,Jumps,2025,2026,4,71.0,15.0
648|Women|Throws,Women,Throws,2024,2026,-1,4.0,14.0
648|Women|Hurdles,Women,Hurdles,2024,2026,-2,4.0,14.0
4267|Women|Distance,Women,Distance,2024,2026,2,-5.0,24.0
4267|Women|Jumps,Women,Jumps,2024,2026,2,-5.0,24.0
4267|Women|Throws,Women,Throws,2024,2026,2,-5.0,24.0
4267|Women|Hurdles,Women,Hurdles,2024,2026,2,-5.0,24.0
4285|Women|Distance,Women,Distance,2024,2025,-5,-87.0,19.0
4285|Women|Distance,Women,Distance,2024,2026,-2,12.0,6.0
4285|Women|Distance,Women,Distance,2025,2026,3,99.0,-13.0
4285|Women|Jumps,Women,Jumps,2024,2026,1,-6.0,24.0
4285|Women|Throws,Women,Throws,2024,2026,1,-6.0,24.0
4285|Women|Hurdles,Women,Hurdles,2024,2026,1,-6.0,24.0
3658|Women|Sprints,Women,Sprints,2024,2025,-2,-4.0,55.0
3649|Women|Sprints,Women,Sprints,2024,2025,-4,0.0,73.0
3649|Women|Sprints,Women,Sprints,2024,2026,-6,0.0,-53.0
3649|Women|Sprints,Women,Sprints,2025,2026,-2,0.0,-126.0
3650|Women|Sprints,Women,Sprints,2024,2025,-8,-29.0,39.0
3650|Women|Sprints,Women,Sprints,2024,2026,-9,-10.0,-7.0
3650|Women|Sprints,Women,Sprints,2025,2026,-1,19.0,-46.0
3649|Women|Throws,Women,Throws,2024,2026,-1,378.0,-431.0
3650|Women|Distance,Women,Distance,2024,2025,-1,265.0,-178.0
3650|Women|Distance,Women,Distance,2024,2026,0,86.0,23.0
3650|Women|Distance,Women,Distance,2025,2026,1,-179.0,201.0
3650|Women|Jumps,Women,Jumps,2024,2025,-2,0.0,87.0
3650|Women|Jumps,Women,Jumps,2024,2026,0,86.0,23.0
3650|Women|Jumps,Women,Jumps,2025,2026,2,86.0,-64.0
3650|Women|Throws,Women,Throws,2024,2025,-2,0.0,87.0
3650|Women|Throws,Women,Throws,2024,2026,0,86.0,23.0
3650|Women|Throws,Women,Throws,2025,2026,2,86.0,-64.0
3650|Women|Hurdles,Women,Hurdles,2024,2025,-1,0.0,87.0
3650|Women|Hurdles,Women,Hurdles,2024,2026,0,86.0,23.0
3650|Women|Hurdles,Women,Hurdles,2025,2026,1,86.0,-64.0
3657|Women|Jumps,Women,Jumps,2024,2025,-8,25.0,-37.0
3657|Women|Jumps,Women,Jumps,2024,2026,-8,99.0,-171.0
3657|Women|Jumps,Women,Jumps,2025,2026,0,74.0,-134.0
3657|Women|Throws,Women,Throws,2024,2026,0,81.0,-274.0
1054|Women|Hurdles,Women,Hurdles,2024,2025,-3,227.0,-258.0
4260|Women|Sprints,Women,Sprints,2024,2025,-4,-89.0,-130.0
5208|Women|Sprints,Women,Sprints,2024,2025,-4,95.0,-353.0
4260|Women|Jumps,Women,Jumps,2024,2025,-5,12.0,-32.0
4259|Women|Jumps,Women,Jumps,2024,2025,-7,-38.0,25.0
4259|Women|Throws,Women,Throws,2024,2025,-2,-141.0,187.0
3795|Women|Sprints,Women,Sprints,2024,2025,-3,-63.0,-9.0
4600|Women|Sprints,Women,Sprints,2024,2025,0,0.0,-44.0
3972|Women|Sprints,Women,Sprints,2024,2025,-5,-43.0,-91.0
3966|Women|Sprints,Women,Sprints,2024,2026,-2,-14.0,-87.0
3966|Women|Jumps,Women,Jumps,2024,2026,-3,0.0,-38.0
3966|Women|Hurdles,Women,Hurdles,2024,2026,-1,-14.0,-87.0
4266|Women|Sprints,Women,Sprints,2024,2025,1,48.0,-12.0
4266|Women|Sprints,Women,Sprints,2024,2026,3,29.0,135.0
4266|Women|Sprints,Women,Sprints,2025,2026,2,-19.0,147.0
3581|Women|Sprints,Women,Sprints,2024,2025,3,5.0,43.0
3581|Women|Sprints,Women,Sprints,2024,2026,4,32.0,27.0
3581|Women|Sprints,Women,Sprints,2025,2026,1,27.0,-16.0
5301|Women|Sprints,Women,Sprints,2024,2025,0,25.0,-16.0
3525|Women|Sprints,Women,Sprints,2024,2025,0,-165.0,-76.0
3525|Women|Sprints,Women,Sprints,2024,2026,-2,-165.0,-158.0
3525|Women|Sprints,Women,Sprints,2025,2026,-2,0.0,-82.0
3848|Women|Hurdles,Women,Hurdles,2024,2025,-2,-96.0,109.0
2414|Women|Sprints,Women,Sprints,2024,2025,0,0.0,-23.0
620|Women|Distance,Women,Distance,2024,2025,-4,-14.0,42.0
3002|Women|Distance,Women,Distance,2024,2026,-5,-145.0,195.0
4105|Women|Sprints,Women,Sprints,2024,2025,-5,-27.0,-1.0
4105|Women|Sprints,Women,Sprints,2024,2026,-3,-52.0,132.0
4105|Women|Sprints,Women,Sprints,2025,2026,2,-25.0,133.0
3933|Women|Sprints,Women,Sprints,2024,2026,-3,-85.0,78.0
3934|Women|Sprints,Women,Sprints,2024,2025,-2,-47.0,14.0
4243|Women|Sprints,Women,Sprints,2024,2026,-9,-12.0,12.0
5491|Women|Sprints,Women,Sprints,2024,2025,-1,0.0,4.0
3817|Women|Sprints,Women,Sprints,2024,2025,-2,0.0,-117.0
3825|Women|Sprints,Women,Sprints,2024,2025,-1,28.0,-152.0
3825|Women|Jumps,Women,Jumps,2024,2025,-3,2.0,-21.0
3825|Women|Hurdles,Women,Hurdles,2024,2025,-3,-22.0,20.0
1928|Women|Distance,Women,Distance,2024,2025,-1,228.0,-167.0
1966|Women|Sprints,Women,Sprints,2024,2026,0,0.0,-158.0
1966|Women|Distance,Women,Distance,2024,2026,0,0.0,-158.0
1966|Women|Jumps,Women,Jumps,2024,2026,0,0.0,-158.0
1966|Women|Throws,Women,Throws,2024,2026,0,0.0,-158.0
1966|Women|Hurdles,Women,Hurdles,2024,2026,0,0.0,-158.0
3862|Women|Distance,Women,Distance,2024,2025,0,0.0,142.0
3862|Women|Distance,Women,Distance,2024,2026,2,0.0,181.0
3862|Women|Distance,Women,Distance,2025,2026,2,0.0,39.0
1967|Women|Distance,Women,Distance,2024,2025,-2,-16.0,45.0
1947|Women|Distance,Women,Distance,2024,2026,1,53.0,-17.0
1962|Women|Distance,Women,Distance,2024,2025,-2,0.0,-79.0
4740|Women|Sprints,Women,Sprints,2024,2026,0,-9.0,53.0
3793|Women|Sprints,Women,Sprints,2024,2025,-2,0.0,-54.0
3796|Women|Sprints,Women,Sprints,2024,2025,2,0.0,13.0
1945|Women|Sprints,Women,Sprints,2024,2026,0,0.0,71.0
5510|Women|Sprints,Women,Sprints,2024,2025,-1,233.0,-94.0
4270|Women|Sprints,Women,Sprints,2024,2025,-2,-35.0,3.0
4270|Women|Sprints,Women,Sprints,2024,2026,-1,-35.0,66.0
4270|Women|Sprints,Women,Sprints,2025,2026,1,0.0,63.0
3765|Women|Sprints,Women,Sprints,2024,2025,-1,0.0,-150.0
3797|Women|Sprints,Women,Sprints,2024,2025,0,0.0,57.0
3816|Women|Sprints,Women,Sprints,2024,2025,2,33.0,42.0
4225|Women|Sprints,Women,Sprints,2024,2025,-3,-38.0,18.0
4225|Women|Sprints,Women,Sprints,2024,2026,-3,-38.0,97.0
4225|Women|Sprints,Women,Sprints,2025,2026,0,0.0,79.0
4553|Women|Sprints,Women,Sprints,2024,2026,0,129.0,-173.0
3975|Women|Sprints,Women,Sprints,2024,2025,0,0.0,105.0
3975|Women|Sprints,Women,Sprints,2024,2026,-1,0.0,-33.0
3975|Women|Sprints,Women,Sprints,2025,2026,-1,0.0,-138.0
3795|Women|Hurdles,Women,Hurdles,2024,2025,-2,-216.0,114.0
3796|Women|Hurdles,Women,Hurdles,2024,2025,1,0.0,13.0
3793|Women|Jumps,Women,Jumps,2024,2025,-1,0.0,-17.0
4246|Women|Jumps,Women,Jumps,2024,2025,-5,-59.0,40.0
4246|Women|Jumps,Women,Jumps,2024,2026,-5,-59.0,-2.0
4246|Women|Jumps,Women,Jumps,2025,2026,0,0.0,-42.0
4246|Women|Throws,Women,Throws,2024,2025,-1,0.0,-19.0
3566|Women|Jumps,Women,Jumps,2024,2025,-1,0.0,77.0
3566|Women|Hurdles,Women,Hurdles,2024,2025,-3,-169.0,60.0
5510|Women|Jumps,Women,Jumps,2024,2025,-2,0.0,32.0
3718|Women|Jumps,Women,Jumps,2024,2025,-4,-50.0,31.0
3655|Women|Jumps,Women,Jumps,2024,2025,-3,-8.0,-23.0
3525|Women|Hurdles,Women,Hurdles,2024,2025,-3,0.0,-185.0
2416|Women|Distance,Women,Distance,2024,2025,1,296.0,-374.0
3652|Women|Hurdles,Women,Hurdles,2024,2025,-1,-63.0,-55.0
3652|Women|Hurdles,Women,Hurdles,2024,2026,0,-63.0,125.0
3652|Women|Hurdles,Women,Hurdles,2025,2026,1,0.0,180.0
3975|Women|Distance,Women,Distance,2024,2025,0,0.0,105.0
3975|Women|Jumps,Women,Jumps,2024,2025,0,0.0,105.0
3975|Women|Throws,Women,Throws,2024,2025,0,0.0,105.0
3975|Women|Hurdles,Women,Hurdles,2024,2025,0,56.0,49.0
3975|Women|Hurdles,Women,Hurdles,2024,2026,-1,-92.0,63.0
3975|Women|Hurdles,Women,Hurdles,2025,2026,-1,-148.0,14.0
663|Women|Distance,Women,Distance,2024,2026,-8,-165.0,48.0
2534|Women|Distance,Women,Distance,2024,2025,-3,-505.0,-43.0
652|Women|Distance,Women,Distance,2024,2026,-8,-220.0,-234.0
4300|Women|Throws,Women,Throws,2024,2025,-4,-233.0,30.0
1983|Women|Distance,Women,Distance,2024,2025,-3,-11.0,-178.0
291|Women|Distance,Women,Distance,2024,2025,-6,-25.0,-69.0
294|Women|Distance,Women,Distance,2024,2025,-6,-34.0,-93.0
1930|Women|Distance,Women,Distance,2024,2025,-1,2.0,-67.0
1930|Women|Distance,Women,Distance,2024,2026,0,0.0,41.0
1930|Women|Distance,Women,Distance,2025,2026,1,-2.0,108.0
3933|Women|Jumps,Women,Jumps,2024,2026,0,133.0,-61.0
2241|Women|Distance,Women,Distance,2024,2025,-3,-76.0,85.0
3820|Women|Distance,Women,Distance,2024,2026,0,0.0,-153.0
302|Women|Distance,Women,Distance,2024,2025,0,0.0,-86.0
302|Women|Distance,Women,Distance,2024,2026,1,0.0,-85.0
302|Women|Distance,Women,Distance,2025,2026,1,0.0,1.0
2933|Women|Distance,Women,Distance,2024,2025,-1,0.0,-71.0
2924|Women|Distance,Women,Distance,2024,2025,2,0.0,135.0
2924|Women|Distance,Women,Distance,2024,2026,0,0.0,142.0
2924|Women|Distance,Women,Distance,2025,2026,-2,0.0,7.0
2924|Women|Hurdles,Women,Hurdles,2024,2025,-1,22.0,-93.0
2924|Women|Hurdles,Women,Hurdles,2024,2026,-1,0.0,-103.0
2924|Women|Hurdles,Women,Hurdles,2025,2026,0,-22.0,-10.0
570|Women|Distance,Women,Distance,2024,2025,2,1.0,124.0
570|Women|Distance,Women,Distance,2024,2026,1,0.0,96.0
570|Women|Distance,Women,Distance,2025,2026,-1,-1.0,-28.0
4223|Women|Distance,Women,Distance,2024,2025,0,0.0,-123.0
578|Women|Distance,Women,Distance,2024,2025,-6,48.0,47.0
3666|Women|Jumps,Women,Jumps,2024,2026,-2,55.0,-94.0
2400|Women|Distance,Women,Distance,2024,2025,-1,0.0,42.0
2400|Women|Distance,Women,Distance,2024,2026,0,61.0,69.0
2400|Women|Distance,Women,Distance,2025,2026,1,61.0,27.0
1020|Women|Distance,Women,Distance,2024,2025,-1,0.0,-45.0
1020|Women|Distance,Women,Distance,2024,2026,5,107.0,-35.0
1020|Women|Distance,Women,Distance,2025,2026,6,107.0,10.0
3654|Women|Distance,Women,Distance,2024,2025,-2,6.0,-264.0
3654|Women|Distance,Women,Distance,2024,2026,-1,-75.0,-190.0
3654|Women|Distance,Women,Distance,2025,2026,1,-81.0,74.0
246|Women|Distance,Women,Distance,2024,2025,-4,-51.0,10.0
4023|Women|Hurdles,Women,Hurdles,2024,2025,-2,-52.0,47.0
4023|Women|Hurdles,Women,Hurdles,2024,2026,-4,-52.0,80.0
4023|Women|Hurdles,Women,Hurdles,2025,2026,-2,0.0,33.0
4020|Women|Sprints,Women,Sprints,2024,2025,1,29.0,-62.0
2249|Women|Sprints,Women,Sprints,2024,2025,-1,159.0,-117.0
2252|Women|Sprints,Women,Sprints,2024,2025,-2,0.0,-72.0
4017|Women|Sprints,Women,Sprints,2024,2025,-2,-66.0,-46.0
3894|Women|Sprints,Women,Sprints,2024,2026,-7,-117.0,31.0
3894|Women|Distance,Women,Distance,2024,2026,-2,-117.0,31.0
3894|Women|Jumps,Women,Jumps,2024,2026,-2,-117.0,31.0
3894|Women|Throws,Women,Throws,2024,2026,-2,-117.0,31.0
3894|Women|Hurdles,Women,Hurdles,2024,2026,-2,-117.0,31.0
3753|Women|Sprints,Women,Sprints,2024,2026,-1,0.0,55.0
3752|Women|Hurdles,Women,Hurdles,2024,2026,-1,0.0,-130.0
5203|Women|Distance,Women,Distance,2024,2025,-3,-143.0,154.0
577|Women|Distance,Women,Distance,2024,2025,-3,-27.0,42.0
638|Women|Distance,Women,Distance,2024,2025,-7,-80.0,-155.0
638|Women|Distance,Women,Distance,2024,2026,-2,-168.0,161.0
638|Women|Distance,Women,Distance,2025,2026,5,-88.0,316.0
3000|Women|Distance,Women,Distance,2024,2025,-5,-170.0,237.0
3000|Women|Distance,Women,Distance,2024,2026,-3,-108.0,334.0
3000|Women|Distance,Women,Distance,2025,2026,2,62.0,97.0
5202|Women|Distance,Women,Distance,2024,2026,-7,-87.0,70.0
655|Women|Distance,Women,Distance,2024,2025,-6,-183.0,117.0
655|Women|Distance,Women,Distance,2024,2026,-4,-123.0,156.0
655|Women|Distance,Women,Distance,2025,2026,2,60.0,39.0
3716|Women|Sprints,Women,Sprints,2024,2025,2,42.0,-31.0
5626|Women|Sprints,Women,Sprints,2024,2026,0,0.0,-127.0
5626|Women|Distance,Women,Distance,2024,2026,-1,-199.0,240.0
5679|Women|Sprints,Women,Sprints,2024,2026,0,0.0,-61.0
2722|Women|Sprints,Women,Sprints,2024,2026,0,0.0,39.0
2722|Women|Distance,Women,Distance,2024,2026,0,0.0,39.0
2722|Women|Jumps,Women,Jumps,2024,2026,0,0.0,39.0
2722|Women|Throws,Women,Throws,2024,2026,0,0.0,39.0
2722|Women|Hurdles,Women,Hurdles,2024,2026,0,0.0,39.0
591|Women|Distance,Women,Distance,2024,2025,0,-58.0,20.0
2700|Women|Distance,Women,Distance,2024,2026,1,130.0,-149.0
646|Women|Distance,Women,Distance,2024,2026,-2,0.0,-124.0
2380|Women|Distance,Women,Distance,2024,2026,-1,-29.0,3.0
3664|Women|Jumps,Women,Jumps,2024,2025,-1,0.0,-29.0
3664|Women|Jumps,Women,Jumps,2024,2026,0,0.0,-66.0
3664|Women|Jumps,Women,Jumps,2025,2026,1,0.0,-37.0
5211|Women|Throws,Women,Throws,2024,2025,-1,0.0,8.0
5211|Women|Throws,Women,Throws,2024,2026,-2,0.0,-51.0
5211|Women|Throws,Women,Throws,2025,2026,-1,0.0,-59.0
5209|Women|Throws,Women,Throws,2024,2025,-6,20.0,22.0
5209|Women|Throws,Women,Throws,2024,2026,-5,33.0,59.0
5209|Women|Throws,Women,Throws,2025,2026,1,13.0,37.0
5197|Women|Throws,Women,Throws,2024,2025,-4,-17.0,58.0
5197|Women|Throws,Women,Throws,2024,2026,-4,-11.0,52.0
5197|Women|Throws,Women,Throws,2025,2026,0,6.0,-6.0
5197|Women|Hurdles,Women,Hurdles,2024,2026,-3,-42.0,-18.0
24460|Men|Sprints,Men,Sprints,2025,2026,2,0.0,-41.0
25018|Men|Sprints,Men,Sprints,2025,2026,-2,31.0,-63.0
19398|Men|Sprints,Men,Sprints,2025,2026,1,13.0,19.0
1266|Men|Distance,Men,Distance,2024,2025,1,10.0,52.0
1266|Men|Distance,Men,Distance,2024,2026,5,31.0,1.0
1266|Men|Distance,Men,Distance,2025,2026,4,21.0,-51.0
1704|Men|Distance,Men,Distance,2025,2026,1,0.0,203.0
25474|Men|Sprints,Men,Sprints,2025,2026,1,-120.0,215.0
23919|Men|Sprints,Men,Sprints,2025,2026,4,0.0,210.0
24869|Men|Sprints,Men,Sprints,2025,2026,1,-22.0,22.0
24869|Men|Distance,Men,Distance,2025,2026,1,0.0,202.0
24869|Men|Jumps,Men,Jumps,2025,2026,1,0.0,202.0
24869|Men|Throws,Men,Throws,2025,2026,1,0.0,202.0
24869|Men|Hurdles,Men,Hurdles,2025,2026,1,0.0,202.0
25643|Men|Sprints,Men,Sprints,2025,2026,-2,0.0,10.0
25643|Men|Distance,Men,Distance,2025,2026,1,0.0,10.0
25643|Men|Jumps,Men,Jumps,2025,2026,0,0.0,10.0
25643|Men|Throws,Men,Throws,2025,2026,0,0.0,10.0
25643|Men|Hurdles,Men,Hurdles,2025,2026,0,0.0,10.0
2176|Men|Distance,Men,Distance,2025,2026,3,89.0,-103.0
24880|Men|Sprints,Men,Sprints,2025,2026,3,9.0,90.0
24889|Men|Sprints,Men,Sprints,2025,2026,-2,12.0,-63.0
24580|Men|Sprints,Men,Sprints,2025,2026,0,-25.0,94.0
24608|Men|Sprints,Men,Sprints,2025,2026,-2,-392.0,371.0
24914|Men|Sprints,Men,Sprints,2025,2026,1,89.0,-34.0
24914|Men|Distance,Men,Distance,2025,2026,2,19.0,58.0
24582|Men|Distance,Men,Distance,2025,2026,2,0.0,-36.0
24888|Men|Sprints,Men,Sprints,2025,2026,4,-1.0,24.0
25499|Men|Sprints,Men,Sprints,2025,2026,1,-146.0,148.0
3845|Men|Jumps,Men,Jumps,2025,2026,2,-24.0,-10.0
1996|Men|Distance,Men,Distance,2024,2025,-2,-312.0,104.0
1996|Men|Distance,Men,Distance,2024,2026,-2,-312.0,187.0
1996|Men|Distance,Men,Distance,2025,2026,0,0.0,83.0
26089|Men|Sprints,Men,Sprints,2025,2026,0,0.0,-71.0
26092|Men|Sprints,Men,Sprints,2025,2026,0,0.0,50.0
3609|Men|Sprints,Men,Sprints,2025,2026,-1,0.0,-77.0
550|Men|Distance,Men,Distance,2024,2025,2,10.0,-38.0
26171|Men|Sprints,Men,Sprints,2025,2026,2,165.0,-76.0
25031|Men|Sprints,Men,Sprints,2025,2026,3,131.0,-64.0
25024|Men|Sprints,Men,Sprints,2025,2026,0,-100.0,37.0
18977|Men|Sprints,Men,Sprints,2025,2026,2,-58.0,58.0
26169|Men|Sprints,Men,Sprints,2025,2026,-2,122.0,-146.0
26139|Men|Sprints,Men,Sprints,2025,2026,-4,0.0,-103.0
24434|Men|Sprints,Men,Sprints,2025,2026,-2,0.0,107.0
24607|Men|Sprints,Men,Sprints,2025,2026,4,88.0,12.0
24676|Men|Sprints,Men,Sprints,2025,2026,5,-86.0,183.0
26161|Men|Sprints,Men,Sprints,2025,2026,3,77.0,-62.0
25023|Men|Sprints,Men,Sprints,2025,2026,1,0.0,39.0
3790|Men|Distance,Men,Distance,2025,2026,2,125.0,23.0
3169|Men|Distance,Men,Distance,2024,2025,0,0.0,17.0
3169|Men|Distance,Men,Distance,2024,2026,2,48.0,43.0
3169|Men|Distance,Men,Distance,2025,2026,2,48.0,26.0
19007|Men|Sprints,Men,Sprints,2025,2026,0,0.0,212.0
25030|Men|Distance,Men,Distance,2025,2026,2,-78.0,58.0
742|Men|Distance,Men,Distance,2024,2025,-2,27.0,83.0
742|Men|Distance,Men,Distance,2024,2026,2,-6.0,110.0
742|Men|Distance,Men,Distance,2025,2026,4,-33.0,27.0
19387|Men|Distance,Men,Distance,2025,2026,3,94.0,-139.0
26504|Men|Sprints,Men,Sprints,2025,2026,0,0.0,31.0
24635|Men|Sprints,Men,Sprints,2025,2026,0,0.0,169.0
4727|Men|Distance,Men,Distance,2025,2026,0,0.0,11.0
4727|Men|Jumps,Men,Jumps,2025,2026,0,0.0,11.0
4727|Men|Throws,Men,Throws,2025,2026,0,0.0,11.0
4727|Men|Hurdles,Men,Hurdles,2025,2026,0,0.0,11.0
26507|Men|Distance,Men,Distance,2025,2026,-1,-71.0,115.0
26511|Men|Sprints,Men,Sprints,2025,2026,8,0.0,337.0
25878|Men|Jumps,Men,Jumps,2025,2026,1,-137.0,167.0
25866|Men|Jumps,Men,Jumps,2025,2026,-1,-118.0,153.0
24391|Men|Sprints,Men,Sprints,2025,2026,-1,0.0,4.0
24984|Men|Sprints,Men,Sprints,2025,2026,-3,0.0,-245.0
24393|Men|Sprints,Men,Sprints,2025,2026,-2,0.0,-7.0
24983|Men|Sprints,Men,Sprints,2025,2026,-2,-47.0,115.0
8095|Men|Distance,Men,Distance,2025,2026,-1,0.0,13.0
5787|Men|Distance,Men,Distance,2024,2025,0,-72.0,82.0
20492|Men|Distance,Men,Distance,2025,2026,-1,125.0,-121.0
25198|Men|Sprints,Men,Sprints,2025,2026,0,0.0,61.0
24630|Men|Sprints,Men,Sprints,2025,2026,1,48.0,-34.0
24415|Men|Sprints,Men,Sprints,2025,2026,6,79.0,134.0
25082|Men|Sprints,Men,Sprints,2025,2026,5,126.0,78.0
24357|Men|Sprints,Men,Sprints,2025,2026,0,0.0,28.0
24401|Men|Sprints,Men,Sprints,2025,2026,2,0.0,217.0
24543|Men|Sprints,Men,Sprints,2025,2026,0,0.0,35.0
25073|Men|Sprints,Men,Sprints,2025,2026,0,0.0,13.0
161|Men|Sprints,Men,Sprints,2025,2026,-1,0.0,124.0
29817|Men|Sprints,Men,Sprints,2025,2026,0,-92.0,58.0
24634|Men|Sprints,Men,Sprints,2025,2026,1,61.0,-38.0
24670|Men|Sprints,Men,Sprints,2025,2026,4,44.0,78.0
24370|Men|Sprints,Men,Sprints,2025,2026,1,0.0,0.0
26618|Men|Sprints,Men,Sprints,2025,2026,0,0.0,-97.0
24695|Men|Sprints,Men,Sprints,2025,2026,0,0.0,123.0
19|Men|Distance,Men,Distance,2024,2025,0,-67.0,63.0
19|Men|Distance,Men,Distance,2024,2026,-1,-67.0,79.0
19|Men|Distance,Men,Distance,2025,2026,-1,0.0,16.0
1658|Men|Distance,Men,Distance,2025,2026,-2,-31.0,-32.0
1657|Men|Distance,Men,Distance,2024,2025,3,38.0,68.0
1657|Men|Distance,Men,Distance,2024,2026,0,33.0,44.0
1657|Men|Distance,Men,Distance,2025,2026,-3,-5.0,-24.0
24573|Women|Sprints,Women,Sprints,2025,2026,4,-14.0,57.0
24602|Women|Sprints,Women,Sprints,2025,2026,1,-50.0,52.0
24949|Women|Sprints,Women,Sprints,2025,2026,2,98.0,-95.0
24949|Women|Distance,Women,Distance,2025,2026,-2,127.0,-124.0
24579|Women|Sprints,Women,Sprints,2025,2026,8,67.0,-64.0
24579|Women|Distance,Women,Distance,2025,2026,3,-222.0,225.0
24411|Women|Sprints,Women,Sprints,2025,2026,3,49.0,-45.0
24419|Women|Sprints,Women,Sprints,2025,2026,-2,0.0,-33.0
24727|Women|Sprints,Women,Sprints,2025,2026,0,30.0,-143.0
24411|Women|Jumps,Women,Jumps,2025,2026,4,-3.0,30.0
24411|Women|Throws,Women,Throws,2025,2026,1,374.0,-435.0
25506|Women|Sprints,Women,Sprints,2025,2026,2,-19.0,139.0
5198|Women|Sprints,Women,Sprints,2025,2026,-2,-115.0,127.0
24739|Women|Sprints,Women,Sprints,2025,2026,0,-135.0,54.0
25153|Women|Sprints,Women,Sprints,2025,2026,1,-79.0,65.0
25022|Women|Distance,Women,Distance,2025,2026,1,218.0,-259.0
26154|Women|Sprints,Women,Sprints,2025,2026,3,158.0,32.0
24943|Women|Sprints,Women,Sprints,2025,2026,0,-60.0,113.0
26193|Women|Sprints,Women,Sprints,2025,2026,6,39.0,241.0
24829|Women|Sprints,Women,Sprints,2025,2026,0,99.0,-59.0
26501|Women|Sprints,Women,Sprints,2025,2026,-1,0.0,-54.0
24465|Women|Sprints,Women,Sprints,2025,2026,1,45.0,-31.0
26228|Women|Sprints,Women,Sprints,2025,2026,2,55.0,101.0
4246|Women|Distance,Women,Distance,2025,2026,0,0.0,-123.0
24679|Women|Sprints,Women,Sprints,2025,2026,0,0.0,-48.0
25136|Women|Sprints,Women,Sprints,2025,2026,-1,0.0,-48.0
25620|Women|Sprints,Women,Sprints,2025,2026,3,0.0,384.0
24680|Women|Sprints,Women,Sprints,2025,2026,0,0.0,-48.0
24682|Women|Sprints,Women,Sprints,2025,2026,-2,0.0,-183.0
24989|Women|Sprints,Women,Sprints,2025,2026,-1,0.0,-122.0
24679|Women|Hurdles,Women,Hurdles,2025,2026,-1,0.0,-48.0
19595|Women|Distance,Women,Distance,2025,2026,-2,0.0,-59.0
24572|Women|Sprints,Women,Sprints,2025,2026,7,25.0,26.0
24687|Women|Sprints,Women,Sprints,2025,2026,6,2.0,4.0
24531|Women|Sprints,Women,Sprints,2025,2026,0,0.0,75.0
25060|Women|Sprints,Women,Sprints,2025,2026,0,0.0,114.0
24625|Women|Sprints,Women,Sprints,2025,2026,2,15.0,5.0
24619|Women|Sprints,Women,Sprints,2025,2026,1,0.0,-21.0
23567|Women|Sprints,Women,Sprints,2025,2026,0,0.0,34.0
24603|Women|Sprints,Women,Sprints,2025,2026,2,116.0,14.0
24739|Women|Jumps,Women,Jumps,2025,2026,1,6.0,64.0
4023|Women|Sprints,Women,Sprints,2025,2026,0,0.0,39.0
1421|Men|Distance,Men,Distance,2025,2026,-3,189.0,-46.0
723|Men|Distance,Men,Distance,2024,2025,-2,-88.0,-71.0
723|Men|Distance,Men,Distance,2024,2026,0,-88.0,-5.0
723|Men|Distance,Men,Distance,2025,2026,2,0.0,66.0
20431|Men|Distance,Men,Distance,2025,2026,5,130.0,-93.0
1589|Men|Distance,Men,Distance,2024,2025,-4,21.0,-295.0
1589|Men|Distance,Men,Distance,2024,2026,-2,-61.0,-174.0
1589|Men|Distance,Men,Distance,2025,2026,2,-82.0,121.0
18969|Men|Distance,Men,Distance,2025,2026,0,-62.0,59.0
692|Men|Distance,Men,Distance,2024,2026,-2,-66.0,11.0
23446|Men|Distance,Men,Distance,2025,2026,-2,-104.0,108.0
25118|Men|Distance,Men,Distance,2025,2026,-1,0.0,-45.0
1612|Men|Distance,Men,Distance,2024,2025,-1,127.0,-78.0
1612|Men|Distance,Men,Distance,2024,2026,-6,-25.0,-20.0
1612|Men|Distance,Men,Distance,2025,2026,-5,-152.0,58.0
711|Men|Distance,Men,Distance,2024,2025,-1,-22.0,-21.0
711|Men|Distance,Men,Distance,2024,2026,-1,-106.0,55.0
711|Men|Distance,Men,Distance,2025,2026,0,-84.0,76.0
18745|Men|Distance,Men,Distance,2025,2026,-2,-21.0,45.0
4433|Men|Distance,Men,Distance,2024,2025,-4,258.0,-252.0
4433|Men|Distance,Men,Distance,2024,2026,-5,-1.0,30.0
4433|Men|Distance,Men,Distance,2025,2026,-1,-259.0,282.0
786|Men|Distance,Men,Distance,2024,2025,-2,-72.0,19.0
786|Men|Distance,Men,Distance,2024,2026,-1,-66.0,49.0
786|Men|Distance,Men,Distance,2025,2026,1,6.0,30.0
691|Men|Distance,Men,Distance,2024,2026,2,180.0,0.0
801|Men|Distance,Men,Distance,2024,2026,3,329.0,296.0
19007|Men|Distance,Men,Distance,2025,2026,0,-29.0,18.0
18989|Men|Distance,Men,Distance,2025,2026,2,0.0,167.0
8108|Men|Distance,Men,Distance,2025,2026,4,73.0,18.0
5247|Men|Throws,Men,Throws,2024,2025,-3,-48.0,148.0
5247|Men|Throws,Men,Throws,2024,2026,-1,-48.0,144.0
5247|Men|Throws,Men,Throws,2025,2026,2,0.0,-4.0
5249|Men|Throws,Men,Throws,2024,2025,0,15.0,-2.0
5249|Men|Throws,Men,Throws,2024,2026,0,-17.0,43.0
5249|Men|Throws,Men,Throws,2025,2026,0,-32.0,45.0
5229|Men|Throws,Men,Throws,2024,2025,-4,6.0,-37.0
5229|Men|Throws,Men,Throws,2024,2026,-4,2.0,7.0
5229|Men|Throws,Men,Throws,2025,2026,0,-4.0,44.0
710|Men|Distance,Men,Distance,2024,2025,-1,82.0,52.0
710|Men|Distance,Men,Distance,2024,2026,0,126.0,77.0
710|Men|Distance,Men,Distance,2025,2026,1,44.0,25.0
740|Men|Distance,Men,Distance,2025,2026,0,-11.0,32.0
685|Men|Distance,Men,Distance,2024,2025,-3,39.0,-79.0
685|Men|Distance,Men,Distance,2024,2026,-1,39.0,38.0
685|Men|Distance,Men,Distance,2025,2026,2,0.0,117.0
25031|Men|Hurdles,Men,Hurdles,2025,2026,2,-61.0,101.0
25032|Men|Hurdles,Men,Hurdles,2025,2026,2,18.0,-30.0
2598|Men|Distance,Men,Distance,2024,2025,0,-113.0,171.0
2598|Men|Distance,Men,Distance,2024,2026,0,-158.0,244.0
2598|Men|Distance,Men,Distance,2025,2026,0,-45.0,73.0
25680|Men|Jumps,Men,Jumps,2025,2026,3,-86.0,16.0
18979|Men|Distance,Men,Distance,2025,2026,5,88.0,69.0
11304|Men|Distance,Men,Distance,2025,2026,1,0.0,-80.0
25191|Men|Distance,Men,Distance,2025,2026,-1,347.0,-375.0
2959|Men|Distance,Men,Distance,2024,2025,4,-35.0,61.0
2959|Men|Distance,Men,Distance,2024,2026,0,-48.0,-75.0
2959|Men|Distance,Men,Distance,2025,2026,-4,-13.0,-136.0
16123|Men|Distance,Men,Distance,2025,2026,3,0.0,124.0
2900|Men|Distance,Men,Distance,2024,2025,0,42.0,-44.0
2900|Men|Distance,Men,Distance,2024,2026,0,-52.0,103.0
2900|Men|Distance,Men,Distance,2025,2026,0,-94.0,147.0
21482|Men|Distance,Men,Distance,2025,2026,2,0.0,139.0
4339|Men|Distance,Men,Distance,2024,2026,0,-42.0,153.0
24415|Men|Hurdles,Men,Hurdles,2025,2026,2,32.0,26.0
3512|Men|Jumps,Men,Jumps,2024,2026,-1,-114.0,46.0
3515|Men|Jumps,Men,Jumps,2024,2025,-1,0.0,24.0
3515|Men|Jumps,Men,Jumps,2024,2026,0,0.0,38.0
3515|Men|Jumps,Men,Jumps,2025,2026,1,0.0,14.0
5608|Men|Jumps,Men,Jumps,2025,2026,1,0.0,-5.0
24999|Men|Jumps,Men,Jumps,2025,2026,1,0.0,-104.0
371|Men|Distance,Men,Distance,2024,2026,-2,-24.0,168.0
26605|Men|Hurdles,Men,Hurdles,2025,2026,2,0.0,14.0
18977|Men|Distance,Men,Distance,2025,2026,2,-10.0,52.0
38|Men|Distance,Men,Distance,2024,2025,0,-86.0,178.0
38|Men|Distance,Men,Distance,2024,2026,2,-68.0,95.0
38|Men|Distance,Men,Distance,2025,2026,2,18.0,-83.0
31|Men|Distance,Men,Distance,2024,2026,5,0.0,65.0
22384|Men|Distance,Men,Distance,2025,2026,0,195.0,-356.0
702|Men|Distance,Men,Distance,2024,2026,-4,0.0,-22.0
19386|Men|Distance,Men,Distance,2025,2026,4,26.0,-27.0
4440|Men|Jumps,Men,Jumps,2024,2026,0,0.0,-152.0
4440|Men|Throws,Men,Throws,2024,2026,-3,4.0,36.0
4440|Men|Hurdles,Men,Hurdles,2024,2025,2,-99.0,181.0
4440|Men|Hurdles,Men,Hurdles,2024,2026,1,-99.0,51.0
4440|Men|Hurdles,Men,Hurdles,2025,2026,-1,0.0,-130.0
24711|Men|Distance,Men,Distance,2025,2026,2,0.0,243.0
23485|Men|Distance,Men,Distance,2025,2026,1,0.0,357.0
150|Men|Distance,Men,Distance,2025,2026,2,99.0,-7.0
161|Men|Distance,Men,Distance,2024,2025,-3,0.0,-67.0
161|Men|Distance,Men,Distance,2024,2026,0,106.0,-62.0
161|Men|Distance,Men,Distance,2025,2026,3,106.0,5.0
161|Men|Hurdles,Men,Hurdles,2025,2026,1,115.0,-26.0
18964|Men|Distance,Men,Distance,2025,2026,4,142.0,-170.0
26020|Men|Distance,Men,Distance,2025,2026,6,72.0,48.0
666|Men|Distance,Men,Distance,2024,2026,2,55.0,-23.0
1824|Men|Distance,Men,Distance,2024,2026,0,0.0,34.0
24577|Men|Jumps,Men,Jumps,2025,2026,-1,-62.0,-90.0
18787|Men|Distance,Men,Distance,2025,2026,3,49.0,-101.0
761|Men|Distance,Men,Distance,2024,2026,1,378.0,-238.0
4711|Men|Distance,Men,Distance,2024,2026,1,22.0,93.0
18319|Men|Distance,Men,Distance,2025,2026,3,118.0,55.0
19013|Men|Distance,Men,Distance,2025,2026,-2,77.0,-25.0
16|Men|Distance,Men,Distance,2024,2026,1,0.0,-11.0
8059|Men|Distance,Men,Distance,2025,2026,-3,-19.0,-92.0
4854|Men|Distance,Men,Distance,2024,2025,0,0.0,76.0
4854|Men|Distance,Men,Distance,2024,2026,1,0.0,208.0
4854|Men|Distance,Men,Distance,2025,2026,1,0.0,132.0
382|Men|Distance,Men,Distance,2024,2025,0,-45.0,142.0
382|Men|Distance,Men,Distance,2024,2026,0,47.0,57.0
382|Men|Distance,Men,Distance,2025,2026,0,92.0,-85.0
8147|Men|Distance,Men,Distance,2025,2026,1,37.0,-7.0
24567|Women|Jumps,Women,Jumps,2025,2026,1,-87.0,68.0
24603|Women|Hurdles,Women,Hurdles,2025,2026,4,27.0,115.0
1478|Women|Distance,Women,Distance,2025,2026,0,0.0,147.0
1478|Women|Jumps,Women,Jumps,2024,2025,-1,47.0,-187.0
1478|Women|Jumps,Women,Jumps,2024,2026,0,0.0,-123.0
1478|Women|Jumps,Women,Jumps,2025,2026,1,-47.0,64.0
11470|Women|Distance,Women,Distance,2025,2026,-2,-67.0,148.0
19366|Women|Distance,Women,Distance,2025,2026,-4,-123.0,42.0
26193|Women|Distance,Women,Distance,2025,2026,0,-4.0,250.0
647|Women|Distance,Women,Distance,2024,2025,-2,-112.0,-23.0
647|Women|Distance,Women,Distance,2024,2026,0,-112.0,225.0
647|Women|Distance,Women,Distance,2025,2026,2,0.0,248.0
22369|Women|Hurdles,Women,Hurdles,2025,2026,1,-216.0,229.0
16160|Women|Distance,Women,Distance,2025,2026,0,-65.0,-32.0
11364|Women|Distance,Women,Distance,2025,2026,2,292.0,54.0
3977|Women|Distance,Women,Distance,2024,2026,2,16.0,103.0
8125|Women|Distance,Women,Distance,2025,2026,2,0.0,56.0
4076|Women|Throws,Women,Throws,2024,2026,-2,-26.0,228.0
5196|Women|Jumps,Women,Jumps,2024,2025,0,32.0,-90.0
5196|Women|Jumps,Women,Jumps,2024,2026,-2,-13.0,-35.0
5196|Women|Jumps,Women,Jumps,2025,2026,-2,-45.0,55.0
24365|Women|Jumps,Women,Jumps,2025,2026,1,0.0,104.0
24365|Women|Hurdles,Women,Hurdles,2025,2026,1,0.0,237.0
4092|Women|Distance,Women,Distance,2025,2026,6,33.0,127.0
1746|Women|Distance,Women,Distance,2024,2026,1,0.0,44.0
26624|Women|Distance,Women,Distance,2025,2026,1,0.0,139.0
1953|Women|Distance,Women,Distance,2025,2026,-2,-17.0,33.0
18727|Women|Distance,Women,Distance,2025,2026,2,32.0,-84.0
19367|Women|Distance,Women,Distance,2025,2026,0,103.0,-37.0
18922|Women|Distance,Women,Distance,2025,2026,2,-36.0,101.0
8033|Women|Distance,Women,Distance,2025,2026,0,0.0,106.0
234|Women|Distance,Women,Distance,2024,2026,2,190.0,-336.0
11344|Women|Distance,Women,Distance,2025,2026,0,62.0,-147.0
26228|Women|Distance,Women,Distance,2025,2026,1,256.0,49.0
3504|Women|Distance,Women,Distance,2025,2026,0,0.0,106.0
3179|Women|Distance,Women,Distance,2025,2026,1,0.0,74.0
24605|Women|Jumps,Women,Jumps,2025,2026,3,-67.0,58.0
24605|Women|Hurdles,Women,Hurdles,2025,2026,1,23.0,-33.0
3368|Women|Distance,Women,Distance,2025,2026,1,0.0,-32.0
253|Women|Distance,Women,Distance,2024,2026,-1,-59.0,174.0
360|Women|Distance,Women,Distance,2024,2026,1,36.0,5.0
358|Women|Distance,Women,Distance,2024,2026,3,50.0,22.0
513|Men|Distance,Men,Distance,2024,2025,1,140.0,-122.0
507|Men|Distance,Men,Distance,2024,2025,0,-6.0,27.0
507|Men|Distance,Men,Distance,2024,2026,0,-6.0,59.0
507|Men|Distance,Men,Distance,2025,2026,0,0.0,32.0
91|Men|Distance,Men,Distance,2024,2025,0,-10.0,58.0
2316|Men|Distance,Men,Distance,2024,2026,-1,0.0,-24.0
5154|Men|Distance,Men,Distance,2024,2026,-2,36.0,101.0
90|Men|Distance,Men,Distance,2024,2025,-1,-78.0,82.0
5173|Men|Distance,Men,Distance,2024,2025,2,71.0,-14.0
4637|Men|Distance,Men,Distance,2024,2025,0,-28.0,13.0
106|Men|Distance,Men,Distance,2024,2025,0,-19.0,20.0
95|Men|Distance,Men,Distance,2024,2025,0,-3.0,-4.0
2952|Men|Distance,Men,Distance,2024,2025,-2,-81.0,53.0
2946|Men|Distance,Men,Distance,2024,2025,-1,-94.0,108.0
2946|Men|Distance,Men,Distance,2024,2026,-1,-8.0,-16.0
2946|Men|Distance,Men,Distance,2025,2026,0,86.0,-124.0
2953|Men|Distance,Men,Distance,2024,2025,1,9.0,24.0
3407|Men|Distance,Men,Distance,2024,2026,-5,-156.0,164.0
3386|Men|Distance,Men,Distance,2024,2025,-1,-49.0,30.0
3393|Men|Distance,Men,Distance,2024,2026,-5,-40.0,177.0
3012|Men|Distance,Men,Distance,2024,2025,0,-124.0,293.0
2566|Men|Distance,Men,Distance,2024,2026,0,0.0,-33.0
704|Men|Distance,Men,Distance,2024,2025,-1,118.0,-65.0
704|Men|Distance,Men,Distance,2024,2026,-1,-125.0,90.0
704|Men|Distance,Men,Distance,2025,2026,0,-243.0,155.0
2608|Men|Distance,Men,Distance,2024,2025,-2,69.0,-16.0
2608|Men|Distance,Men,Distance,2024,2026,-5,-58.0,20.0
2608|Men|Distance,Men,Distance,2025,2026,-3,-127.0,36.0
794|Men|Distance,Men,Distance,2024,2025,-1,-56.0,74.0
667|Men|Distance,Men,Distance,2024,2025,0,-18.0,8.0
669|Men|Distance,Men,Distance,2024,2025,-2,0.0,22.0
778|Men|Distance,Men,Distance,2024,2025,-2,249.0,-236.0
778|Men|Distance,Men,Distance,2024,2026,-1,160.0,-138.0
778|Men|Distance,Men,Distance,2025,2026,1,-89.0,98.0
708|Men|Distance,Men,Distance,2024,2025,-2,42.0,-127.0
3175|Men|Distance,Men,Distance,2024,2026,0,-57.0,-6.0
5271|Men|Distance,Men,Distance,2024,2025,-2,-54.0,-55.0
2071|Men|Distance,Men,Distance,2024,2025,1,57.0,-63.0
310|Men|Distance,Men,Distance,2024,2025,-5,-42.0,-83.0
1251|Men|Distance,Men,Distance,2024,2025,-4,-64.0,47.0
681|Men|Distance,Men,Distance,2024,2025,-1,29.0,10.0
695|Men|Distance,Men,Distance,2024,2025,0,-3.0,96.0
695|Men|Distance,Men,Distance,2024,2026,-2,-3.0,133.0
695|Men|Distance,Men,Distance,2025,2026,-2,0.0,37.0
123|Men|Distance,Men,Distance,2024,2025,-4,-16.0,72.0
1|Men|Distance,Men,Distance,2024,2025,2,60.0,-30.0
1|Men|Distance,Men,Distance,2024,2026,2,45.0,0.0
1|Men|Distance,Men,Distance,2025,2026,0,-15.0,30.0
135|Men|Distance,Men,Distance,2024,2026,1,13.0,171.0
142|Men|Distance,Men,Distance,2024,2026,-1,-72.0,-90.0
3437|Men|Distance,Men,Distance,2024,2025,-3,-143.0,92.0
364|Men|Distance,Men,Distance,2024,2025,-2,-76.0,77.0
2492|Men|Distance,Men,Distance,2024,2025,3,-69.0,72.0
4901|Men|Distance,Men,Distance,2024,2026,-1,-31.0,65.0
1179|Men|Distance,Men,Distance,2024,2025,0,0.0,-87.0
1179|Men|Distance,Men,Distance,2024,2026,1,115.0,-160.0
1179|Men|Distance,Men,Distance,2025,2026,1,115.0,-73.0
1198|Men|Distance,Men,Distance,2024,2025,-2,-23.0,114.0
5297|Men|Distance,Men,Distance,2024,2025,0,-67.0,77.0
4704|Men|Distance,Men,Distance,2024,2026,0,42.0,291.0
1608|Men|Distance,Men,Distance,2024,2025,0,0.0,-38.0
756|Men|Distance,Men,Distance,2024,2025,-3,0.0,-159.0
683|Men|Distance,Men,Distance,2024,2025,-2,-76.0,55.0
709|Men|Distance,Men,Distance,2024,2025,1,377.0,-367.0
675|Men|Distance,Men,Distance,2024,2025,-3,-3.0,-104.0
675|Men|Distance,Men,Distance,2024,2026,-2,-18.0,-49.0
675|Men|Distance,Men,Distance,2025,2026,1,-15.0,55.0
2302|Men|Distance,Men,Distance,2024,2026,0,56.0,-14.0
1379|Men|Distance,Men,Distance,2024,2025,0,-79.0,231.0
5358|Men|Distance,Men,Distance,2024,2025,-1,-214.0,117.0
1597|Men|Distance,Men,Distance,2024,2025,-3,278.0,-240.0
367|Men|Distance,Men,Distance,2024,2025,-2,-126.0,43.0
367|Men|Distance,Men,Distance,2024,2026,-1,44.0,-241.0
367|Men|Distance,Men,Distance,2025,2026,1,170.0,-284.0
368|Men|Distance,Men,Distance,2024,2025,-3,-78.0,-80.0
368|Men|Distance,Men,Distance,2024,2026,-1,-32.0,41.0
368|Men|Distance,Men,Distance,2025,2026,2,46.0,121.0
706|Men|Distance,Men,Distance,2024,2025,-6,-120.0,59.0
706|Men|Distance,Men,Distance,2024,2026,-5,-18.0,20.0
706|Men|Distance,Men,Distance,2025,2026,1,102.0,-39.0
731|Men|Distance,Men,Distance,2024,2025,0,0.0,-167.0
731|Men|Distance,Men,Distance,2024,2026,0,62.0,-20.0
731|Men|Distance,Men,Distance,2025,2026,0,62.0,147.0
694|Men|Distance,Men,Distance,2024,2025,-3,-103.0,37.0
2193|Men|Distance,Men,Distance,2024,2025,-2,33.0,-38.0
147|Men|Distance,Men,Distance,2024,2025,0,0.0,-91.0
454|Men|Distance,Men,Distance,2024,2025,-1,-46.0,-17.0
2855|Men|Distance,Men,Distance,2024,2026,1,27.0,20.0
2007|Men|Distance,Men,Distance,2024,2025,-1,53.0,-103.0
2003|Men|Distance,Men,Distance,2024,2026,2,0.0,111.0
1715|Men|Distance,Men,Distance,2024,2025,0,0.0,52.0
1715|Men|Distance,Men,Distance,2024,2026,2,71.0,65.0
1715|Men|Distance,Men,Distance,2025,2026,2,71.0,13.0
2463|Men|Distance,Men,Distance,2024,2025,-1,283.0,-277.0
2463|Men|Distance,Men,Distance,2024,2026,-1,0.0,111.0
2463|Men|Distance,Men,Distance,2025,2026,0,-283.0,388.0
2467|Men|Distance,Men,Distance,2024,2025,1,0.0,72.0
2467|Men|Distance,Men,Distance,2024,2026,-1,0.0,49.0
2467|Men|Distance,Men,Distance,2025,2026,-2,0.0,-23.0
2474|Men|Distance,Men,Distance,2024,2025,1,207.0,-201.0
2474|Men|Distance,Men,Distance,2024,2026,-1,0.0,-85.0
2474|Men|Distance,Men,Distance,2025,2026,-2,-207.0,116.0
4194|Men|Distance,Men,Distance,2024,2025,1,0.0,-1.0
2470|Men|Distance,Men,Distance,2024,2025,2,-3.0,2.0
2470|Men|Distance,Men,Distance,2024,2026,-1,13.0,-27.0
2470|Men|Distance,Men,Distance,2025,2026,-3,16.0,-29.0
3296|Men|Distance,Men,Distance,2024,2025,2,61.0,31.0
3686|Men|Distance,Men,Distance,2024,2025,-3,54.0,-116.0
54|Men|Distance,Men,Distance,2024,2025,-4,0.0,-88.0
2051|Men|Distance,Men,Distance,2024,2025,-2,0.0,-31.0
395|Men|Distance,Men,Distance,2024,2025,0,0.0,64.0
1853|Men|Distance,Men,Distance,2024,2025,0,0.0,73.0
1853|Men|Distance,Men,Distance,2024,2026,0,0.0,94.0
1853|Men|Distance,Men,Distance,2025,2026,0,0.0,21.0
2469|Men|Distance,Men,Distance,2024,2025,2,59.0,-12.0
2469|Men|Distance,Men,Distance,2024,2026,2,-24.0,91.0
2469|Men|Distance,Men,Distance,2025,2026,0,-83.0,103.0
5589|Men|Distance,Men,Distance,2024,2025,0,0.0,55.0
5589|Men|Distance,Men,Distance,2024,2026,0,0.0,-45.0
5589|Men|Distance,Men,Distance,2025,2026,0,0.0,-100.0
3082|Men|Distance,Men,Distance,2024,2025,0,0.0,111.0
3082|Men|Distance,Men,Distance,2024,2026,0,0.0,119.0
3082|Men|Distance,Men,Distance,2025,2026,0,0.0,8.0
509|Men|Distance,Men,Distance,2024,2025,0,15.0,-1.0
102|Men|Distance,Men,Distance,2024,2025,2,-11.0,54.0
102|Men|Distance,Men,Distance,2024,2026,0,-91.0,18.0
102|Men|Distance,Men,Distance,2025,2026,-2,-80.0,-36.0
99|Men|Distance,Men,Distance,2024,2025,0,-51.0,20.0
2258|Men|Distance,Men,Distance,2024,2026,-1,-104.0,113.0
2268|Men|Distance,Men,Distance,2024,2026,0,-34.0,103.0
2261|Men|Distance,Men,Distance,2024,2025,-2,181.0,-201.0
2261|Men|Distance,Men,Distance,2024,2026,-4,0.0,-10.0
2261|Men|Distance,Men,Distance,2025,2026,-2,-181.0,191.0
1663|Men|Distance,Men,Distance,2024,2025,-2,93.0,-143.0
2275|Men|Distance,Men,Distance,2024,2025,-1,31.0,51.0
2259|Men|Distance,Men,Distance,2024,2025,1,50.0,108.0
2259|Men|Distance,Men,Distance,2024,2026,0,-2.0,36.0
2259|Men|Distance,Men,Distance,2025,2026,-1,-52.0,-72.0
1656|Men|Distance,Men,Distance,2024,2025,-3,-58.0,111.0
1656|Men|Distance,Men,Distance,2024,2026,-3,-150.0,101.0
1656|Men|Distance,Men,Distance,2025,2026,0,-92.0,-10.0
5616|Men|Distance,Men,Distance,2024,2026,0,90.0,-153.0
4628|Men|Distance,Men,Distance,2024,2025,0,73.0,-121.0
2284|Men|Distance,Men,Distance,2024,2026,1,58.0,84.0
4081|Men|Distance,Men,Distance,2024,2026,0,-31.0,128.0
1652|Men|Distance,Men,Distance,2024,2026,1,-92.0,121.0
429|Men|Distance,Men,Distance,2024,2026,1,39.0,-25.0
2804|Men|Distance,Men,Distance,2024,2026,0,0.0,6.0
5665|Men|Distance,Men,Distance,2024,2026,1,0.0,3.0
714|Men|Distance,Men,Distance,2024,2026,0,0.0,172.0
5788|Men|Distance,Men,Distance,2024,2025,1,34.0,1.0
1562|Men|Distance,Men,Distance,2024,2025,1,10.0,55.0
4631|Women|Distance,Women,Distance,2024,2025,1,0.0,-50.0
1116|Women|Distance,Women,Distance,2024,2026,3,60.0,80.0
621|Women|Distance,Women,Distance,2024,2025,-3,41.0,-48.0
621|Women|Distance,Women,Distance,2024,2026,-5,-30.0,-70.0
621|Women|Distance,Women,Distance,2025,2026,-2,-71.0,-22.0
4288|Women|Distance,Women,Distance,2024,2025,-2,-28.0,100.0
4288|Women|Distance,Women,Distance,2024,2026,0,-10.0,89.0
4288|Women|Distance,Women,Distance,2025,2026,2,18.0,-11.0
68|Women|Distance,Women,Distance,2024,2025,-1,-171.0,25.0
68|Women|Distance,Women,Distance,2024,2026,0,-172.0,159.0
68|Women|Distance,Women,Distance,2025,2026,1,-1.0,134.0
237|Women|Distance,Women,Distance,2024,2026,1,15.0,12.0
4655|Women|Distance,Women,Distance,2024,2025,-4,-30.0,161.0
567|Women|Distance,Women,Distance,2024,2026,2,42.0,23.0
3100|Women|Distance,Women,Distance,2024,2026,0,162.0,-226.0
1497|Women|Distance,Women,Distance,2024,2026,-1,61.0,65.0
5345|Women|Distance,Women,Distance,2024,2025,-4,-119.0,48.0
5345|Women|Distance,Women,Distance,2024,2026,-4,-83.0,14.0
5345|Women|Distance,Women,Distance,2025,2026,0,36.0,-34.0
4549|Women|Distance,Women,Distance,2024,2025,2,28.0,17.0
4551|Women|Distance,Women,Distance,2024,2025,0,0.0,53.0
3379|Women|Distance,Women,Distance,2024,2025,-2,0.0,62.0
3379|Women|Distance,Women,Distance,2024,2026,-2,-64.0,66.0
3379|Women|Distance,Women,Distance,2025,2026,0,-64.0,4.0
575|Women|Distance,Women,Distance,2024,2026,-1,-34.0,52.0
1985|Women|Distance,Women,Distance,2024,2025,0,0.0,100.0
1946|Women|Distance,Women,Distance,2024,2025,-1,158.0,-67.0
1946|Women|Distance,Women,Distance,2024,2026,0,193.0,-65.0
1946|Women|Distance,Women,Distance,2025,2026,1,35.0,2.0
307|Women|Distance,Women,Distance,2024,2025,0,0.0,172.0
307|Women|Distance,Women,Distance,2024,2026,0,0.0,157.0
307|Women|Distance,Women,Distance,2025,2026,0,0.0,-15.0
1032|Women|Distance,Women,Distance,2024,2025,2,100.0,-7.0
1032|Women|Distance,Women,Distance,2024,2026,3,37.0,16.0
1032|Women|Distance,Women,Distance,2025,2026,1,-63.0,23.0
1743|Women|Distance,Women,Distance,2024,2025,-1,0.0,-112.0
4226|Women|Distance,Women,Distance,2024,2025,-2,-54.0,47.0
4766|Women|Distance,Women,Distance,2024,2025,0,0.0,45.0
4234|Women|Distance,Women,Distance,2024,2025,0,0.0,-96.0
4665|Women|Distance,Women,Distance,2024,2025,1,-119.0,265.0
2408|Women|Distance,Women,Distance,2024,2025,0,-92.0,43.0
2408|Women|Distance,Women,Distance,2024,2026,0,-92.0,79.0
2408|Women|Distance,Women,Distance,2025,2026,0,0.0,36.0
4656|Women|Distance,Women,Distance,2024,2026,0,48.0,88.0
1617|Women|Distance,Women,Distance,2024,2025,1,99.0,-2.0
404|Women|Distance,Women,Distance,2024,2026,0,0.0,69.0
3755|Women|Distance,Women,Distance,2024,2026,0,123.0,-26.0
18919|Men|Distance,Men,Distance,2025,2026,-1,0.0,186.0
7950|Men|Distance,Men,Distance,2025,2026,4,264.0,-127.0
7954|Men|Distance,Men,Distance,2025,2026,0,337.0,-427.0
7953|Men|Distance,Men,Distance,2025,2026,1,-4.0,86.0
18982|Men|Distance,Men,Distance,2025,2026,-3,-91.0,71.0
22517|Men|Distance,Men,Distance,2025,2026,0,0.0,-5.0
24594|Men|Distance,Men,Distance,2025,2026,0,-69.0,5.0
16141|Men|Distance,Men,Distance,2025,2026,1,20.0,18.0
5137|Men|Distance,Men,Distance,2025,2026,-1,-109.0,112.0
26006|Men|Distance,Men,Distance,2025,2026,-1,0.0,-25.0
24568|Men|Distance,Men,Distance,2025,2026,-2,-17.0,10.0
11400|Men|Distance,Men,Distance,2025,2026,0,-142.0,10.0
11307|Men|Distance,Men,Distance,2025,2026,2,34.0,-96.0
19417|Men|Distance,Men,Distance,2025,2026,3,26.0,12.0
24808|Men|Distance,Men,Distance,2025,2026,-1,-50.0,87.0
24595|Men|Distance,Men,Distance,2025,2026,-4,7.0,76.0
7965|Men|Distance,Men,Distance,2025,2026,0,0.0,58.0
5139|Men|Distance,Men,Distance,2025,2026,0,-152.0,77.0
18961|Men|Distance,Men,Distance,2025,2026,-2,-283.0,279.0
19384|Men|Distance,Men,Distance,2025,2026,-2,179.0,-239.0
2540|Men|Distance,Men,Distance,2025,2026,0,15.0,8.0
19385|Men|Distance,Men,Distance,2025,2026,-2,-186.0,177.0
19002|Men|Distance,Men,Distance,2025,2026,-1,33.0,-51.0
22385|Men|Distance,Men,Distance,2025,2026,-1,-61.0,100.0
35|Men|Distance,Men,Distance,2025,2026,-2,35.0,46.0
19375|Men|Distance,Men,Distance,2025,2026,-2,273.0,-319.0
26180|Men|Distance,Men,Distance,2025,2026,-1,-16.0,182.0
4910|Men|Distance,Men,Distance,2025,2026,1,-43.0,41.0
7982|Men|Distance,Men,Distance,2025,2026,-1,14.0,-7.0
26513|Men|Distance,Men,Distance,2025,2026,0,0.0,-14.0
16118|Men|Distance,Men,Distance,2025,2026,2,-1.0,-10.0
16147|Men|Distance,Men,Distance,2025,2026,2,64.0,-24.0
8065|Men|Distance,Men,Distance,2025,2026,0,0.0,214.0
7724|Men|Distance,Men,Distance,2025,2026,0,-19.0,-4.0
8038|Men|Distance,Men,Distance,2025,2026,2,-10.0,99.0
26627|Men|Distance,Men,Distance,2025,2026,3,145.0,-122.0
23472|Men|Distance,Men,Distance,2025,2026,3,0.0,79.0
2116|Men|Distance,Men,Distance,2025,2026,0,0.0,12.0
2553|Men|Distance,Men,Distance,2025,2026,1,62.0,32.0
2111|Men|Distance,Men,Distance,2025,2026,0,0.0,129.0
18991|Men|Distance,Men,Distance,2025,2026,0,0.0,27.0
25172|Men|Distance,Men,Distance,2025,2026,0,0.0,-159.0
2442|Men|Distance,Men,Distance,2025,2026,0,0.0,-35.0
18288|Men|Distance,Men,Distance,2025,2026,0,3.0,86.0
11395|Men|Distance,Men,Distance,2025,2026,0,0.0,168.0
19424|Men|Distance,Men,Distance,2025,2026,1,382.0,-220.0
16132|Men|Distance,Men,Distance,2025,2026,2,54.0,-79.0
8099|Men|Distance,Men,Distance,2025,2026,0,0.0,2.0
18791|Men|Distance,Men,Distance,2025,2026,1,0.0,-19.0
24554|Men|Distance,Men,Distance,2025,2026,0,0.0,79.0
984|Men|Distance,Men,Distance,2025,2026,1,0.0,9.0
3240|Women|Distance,Women,Distance,2025,2026,-2,79.0,-29.0
24604|Women|Distance,Women,Distance,2025,2026,3,-1.0,-16.0
25098|Women|Distance,Women,Distance,2025,2026,3,5.0,-49.0
25507|Women|Distance,Women,Distance,2025,2026,0,0.0,98.0
20409|Women|Distance,Women,Distance,2025,2026,-1,-21.0,44.0
18939|Women|Distance,Women,Distance,2025,2026,-1,153.0,-249.0
18931|Women|Distance,Women,Distance,2025,2026,1,32.0,-97.0
16157|Women|Distance,Women,Distance,2025,2026,1,49.0,-115.0
4555|Women|Distance,Women,Distance,2025,2026,0,-95.0,56.0
23384|Women|Distance,Women,Distance,2025,2026,0,0.0,-24.0
20764|Women|Distance,Women,Distance,2025,2026,4,39.0,-12.0
11447|Women|Distance,Women,Distance,2025,2026,0,0.0,-12.0
4241|Women|Distance,Women,Distance,2025,2026,1,0.0,3.0
8117|Women|Distance,Women,Distance,2025,2026,0,281.0,-201.0
6157|Women|Distance,Women,Distance,2025,2026,2,228.0,-227.0
11295|Women|Distance,Women,Distance,2025,2026,0,0.0,60.0
23467|Women|Distance,Women,Distance,2025,2026,0,0.0,44.0
4457|Men|Hurdles,Men,Hurdles,2024,2025,2,-45.0,119.0
3609|Men|Hurdles,Men,Hurdles,2024,2025,3,65.0,23.0
3609|Men|Hurdles,Men,Hurdles,2024,2026,1,130.0,-132.0
3609|Men|Hurdles,Men,Hurdles,2025,2026,-2,65.0,-155.0
4423|Men|Hurdles,Men,Hurdles,2024,2025,-1,-248.0,344.0
4423|Men|Hurdles,Men,Hurdles,2024,2026,-1,-248.0,333.0
4423|Men|Hurdles,Men,Hurdles,2025,2026,0,0.0,-11.0
3725|Men|Hurdles,Men,Hurdles,2024,2025,0,358.0,-286.0
3725|Men|Hurdles,Men,Hurdles,2024,2026,0,6.0,-306.0
3725|Men|Hurdles,Men,Hurdles,2025,2026,0,-352.0,-20.0
5198|Women|Hurdles,Women,Hurdles,2024,2025,-3,41.0,-100.0
5198|Women|Hurdles,Women,Hurdles,2024,2026,-4,-5.0,-43.0
5198|Women|Hurdles,Women,Hurdles,2025,2026,-1,-46.0,57.0
4740|Women|Hurdles,Women,Hurdles,2024,2025,-1,0.0,116.0
4740|Women|Hurdles,Women,Hurdles,2024,2026,0,58.0,-21.0
4740|Women|Hurdles,Women,Hurdles,2025,2026,1,58.0,-137.0
5752|Women|Hurdles,Women,Hurdles,2024,2025,3,190.0,-9.0
24575|Men|Hurdles,Men,Hurdles,2025,2026,2,-55.0,90.0
26491|Men|Hurdles,Men,Hurdles,2025,2026,0,-26.0,57.0
24671|Men|Hurdles,Men,Hurdles,2025,2026,1,49.0,-27.0
5225|Men|Jumps,Men,Jumps,2024,2026,-4,-79.0,-44.0
5231|Men|Jumps,Men,Jumps,2024,2025,1,-8.0,-9.0
5231|Men|Jumps,Men,Jumps,2024,2026,3,-17.0,-43.0
5231|Men|Jumps,Men,Jumps,2025,2026,2,-9.0,-34.0
4143|Men|Jumps,Men,Jumps,2024,2025,-2,-34.0,86.0
4143|Men|Jumps,Men,Jumps,2024,2026,-2,-35.0,0.0
4143|Men|Jumps,Men,Jumps,2025,2026,0,-1.0,-86.0
4410|Men|Jumps,Men,Jumps,2024,2025,-1,0.0,-52.0
4410|Men|Jumps,Men,Jumps,2024,2026,-1,0.0,-87.0
4410|Men|Jumps,Men,Jumps,2025,2026,0,0.0,-35.0
5606|Men|Jumps,Men,Jumps,2024,2025,-1,0.0,78.0
5207|Women|Jumps,Women,Jumps,2024,2025,-3,-47.0,47.0
5207|Women|Jumps,Women,Jumps,2024,2026,-6,3.0,-95.0
5207|Women|Jumps,Women,Jumps,2025,2026,-3,50.0,-142.0
3939|Women|Jumps,Women,Jumps,2024,2025,1,-21.0,66.0
4271|Women|Jumps,Women,Jumps,2024,2025,0,0.0,2.0
4496|Women|Jumps,Women,Jumps,2024,2025,-1,0.0,-15.0
4031|Women|Jumps,Women,Jumps,2024,2025,-2,-4.0,-27.0
24571|Men|Jumps,Men,Jumps,2025,2026,1,5.0,-33.0
24578|Men|Jumps,Men,Jumps,2025,2026,-5,-30.0,-57.0
25499|Men|Jumps,Men,Jumps,2025,2026,0,-2.0,47.0
26089|Men|Jumps,Men,Jumps,2025,2026,0,0.0,83.0
18975|Men|Jumps,Men,Jumps,2025,2026,1,0.0,-21.0
3609|Men|Jumps,Men,Jumps,2025,2026,0,0.0,-1.0
26186|Men|Jumps,Men,Jumps,2025,2026,1,35.0,-88.0
25033|Men|Jumps,Men,Jumps,2025,2026,0,-26.0,0.0
24372|Men|Jumps,Men,Jumps,2025,2026,0,0.0,21.0
24943|Women|Jumps,Women,Jumps,2025,2026,0,-13.0,38.0
24472|Women|Jumps,Women,Jumps,2025,2026,1,47.0,-28.0
25605|Women|Jumps,Women,Jumps,2025,2026,-2,-38.0,10.0
5219|Men|Throws,Men,Throws,2024,2025,-7,0.0,-32.0
5219|Men|Throws,Men,Throws,2024,2026,-9,0.0,-107.0
5219|Men|Throws,Men,Throws,2025,2026,-2,0.0,-75.0
5228|Men|Throws,Men,Throws,2024,2025,-5,-62.0,82.0
5242|Men|Throws,Men,Throws,2024,2025,-6,384.0,-379.0
5242|Men|Throws,Men,Throws,2024,2026,-5,-8.0,50.0
5242|Men|Throws,Men,Throws,2025,2026,1,-392.0,429.0
4363|Men|Throws,Men,Throws,2024,2025,-4,-74.0,-32.0
3692|Men|Throws,Men,Throws,2024,2025,-5,49.0,-73.0
3692|Men|Throws,Men,Throws,2024,2026,-2,19.0,-34.0
3692|Men|Throws,Men,Throws,2025,2026,3,-30.0,39.0
3697|Men|Throws,Men,Throws,2024,2025,-5,13.0,-32.0
3725|Men|Throws,Men,Throws,2024,2025,-5,36.0,-24.0
3725|Men|Throws,Men,Throws,2024,2026,-4,113.0,-60.0
3725|Men|Throws,Men,Throws,2025,2026,1,77.0,-36.0
3706|Men|Throws,Men,Throws,2024,2025,-4,-18.0,-34.0
3706|Men|Throws,Men,Throws,2024,2026,-4,-24.0,-59.0
3706|Men|Throws,Men,Throws,2025,2026,0,-6.0,-25.0
5275|Men|Throws,Men,Throws,2024,2025,-3,-34.0,53.0
5275|Men|Throws,Men,Throws,2024,2026,-6,6.0,3.0
5275|Men|Throws,Men,Throws,2025,2026,-3,40.0,-50.0
4446|Men|Throws,Men,Throws,2024,2025,-2,-22.0,63.0
4349|Men|Throws,Men,Throws,2024,2025,0,0.0,-47.0
4850|Men|Throws,Men,Throws,2024,2025,-1,-30.0,-124.0
3704|Men|Throws,Men,Throws,2024,2025,0,0.0,45.0
4035|Men|Throws,Men,Throws,2024,2025,-6,119.0,-72.0
4035|Men|Throws,Men,Throws,2024,2026,-5,0.0,38.0
4035|Men|Throws,Men,Throws,2025,2026,1,-119.0,110.0
4505|Men|Throws,Men,Throws,2024,2025,-2,0.0,33.0
5798|Men|Throws,Men,Throws,2024,2026,1,0.0,66.0
3667|Women|Throws,Women,Throws,2024,2025,-1,11.0,24.0
3668|Women|Throws,Women,Throws,2024,2025,1,85.0,-86.0
3668|Women|Throws,Women,Throws,2024,2026,3,56.0,-32.0
3668|Women|Throws,Women,Throws,2025,2026,2,-29.0,54.0
5346|Women|Throws,Women,Throws,2024,2025,-1,-27.0,39.0
5346|Women|Throws,Women,Throws,2024,2026,-1,1.0,31.0
5346|Women|Throws,Women,Throws,2025,2026,0,28.0,-8.0
4294|Women|Throws,Women,Throws,2024,2025,-4,-26.0,5.0
3794|Women|Throws,Women,Throws,2024,2025,-1,-12.0,38.0
3794|Women|Throws,Women,Throws,2024,2026,-3,-19.0,-13.0
3794|Women|Throws,Women,Throws,2025,2026,-2,-7.0,-51.0
3940|Women|Throws,Women,Throws,2024,2025,-3,-13.0,19.0
5534|Women|Throws,Women,Throws,2024,2025,0,0.0,-1.0
5534|Women|Throws,Women,Throws,2024,2026,0,0.0,29.0
5534|Women|Throws,Women,Throws,2025,2026,0,0.0,30.0
24802|Men|Throws,Men,Throws,2025,2026,3,46.0,31.0
24584|Men|Throws,Men,Throws,2025,2026,2,22.0,-22.0
24585|Men|Throws,Men,Throws,2025,2026,0,3.0,10.0
24862|Men|Throws,Men,Throws,2025,2026,2,29.0,34.0
24586|Men|Throws,Men,Throws,2025,2026,3,-27.0,39.0
26153|Men|Throws,Men,Throws,2025,2026,1,-47.0,61.0
26491|Men|Throws,Men,Throws,2025,2026,3,78.0,-84.0
25176|Men|Throws,Men,Throws,2025,2026,1,0.0,204.0
26118|Men|Throws,Men,Throws,2025,2026,0,0.0,-43.0
26119|Men|Throws,Men,Throws,2025,2026,0,0.0,-60.0
26089|Men|Throws,Men,Throws,2025,2026,0,0.0,58.0
3609|Men|Throws,Men,Throws,2025,2026,0,0.0,92.0
18975|Men|Throws,Men,Throws,2025,2026,0,0.0,18.0
24617|Men|Throws,Men,Throws,2025,2026,6,28.0,-33.0
25035|Men|Throws,Men,Throws,2025,2026,1,0.0,17.0
24406|Men|Throws,Men,Throws,2025,2026,-2,-10.0,39.0
25069|Men|Throws,Men,Throws,2025,2026,-2,-28.0,38.0
24405|Men|Throws,Men,Throws,2025,2026,-2,0.0,13.0
25555|Men|Throws,Men,Throws,2025,2026,0,0.0,105.0
24701|Men|Throws,Men,Throws,2025,2026,2,3.0,53.0
24424|Men|Throws,Men,Throws,2025,2026,1,25.0,-52.0
24589|Women|Throws,Women,Throws,2025,2026,3,24.0,-71.0
24591|Women|Throws,Women,Throws,2025,2026,-4,-79.0,55.0
24592|Women|Throws,Women,Throws,2025,2026,0,101.0,-8.0
24593|Women|Throws,Women,Throws,2025,2026,2,-50.0,72.0
24965|Women|Throws,Women,Throws,2025,2026,0,0.0,18.0
24975|Women|Throws,Women,Throws,2025,2026,-2,0.0,-3.0
