,result_id,team_id,athlete_id,grade,athlete_id_2,grade_2,athlete_id_3,grade_3,athlete_id_4,grade_4,running_event_id,event_type,result_time,relay_split,relay_split_2,relay_split_3,wind,meet_id,approved,Track_Event_Type,World_Athletics_Points_Men,World_Athletics_Points_Women,Average_Score,gender,is_hidden,sport_id,start_date,end_date,nationals,VDOT_Men,VDOT_Women,Purdy_Points_Men,Purdy_Points_Women,Mercier_Points_Men,Mercier_Points_Women
3952,92990,122,5606,,,,,,,,40,,1.80m,,,,,1048,True,Jumps,732,1013,1238.5,M,False,2,2025-02-15,2025-02-15,False,,,,,562,
3953,92991,122,5606,,,,,,,,38,,5.83m,,,,,1048,True,Jumps,672,960,1152.0,M,False,2,2025-02-15,2025-02-15,False,,,,,456,
4134,92992,122,5606,,,,,,,,39,,12.43m,,,,,1048,True,Jumps,686,957,1164.5,M,False,2,2025-02-15,2025-02-15,False,,,,,471,
19120,93142,1,21425,,,,,,,,24,,4:30.85,,,,,1055,True,Relays,233,704,585.0,M,False,2,2025-02-22,2025-02-22,False,66.2,,749.63,,187,
19137,93161,1,24661,Jr,,,,,,,38,,5.87m,,,,,1055,True,Jumps,681,968,1165.0,M,False,2,2025-02-22,2025-02-22,False,,,,,465,
19175,93032,56,21405,,,,,,,,24,,4:15.84,,,,,1055,True,Relays,346,806,749.0,M,False,2,2025-02-22,2025-02-22,False,70.63,,841.46,,273,
19238,93096,56,3578,,,,,,,,38,,6.33m,,,,,1055,True,Jumps,778,1068,1312.0,M,False,2,2025-02-22,2025-02-22,False,,,,,564,
19239,93097,56,24396,,,,,,,,38,,5.31m,,,,,1055,True,Jumps,564,848,988.0,M,False,2,2025-02-22,2025-02-22,False,,,,,339,
19240,93098,56,24396,,,,,,,,39,,10.47m,,,,,1055,True,Jumps,487,760,867.0,M,False,2,2025-02-22,2025-02-22,False,,,,,257,
20002,93308,118,11303,,24720.0,,19422.0,,11323.0,,24,,4:06.47,,,,,1059,True,Relays,427,874,864.0,M,False,2,2025-02-21,2025-02-21,False,73.7,,904.45,,332,
20031,93306,118,19422,,,,,,,,38,,4.25m,,,,,1059,True,Jumps,347,622,658.0,M,False,2,2025-02-21,2025-02-21,False,,,,,81,
21045,93856,61,4036,,382.0,,4626.0,,2259.0,,24,,3:48.26,,,,,1071,True,Relays,610,1013,1116.5,M,False,2,2025-02-22,2025-02-22,False,80.49,,1041.67,,460,
21046,93857,61,24978,,19564.0,,24857.0,,4622.0,,24,,3:50.83,,,,,1071,True,Relays,582,993,1078.5,M,False,2,2025-02-22,2025-02-22,False,79.46,,1020.99,,441,
21047,93858,61,4038,,,,,,,,40,,1.88m,,,,,1071,True,Jumps,801,1091,1346.5,M,False,2,2025-02-22,2025-02-22,False,,,,,626,
21048,93859,61,4036,,,,,,,,40,,1.78m,,,,,1071,True,Jumps,715,994,1212.0,M,False,2,2025-02-22,2025-02-22,False,,,,,546,
21049,93860,61,24854,,,,,,,,40,,1.78m,,,,,1071,True,Jumps,715,994,1212.0,M,False,2,2025-02-22,2025-02-22,False,,,,,546,
21050,93861,61,4621,,,,,,,,38,,6.54m,,,,,1071,True,Jumps,822,1114,1379.0,M,False,2,2025-02-22,2025-02-22,False,,,,,608,
21051,93862,61,24852,,,,,,,,38,,6.11m,,,,,1071,True,Jumps,731,1020,1241.0,M,False,2,2025-02-22,2025-02-22,False,,,,,517,
21052,93863,61,2289,,,,,,,,38,,5.90m,,,,,1071,True,Jumps,687,975,1174.5,M,False,2,2025-02-22,2025-02-22,False,,,,,472,
21053,93864,61,25304,,,,,,,,38,,5.83m,,,,,1071,True,Jumps,672,960,1152.0,M,False,2,2025-02-22,2025-02-22,False,,,,,456,
21054,93865,61,25302,,,,,,,,38,,5.41m,,,,,1071,True,Jumps,585,869,1019.5,M,False,2,2025-02-22,2025-02-22,False,,,,,362,
21055,93866,61,24852,,,,,,,,39,,12.84m,,,,,1071,True,Jumps,728,998,1227.0,M,False,2,2025-02-22,2025-02-22,False,,,,,514,
21111,93587,204,25264,,,,,,,,40,,1.78m,,,,,1067,True,Jumps,715,994,1212.0,M,False,2,2025-02-23,2025-02-23,False,,,,,546,
21112,93588,204,25261,,,,,,,,38,,6.36m,,,,,1067,True,Jumps,784,1075,1321.5,M,False,2,2025-02-23,2025-02-23,False,,,,,570,
21113,93589,204,25260,,,,,,,,38,,5.96m,,,,,1067,True,Jumps,700,988,1194.0,M,False,2,2025-02-23,2025-02-23,False,,,,,485,
21137,93613,205,3554,,,,,,,,38,,6.18m,,,,,1067,True,Jumps,746,1036,1264.0,M,False,2,2025-02-23,2025-02-23,False,,,,,532,
21228,93688,203,4410,,,,,,,,40,,1.85m,,,,,1069,True,Jumps,775,1062,1306.0,M,False,2,2025-02-22,2025-02-22,False,,,,,602,
21229,93689,203,25282,,,,,,,,40,,1.75m,,,,,1069,True,Jumps,689,965,1171.5,M,False,2,2025-02-22,2025-02-22,False,,,,,522,
21230,93690,203,25283,,,,,,,,40,,1.75m,,,,,1069,True,Jumps,689,965,1171.5,M,False,2,2025-02-22,2025-02-22,False,,,,,522,
21231,93691,203,4408,,,,,,,,40,,1.70m,,,,,1069,True,Jumps,646,916,1104.0,M,False,2,2025-02-22,2025-02-22,False,,,,,481,
21233,93693,203,24559,,,,,,,,38,,6.12m,,,,,1069,True,Jumps,733,1023,1244.5,M,False,2,2025-02-22,2025-02-22,False,,,,,519,
21234,93694,203,25284,,,,,,,,38,,5.80m,,,,,1069,True,Jumps,666,953,1142.5,M,False,2,2025-02-22,2025-02-22,False,,,,,450,
21235,93695,203,24918,,,,,,,,38,,4.75m,,,,,1069,True,Jumps,449,728,813.0,M,False,2,2025-02-22,2025-02-22,False,,,,,206,
21236,93696,203,4413,,,,,,,,38,,5.88m,,,,,1069,True,Jumps,683,970,1168.0,M,False,2,2025-02-22,2025-02-22,False,,,,,467,
21237,93697,203,24558,,,,,,,,38,,5.75m,,,,,1069,True,Jumps,656,942,1127.0,M,False,2,2025-02-22,2025-02-22,False,,,,,439,
21238,93698,203,25282,,,,,,,,38,,5.19m,,,,,1069,True,Jumps,539,822,950.0,M,False,2,2025-02-22,2025-02-22,False,,,,,311,
21239,93699,203,4410,,,,,,,,39,,12.30m,,,,,1069,True,Jumps,673,944,1145.0,M,False,2,2025-02-22,2025-02-22,False,,,,,458,
21240,93700,203,24559,,,,,,,,39,,11.99m,,,,,1069,True,Jumps,641,912,1097.0,M,False,2,2025-02-22,2025-02-22,False,,,,,425,
21241,93701,203,25285,,,,,,,,39,,11.57m,,,,,1069,True,Jumps,598,870,1033.0,M,False,2,2025-02-22,2025-02-22,False,,,,,379,
21242,93702,203,25284,,,,,,,,39,,11.34m,,,,,1069,True,Jumps,575,847,998.5,M,False,2,2025-02-22,2025-02-22,False,,,,,354,
21243,93703,203,24558,,,,,,,,39,,11.32m,,,,,1069,True,Jumps,573,845,995.5,M,False,2,2025-02-22,2025-02-22,False,,,,,352,
21244,93704,203,25282,,,,,,,,39,,11.04m,,,,,1069,True,Jumps,544,817,952.5,M,False,2,2025-02-22,2025-02-22,False,,,,,321,
21289,93720,198,25293,,,,,,,,38,,5.66m,,,,,1070,True,Jumps,637,923,1098.5,M,False,2,2025-02-22,2025-02-22,False,,,,,419,
21290,93721,198,25291,,,,,,,,38,,5.03m,,,,,1070,True,Jumps,506,788,900.0,M,False,2,2025-02-22,2025-02-22,False,,,,,274,
21291,93722,198,25293,,,,,,,,39,,11.60m,,,,,1070,True,Jumps,601,873,1037.5,M,False,2,2025-02-22,2025-02-22,False,,,,,383,
21335,93753,202,3508,,24368.0,,24370.0,,24363.0,,24,,3:35.00,,,,,1070,True,Relays,763,1121,1323.5,M,False,2,2025-02-22,2025-02-22,False,86.26,,1156.21,,567,
21336,93754,202,24372,,,,,,,,38,,6.13m,,,,,1070,True,Jumps,735,1025,1247.5,M,False,2,2025-02-22,2025-02-22,False,,,,,521,
21337,93755,202,3512,,,,,,,,38,,6.52m,,,,,1070,True,Jumps,818,1110,1373.0,M,False,2,2025-02-22,2025-02-22,False,,,,,604,
21338,93756,202,24363,,,,,,,,39,,11.29m,,,,,1070,True,Jumps,570,842,991.0,M,False,2,2025-02-22,2025-02-22,False,,,,,349,
21339,93757,202,24372,,,,,,,,39,,13.45m,,,,,1070,True,Jumps,791,1060,1321.0,M,False,2,2025-02-22,2025-02-22,False,,,,,576,
21340,93758,202,3515,,,,,,,,39,,13.18m,,,,,1070,True,Jumps,763,1033,1279.5,M,False,2,2025-02-22,2025-02-22,False,,,,,549,
21700,93854,61,24979,,25305.0,,5745.0,,4623.0,,24,,3:35.07,,,,,1071,True,Relays,763,1120,1323.0,M,False,2,2025-02-22,2025-02-22,False,86.22,,1155.56,,567,
21706,93855,61,2273,,24980.0,,21471.0,,24855.0,,24,,3:40.65,,,,,1071,True,Relays,696,1074,1233.0,M,False,2,2025-02-22,2025-02-22,False,83.7,,1105.72,,520,
27384,95757,59,1638,,24996.0,,19362.0,,25554.0,,22,,1:44.42,,,,,1084,True,Relays,488,955,965.5,M,False,2,2025-03-01,2025-03-01,False,,,,,,
27385,95758,56,4458,,24393.0,,3569.0,,25564.0,,22,,1:45.02,,,,,1084,True,Relays,474,945,946.5,M,False,2,2025-03-01,2025-03-01,False,,,,,,
27386,95759,44,4870,,4135.0,,25568.0,,25569.0,,22,,1:45.24,,,,,1084,True,Relays,468,941,938.5,M,False,2,2025-03-01,2025-03-01,False,,,,,,
27387,95760,117,3997,,4097.0,,24694.0,,25562.0,,22,,1:45.84,,,,,1084,True,Relays,454,930,919.0,M,False,2,2025-03-01,2025-03-01,False,,,,,,
27388,95761,111,25570,,18791.0,,25540.0,,25073.0,,22,,1:46.80,,,,,1084,True,Relays,431,913,887.5,M,False,2,2025-03-01,2025-03-01,False,,,,,,
27389,95762,58,3926,,24840.0,,24842.0,,24844.0,,22,,1:46.98,,,,,1084,True,Relays,427,910,882.0,M,False,2,2025-03-01,2025-03-01,False,,,,,,
27390,95763,49,3781,,25145.0,,19503.0,,2995.0,,22,,1:48.30,,,,,1084,True,Relays,397,888,841.0,M,False,2,2025-03-01,2025-03-01,False,,,,,,
27391,95764,62,25548,,4931.0,,25544.0,,25525.0,,22,,1:51.55,,,,,1084,True,Relays,328,833,744.5,M,False,2,2025-03-01,2025-03-01,False,,,,,,
27392,95765,56,4111,,3578.0,,128.0,,4460.0,,24,,3:27.11,,,,,1084,True,Relays,863,1188,1457.0,M,False,2,2025-03-01,2025-03-01,False,90.09,,1231.32,,638,
27393,95766,61,4623,,5745.0,,24979.0,,25305.0,,24,,3:29.85,,,,,1084,True,Relays,828,1164,1410.0,M,False,2,2025-03-01,2025-03-01,False,88.72,,1204.59,,613,
27394,95767,59,1639,,11372.0,,24997.0,,3912.0,,24,,3:29.88,,,,,1084,True,Relays,827,1164,1409.0,M,False,2,2025-03-01,2025-03-01,False,88.71,,1204.31,,612,
27395,95768,117,3996,,24695.0,,25083.0,,156.0,,24,,3:37.46,,,,,1084,True,Relays,734,1101,1284.5,M,False,2,2025-03-01,2025-03-01,False,85.12,,1133.9,,546,
27396,95769,167,466,,666.0,,467.0,,673.0,,24,,3:37.55,,,,,1084,True,Relays,733,1100,1283.0,M,False,2,2025-03-01,2025-03-01,False,85.08,,1133.09,,546,
27397,95770,36,19578,,19576.0,,4883.0,,4878.0,,24,,3:41.08,,,,,1084,True,Relays,691,1071,1226.5,M,False,2,2025-03-01,2025-03-01,False,83.51,,1101.98,,516,
27398,95772,120,327,,344.0,,24835.0,,24837.0,,24,,3:47.43,,,,,1084,True,Relays,619,1020,1129.0,M,False,2,2025-03-01,2025-03-01,False,80.83,,1048.44,,466,
27399,95773,127,4516,,24388.0,,4936.0,,24387.0,,24,,3:49.86,,,,,1084,True,Relays,593,1001,1093.5,M,False,2,2025-03-01,2025-03-01,False,79.84,,1028.74,,448,
27400,95775,60,3386,,4901.0,,3393.0,,19364.0,,24,,3:57.47,,,,,1084,True,Relays,513,941,983.5,M,False,2,2025-03-01,2025-03-01,False,76.91,,969.64,,393,
27401,95776,37,18807,,3402.0,,25546.0,,25551.0,,24,,3:57.66,,,,,1084,True,Relays,512,940,982.0,M,False,2,2025-03-01,2025-03-01,False,76.84,,968.21,,391,
27402,95777,111,25570,,18131.0,,8005.0,,8011.0,,24,,4:20.22,,,,,1084,True,Relays,311,776,699.0,M,False,2,2025-03-01,2025-03-01,False,69.27,,813.57,,247,
27403,95774,44,2214,,2217.0,,25549.0,,19536.0,,24,,3:54.06,,,,,1084,True,Relays,548,968,1032.0,M,False,2,2025-03-01,2025-03-01,False,78.2,,995.64,,417,
28111,95674,59,3900,,,,,,,,40,,1.97m,,,,,1084,True,Jumps,879,1180,1469.0,M,False,2,2025-03-01,2025-03-01,False,,,,,696,
28112,95675,61,4038,,,,,,,,40,,1.90m,,,,,1084,True,Jumps,818,1111,1373.5,M,False,2,2025-03-01,2025-03-01,False,,,,,641,
28113,95676,116,4143,,,,,,,,40,,1.80m,,,,,1084,True,Jumps,732,1013,1238.5,M,False,2,2025-03-01,2025-03-01,False,,,,,562,
28114,95677,122,5606,,,,,,,,40,,1.80m,,,,,1084,True,Jumps,732,1013,1238.5,M,False,2,2025-03-01,2025-03-01,False,,,,,562,
28115,95678,56,3578,,,,,,,,40,,1.75m,,,,,1084,True,Jumps,689,965,1171.5,M,False,2,2025-03-01,2025-03-01,False,,,,,522,
28116,95679,56,3571,,,,,,,,40,,1.75m,,,,,1084,True,Jumps,689,965,1171.5,M,False,2,2025-03-01,2025-03-01,False,,,,,522,
28117,95680,59,25554,,,,,,,,40,,1.70m,,,,,1084,True,Jumps,646,916,1104.0,M,False,2,2025-03-01,2025-03-01,False,,,,,481,
28118,95681,61,4036,,,,,,,,40,,1.65m,,,,,1084,True,Jumps,604,868,1038.0,M,False,2,2025-03-01,2025-03-01,False,,,,,439,
28119,95682,124,24423,,,,,,,,40,,1.65m,,,,,1084,True,Jumps,604,868,1038.0,M,False,2,2025-03-01,2025-03-01,False,,,,,439,
28120,95683,56,3809,,,,,,,,40,,1.65m,,,,,1084,True,Jumps,604,868,1038.0,M,False,2,2025-03-01,2025-03-01,False,,,,,439,
28121,95684,120,338,,,,,,,,40,,1.60m,,,,,1084,True,Jumps,561,820,971.0,M,False,2,2025-03-01,2025-03-01,False,,,,,397,
28122,95685,61,1662,,,,,,,,40,,1.55m,,,,,1084,True,Jumps,519,773,905.5,M,False,2,2025-03-01,2025-03-01,False,,,,,354,
28123,95686,59,1632,,,,,,,,40,,1.55m,,,,,1084,True,Jumps,519,773,905.5,M,False,2,2025-03-01,2025-03-01,False,,,,,354,
28124,95687,59,1631,,,,,,,,40,,1.50m,,,,,1084,True,Jumps,477,725,839.5,M,False,2,2025-03-01,2025-03-01,False,,,,,310,
28125,95688,59,4081,,,,,,,,40,,1.45m,,,,,1084,True,Jumps,435,678,774.0,M,False,2,2025-03-01,2025-03-01,False,,,,,266,
28126,95689,43,25561,,,,,,,,40,,1.45m,,,,,1084,True,Jumps,435,678,774.0,M,False,2,2025-03-01,2025-03-01,False,,,,,266,
28127,95690,111,25075,,,,,,,,40,,1.45m,,,,,1084,True,Jumps,435,678,774.0,M,False,2,2025-03-01,2025-03-01,False,,,,,266,
28128,95691,56,3578,,,,,,,,38,,6.52m,,,,,1084,True,Jumps,818,1110,1373.0,M,False,2,2025-03-01,2025-03-01,False,,,,,604,
28129,95692,59,24407,,,,,,,,38,,6.32m,,,,,1084,True,Jumps,775,1066,1308.0,M,False,2,2025-03-01,2025-03-01,False,,,,,562,
28130,95693,56,4462,,,,,,,,38,,6.29m,,,,,1084,True,Jumps,769,1060,1299.0,M,False,2,2025-03-01,2025-03-01,False,,,,,555,
28131,95694,117,25562,,,,,,,,38,,6.22m,,,,,1084,True,Jumps,754,1044,1276.0,M,False,2,2025-03-01,2025-03-01,False,,,,,541,
28132,95695,124,3845,,,,,,,,38,,6.16m,,,,,1084,True,Jumps,742,1031,1257.5,M,False,2,2025-03-01,2025-03-01,False,,,,,528,
28133,95696,56,25563,,,,,,,,38,,6.09m,,,,,1084,True,Jumps,727,1016,1235.0,M,False,2,2025-03-01,2025-03-01,False,,,,,513,
28134,95697,61,4621,,,,,,,,38,,6.08m,,,,,1084,True,Jumps,725,1014,1232.0,M,False,2,2025-03-01,2025-03-01,False,,,,,511,
28135,95698,120,25511,,,,,,,,38,,5.95m,,,,,1084,True,Jumps,698,986,1191.0,M,False,2,2025-03-01,2025-03-01,False,,,,,482,
28136,95699,108,3985,,,,,,,,38,,5.84m,,,,,1084,True,Jumps,675,962,1156.0,M,False,2,2025-03-01,2025-03-01,False,,,,,458,
28137,95700,61,2289,,,,,,,,38,,5.74m,,,,,1084,True,Jumps,654,940,1124.0,M,False,2,2025-03-01,2025-03-01,False,,,,,436,
28138,95701,56,25564,,,,,,,,38,,5.72m,,,,,1084,True,Jumps,649,936,1117.0,M,False,2,2025-03-01,2025-03-01,False,,,,,432,
28139,95702,56,4457,,,,,,,,38,,5.65m,,,,,1084,True,Jumps,635,921,1095.5,M,False,2,2025-03-01,2025-03-01,False,,,,,416,
28140,95703,59,25554,,,,,,,,38,,5.51m,,,,,1084,True,Jumps,606,891,1051.5,M,False,2,2025-03-01,2025-03-01,False,,,,,385,
28141,95704,1,24661,,,,,,,,38,,5.46m,,,,,1084,True,Jumps,595,880,1035.0,M,False,2,2025-03-01,2025-03-01,False,,,,,373,
28142,95705,61,25304,,,,,,,,38,,5.45m,,,,,1084,True,Jumps,593,878,1032.0,M,False,2,2025-03-01,2025-03-01,False,,,,,371,
28143,95706,43,25565,,,,,,,,38,,5.42m,,,,,1084,True,Jumps,587,871,1022.5,M,False,2,2025-03-01,2025-03-01,False,,,,,364,
28144,95707,56,24985,,,,,,,,38,,5.40m,,,,,1084,True,Jumps,583,867,1016.5,M,False,2,2025-03-01,2025-03-01,False,,,,,360,
28145,95708,44,25520,,,,,,,,38,,5.26m,,,,,1084,True,Jumps,554,837,972.5,M,False,2,2025-03-01,2025-03-01,False,,,,,328,
28146,95709,56,24396,,,,,,,,38,,5.20m,,,,,1084,True,Jumps,541,824,953.0,M,False,2,2025-03-01,2025-03-01,False,,,,,314,
28147,95710,37,25522,,,,,,,,38,,5.20m,,,,,1084,True,Jumps,541,824,953.0,M,False,2,2025-03-01,2025-03-01,False,,,,,314,
28148,95711,116,4537,,,,,,,,38,,5.18m,,,,,1084,True,Jumps,537,820,947.0,M,False,2,2025-03-01,2025-03-01,False,,,,,309,
28149,95712,61,25302,,,,,,,,38,,5.16m,,,,,1084,True,Jumps,533,815,940.5,M,False,2,2025-03-01,2025-03-01,False,,,,,304,
28150,95713,56,24402,,,,,,,,38,,5.11m,,,,,1084,True,Jumps,523,805,925.5,M,False,2,2025-03-01,2025-03-01,False,,,,,293,
28151,95714,56,3571,,,,,,,,38,,5.11m,,,,,1084,True,Jumps,523,805,925.5,M,False,2,2025-03-01,2025-03-01,False,,,,,293,
28152,95715,37,5339,,,,,,,,38,,5.04m,,,,,1084,True,Jumps,508,790,903.0,M,False,2,2025-03-01,2025-03-01,False,,,,,276,
28153,95716,1,18736,,,,,,,,38,,4.99m,,,,,1084,True,Jumps,498,779,887.5,M,False,2,2025-03-01,2025-03-01,False,,,,,264,
28154,95717,59,1632,,,,,,,,38,,4.80m,,,,,1084,True,Jumps,459,739,828.5,M,False,2,2025-03-01,2025-03-01,False,,,,,219,
28155,95718,59,1631,,,,,,,,38,,4.55m,,,,,1084,True,Jumps,408,686,751.0,M,False,2,2025-03-01,2025-03-01,False,,,,,157,
28156,95719,59,3904,,,,,,,,38,,4.44m,,,,,1084,True,Jumps,385,663,716.5,M,False,2,2025-03-01,2025-03-01,False,,,,,130,
28157,95720,36,19586,,,,,,,,38,,4.38m,,,,,1084,True,Jumps,373,650,698.0,M,False,2,2025-03-01,2025-03-01,False,,,,,114,
28159,95721,59,4081,,,,,,,,38,,4.25m,,,,,1084,True,Jumps,347,622,658.0,M,False,2,2025-03-01,2025-03-01,False,,,,,81,
28160,95722,59,2788,,,,,,,,38,,4.16m,,,,,1084,True,Jumps,328,604,630.0,M,False,2,2025-03-01,2025-03-01,False,,,,,58,
28161,95723,56,24983,,,,,,,,38,,4.06m,,,,,1084,True,Jumps,308,583,599.5,M,False,2,2025-03-01,2025-03-01,False,,,,,32,
28162,95724,108,23483,,,,,,,,38,,3.91m,,,,,1084,True,Jumps,278,551,553.5,M,False,2,2025-03-01,2025-03-01,False,,,,,0,
28163,95725,36,4883,,,,,,,,38,,3.88m,,,,,1084,True,Jumps,272,545,544.5,M,False,2,2025-03-01,2025-03-01,False,,,,,0,
28164,95726,59,4083,,,,,,,,39,,13.30m,,,,,1084,True,Jumps,775,1045,1297.5,M,False,2,2025-03-01,2025-03-01,False,,,,,561,
28165,95727,61,24852,,,,,,,,39,,12.98m,,,,,1084,True,Jumps,742,1012,1248.0,M,False,2,2025-03-01,2025-03-01,False,,,,,528,
28166,95728,122,5606,,,,,,,,39,,12.84m,,,,,1084,True,Jumps,728,998,1227.0,M,False,2,2025-03-01,2025-03-01,False,,,,,514,
28167,95729,56,25564,,,,,,,,39,,12.41m,,,,,1084,True,Jumps,684,955,1161.5,M,False,2,2025-03-01,2025-03-01,False,,,,,469,
28168,95730,56,3578,,,,,,,,39,,12.38m,,,,,1084,True,Jumps,681,952,1157.0,M,False,2,2025-03-01,2025-03-01,False,,,,,466,
28169,95731,56,4110,,,,,,,,39,,12.11m,,,,,1084,True,Jumps,653,924,1115.0,M,False,2,2025-03-01,2025-03-01,False,,,,,437,
28170,95732,56,4458,,,,,,,,39,,11.72m,,,,,1084,True,Jumps,613,885,1055.5,M,False,2,2025-03-01,2025-03-01,False,,,,,396,
28171,95733,56,24392,,,,,,,,39,,11.67m,,,,,1084,True,Jumps,608,880,1048.0,M,False,2,2025-03-01,2025-03-01,False,,,,,390,
28172,95734,116,25566,,,,,,,,39,,11.36m,,,,,1084,True,Jumps,577,849,1001.5,M,False,2,2025-03-01,2025-03-01,False,,,,,356,
28173,95735,61,4941,,,,,,,,39,,11.23m,,,,,1084,True,Jumps,564,836,982.0,M,False,2,2025-03-01,2025-03-01,False,,,,,342,
28174,95736,117,25085,,,,,,,,39,,10.78m,,,,,1084,True,Jumps,518,791,913.5,M,False,2,2025-03-01,2025-03-01,False,,,,,292,
28175,95737,56,24396,,,,,,,,39,,10.66m,,,,,1084,True,Jumps,506,779,895.5,M,False,2,2025-03-01,2025-03-01,False,,,,,278,
28176,95738,59,25560,,,,,,,,39,,10.20m,,,,,1084,True,Jumps,460,734,827.0,M,False,2,2025-03-01,2025-03-01,False,,,,,226,
28177,95739,56,4111,,24984.0,,24391.0,,3578.0,,22,,1:31.05,,,,,1084,True,Relays,874,1208,1478.0,M,False,2,2025-03-01,2025-03-01,False,,,,,,
28178,95740,124,24409,,24415.0,,3871.0,,3843.0,,22,,1:33.33,,,,,1084,True,Relays,800,1163,1381.5,M,False,2,2025-03-01,2025-03-01,False,,,,,,
28179,95741,117,25083,,3996.0,,4924.0,,24695.0,,22,,1:33.75,,,,,1084,True,Relays,787,1154,1364.0,M,False,2,2025-03-01,2025-03-01,False,,,,,,
28180,95742,59,4083,,3908.0,,3912.0,,24407.0,,22,,1:34.29,,,,,1084,True,Relays,770,1144,1342.0,M,False,2,2025-03-01,2025-03-01,False,,,,,,
28181,95743,116,24631,,24630.0,,24635.0,,24629.0,,22,,1:34.41,,,,,1084,True,Relays,766,1141,1336.5,M,False,2,2025-03-01,2025-03-01,False,,,,,,
28182,95744,108,3642,,25515.0,,24702.0,,25517.0,,22,,1:35.89,,,,,1084,True,Relays,721,1113,1277.5,M,False,2,2025-03-01,2025-03-01,False,,,,,,
28183,95745,117,25082,,4095.0,,5668.0,,24692.0,,22,,1:36.24,,,,,1084,True,Relays,711,1106,1264.0,M,False,2,2025-03-01,2025-03-01,False,,,,,,
28184,95746,59,4077,,3916.0,,1624.0,,3907.0,,22,,1:36.36,,,,,1084,True,Relays,707,1104,1259.0,M,False,2,2025-03-01,2025-03-01,False,,,,,,
28185,95747,43,25513,,25512.0,,25565.0,,25516.0,,22,,1:37.27,,,,,1084,True,Relays,681,1087,1224.5,M,False,2,2025-03-01,2025-03-01,False,,,,,,
28186,95748,56,24401,,24392.0,,4461.0,,4110.0,,22,,1:37.67,,,,,1084,True,Relays,669,1079,1208.5,M,False,2,2025-03-01,2025-03-01,False,,,,,,
28187,95749,61,4941,,5633.0,,24855.0,,24976.0,,22,,1:39.16,,,,,1084,True,Relays,627,1051,1152.5,M,False,2,2025-03-01,2025-03-01,False,,,,,,
28188,95750,61,4944,,4623.0,,4621.0,,24978.0,,22,,1:39.18,,,,,1084,True,Relays,626,1051,1151.5,M,False,2,2025-03-01,2025-03-01,False,,,,,,
28189,95751,61,4050,,25521.0,,25305.0,,25302.0,,22,,1:39.77,,,,,1084,True,Relays,610,1040,1130.0,M,False,2,2025-03-01,2025-03-01,False,,,,,,
28190,95753,61,4036,,25304.0,,25567.0,,4622.0,,22,,1:40.86,,,,,1084,True,Relays,580,1020,1090.0,M,False,2,2025-03-01,2025-03-01,False,,,,,,
28191,95754,117,25518,,24693.0,,47.0,,25089.0,,22,,1:40.94,,,,,1084,True,Relays,578,1018,1087.0,M,False,2,2025-03-01,2025-03-01,False,,,,,,
28192,95755,116,24632,,3943.0,,3949.0,,25566.0,,22,,1:41.32,,,,,1084,True,Relays,568,1011,1073.5,M,False,2,2025-03-01,2025-03-01,False,,,,,,
28193,95756,56,24983,,24985.0,,24398.0,,10914.0,,22,,1:43.56,,,,,1084,True,Relays,509,971,994.5,M,False,2,2025-03-01,2025-03-01,False,,,,,,
28194,95778,56,4111,,24984.0,,3415.0,,128.0,,29,,3:35.66,,,,,1084,True,Relays,0,0,0.0,M,False,2,2025-03-01,2025-03-01,False,,,,,,
28195,95779,124,3871,,3843.0,,24409.0,,2860.0,,29,,3:36.45,,,,,1084,True,Relays,0,0,0.0,M,False,2,2025-03-01,2025-03-01,False,,,,,,
28196,95780,61,4623,,4622.0,,4944.0,,24979.0,,29,,3:38.49,,,,,1084,True,Relays,0,0,0.0,M,False,2,2025-03-01,2025-03-01,False,,,,,,
28197,95781,117,24690,,3996.0,,8057.0,,8060.0,,29,,3:47.39,,,,,1084,True,Relays,0,0,0.0,M,False,2,2025-03-01,2025-03-01,False,,,,,,
28198,95782,56,24401,,3574.0,,4460.0,,152.0,,29,,3:47.59,,,,,1084,True,Relays,0,0,0.0,M,False,2,2025-03-01,2025-03-01,False,,,,,,
28199,95783,108,25515,,25517.0,,24566.0,,24703.0,,29,,3:47.76,,,,,1084,True,Relays,0,0,0.0,M,False,2,2025-03-01,2025-03-01,False,,,,,,
28200,95784,124,2861,,1997.0,,2859.0,,3832.0,,29,,3:55.01,,,,,1084,True,Relays,0,0,0.0,M,False,2,2025-03-01,2025-03-01,False,,,,,,
28201,95785,61,24976,,4626.0,,2289.0,,4046.0,,29,,3:55.94,,,,,1084,True,Relays,0,0,0.0,M,False,2,2025-03-01,2025-03-01,False,,,,,,
28202,95786,117,24692,,25082.0,,47.0,,140.0,,29,,3:59.10,,,,,1084,True,Relays,0,0,0.0,M,False,2,2025-03-01,2025-03-01,False,,,,,,
28203,95787,44,4870,,2218.0,,2220.0,,4873.0,,29,,3:59.99,,,,,1084,True,Relays,0,0,0.0,M,False,2,2025-03-01,2025-03-01,False,,,,,,
28204,95788,56,24393,,24985.0,,25571.0,,3801.0,,29,,4:00.71,,,,,1084,True,Relays,0,0,0.0,M,False,2,2025-03-01,2025-03-01,False,,,,,,
28205,95789,59,1638,,3902.0,,1624.0,,4077.0,,29,,4:01.89,,,,,1084,True,Relays,0,0,0.0,M,False,2,2025-03-01,2025-03-01,False,,,,,,
28206,95790,117,4097,,24695.0,,25089.0,,161.0,,29,,4:02.50,,,,,1084,True,Relays,0,0,0.0,M,False,2,2025-03-01,2025-03-01,False,,,,,,
28207,95791,56,25572,,4461.0,,10914.0,,24986.0,,29,,4:06.21,,,,,1084,True,Relays,0,0,0.0,M,False,2,2025-03-01,2025-03-01,False,,,,,,
28208,95792,120,345,,344.0,,25519.0,,8019.0,,29,,4:06.81,,,,,1084,True,Relays,0,0,0.0,M,False,2,2025-03-01,2025-03-01,False,,,,,,
28209,95794,127,4516,,24388.0,,24387.0,,11.0,,29,,4:12.34,,,,,1084,True,Relays,0,0,0.0,M,False,2,2025-03-01,2025-03-01,False,,,,,,
28210,95795,124,24735,,11307.0,,25537.0,,21237.0,,29,,4:16.29,,,,,1084,True,Relays,0,0,0.0,M,False,2,2025-03-01,2025-03-01,False,,,,,,
28211,95796,56,128,,123.0,,3415.0,,25529.0,,26,,7:51.13,,,,,1084,True,Relays,0,0,0.0,M,False,2,2025-03-01,2025-03-01,False,,,,,,
28212,95797,167,466,,467.0,,673.0,,666.0,,26,,7:53.00,,,,,1084,True,Relays,0,0,0.0,M,False,2,2025-03-01,2025-03-01,False,,,,,,
28213,95798,61,5745,,1658.0,,19539.0,,24979.0,,26,,8:05.74,,,,,1084,True,Relays,0,0,0.0,M,False,2,2025-03-01,2025-03-01,False,,,,,,
28214,95799,49,2263,,3782.0,,2260.0,,18.0,,26,,8:06.38,,,,,1084,True,Relays,0,0,0.0,M,False,2,2025-03-01,2025-03-01,False,,,,,,
28215,95800,117,8046,,8057.0,,8060.0,,23472.0,,26,,8:14.88,,,,,1084,True,Relays,0,0,0.0,M,False,2,2025-03-01,2025-03-01,False,,,,,,
28216,95801,108,24703,,10.0,,6342.0,,124.0,,26,,8:19.75,,,,,1084,True,Relays,0,0,0.0,M,False,2,2025-03-01,2025-03-01,False,,,,,,
28217,95802,1,18736,,7.0,,18730.0,,18728.0,,26,,8:19.94,,,,,1084,True,Relays,0,0,0.0,M,False,2,2025-03-01,2025-03-01,False,,,,,,
28218,95803,56,3804,,152.0,,163.0,,19600.0,,26,,8:25.04,,,,,1084,True,Relays,0,0,0.0,M,False,2,2025-03-01,2025-03-01,False,,,,,,
28219,95804,59,1639,,11372.0,,21472.0,,24997.0,,26,,8:25.97,,,,,1084,True,Relays,0,0,0.0,M,False,2,2025-03-01,2025-03-01,False,,,,,,
28220,95805,124,11307,,24735.0,,24809.0,,11304.0,,26,,8:29.06,,,,,1084,True,Relays,0,0,0.0,M,False,2,2025-03-01,2025-03-01,False,,,,,,
28221,95806,117,192,,31.0,,156.0,,6.0,,26,,8:30.29,,,,,1084,True,Relays,0,0,0.0,M,False,2,2025-03-01,2025-03-01,False,,,,,,
28222,95807,167,743,,18977.0,,19386.0,,19384.0,,26,,8:34.27,,,,,1084,True,Relays,0,0,0.0,M,False,2,2025-03-01,2025-03-01,False,,,,,,
28223,95808,124,5500,,3838.0,,11308.0,,2005.0,,26,,8:36.28,,,,,1084,True,Relays,0,0,0.0,M,False,2,2025-03-01,2025-03-01,False,,,,,,
28224,95810,120,18787,,8019.0,,24836.0,,24835.0,,26,,8:40.31,,,,,1084,True,Relays,0,0,0.0,M,False,2,2025-03-01,2025-03-01,False,,,,,,
28225,95811,59,19362,,24996.0,,11370.0,,1632.0,,26,,8:40.88,,,,,1084,True,Relays,0,0,0.0,M,False,2,2025-03-01,2025-03-01,False,,,,,,
28226,95812,61,4046,,2273.0,,25573.0,,1663.0,,26,,8:41.44,,,,,1084,True,Relays,0,0,0.0,M,False,2,2025-03-01,2025-03-01,False,,,,,,
28227,95813,44,2220,,4138.0,,19536.0,,19558.0,,26,,8:43.82,,,,,1084,True,Relays,0,0,0.0,M,False,2,2025-03-01,2025-03-01,False,,,,,,
28228,95814,108,8048,,6407.0,,23475.0,,8084.0,,26,,8:44.45,,,,,1084,True,Relays,0,0,0.0,M,False,2,2025-03-01,2025-03-01,False,,,,,,
28229,95815,58,4868,,131.0,,170.0,,19538.0,,26,,8:44.51,,,,,1084,True,Relays,0,0,0.0,M,False,2,2025-03-01,2025-03-01,False,,,,,,
28230,95816,107,25574,,19407.0,,23473.0,,3620.0,,26,,8:47.47,,,,,1084,True,Relays,0,0,0.0,M,False,2,2025-03-01,2025-03-01,False,,,,,,
28231,95817,117,120,,182.0,,161.0,,25.0,,26,,8:50.74,,,,,1084,True,Relays,0,0,0.0,M,False,2,2025-03-01,2025-03-01,False,,,,,,
28232,95818,56,186,,24986.0,,25143.0,,3395.0,,26,,8:52.14,,,,,1084,True,Relays,0,0,0.0,M,False,2,2025-03-01,2025-03-01,False,,,,,,
28233,95819,60,19364,,7965.0,,4902.0,,3386.0,,26,,9:00.47,,,,,1084,True,Relays,0,0,0.0,M,False,2,2025-03-01,2025-03-01,False,,,,,,
28234,95820,62,8043,,25539.0,,169.0,,25534.0,,26,,9:00.79,,,,,1084,True,Relays,0,0,0.0,M,False,2,2025-03-01,2025-03-01,False,,,,,,
28235,95822,56,24399,,196.0,,147.0,,4854.0,,26,,9:02.91,,,,,1084,True,Relays,0,0,0.0,M,False,2,2025-03-01,2025-03-01,False,,,,,,
28236,95823,167,19381,,760.0,,2608.0,,19013.0,,26,,9:07.25,,,,,1084,True,Relays,0,0,0.0,M,False,2,2025-03-01,2025-03-01,False,,,,,,
28237,95824,127,11,,4936.0,,24387.0,,52.0,,26,,9:10.25,,,,,1084,True,Relays,0,0,0.0,M,False,2,2025-03-01,2025-03-01,False,,,,,,
28238,95825,59,1624,,1638.0,,3902.0,,3909.0,,26,,9:12.98,,,,,1084,True,Relays,0,0,0.0,M,False,2,2025-03-01,2025-03-01,False,,,,,,
28239,95826,120,335,,323.0,,21479.0,,25575.0,,26,,9:16.56,,,,,1084,True,Relays,0,0,0.0,M,False,2,2025-03-01,2025-03-01,False,,,,,,
28240,95827,61,2284,,1665.0,,4627.0,,25536.0,,26,,9:22.61,,,,,1084,True,Relays,0,0,0.0,M,False,2,2025-03-01,2025-03-01,False,,,,,,
28241,95829,117,188,,8073.0,,3339.0,,4006.0,,26,,9:24.62,,,,,1084,True,Relays,0,0,0.0,M,False,2,2025-03-01,2025-03-01,False,,,,,,
28242,95830,111,8011,,18131.0,,25570.0,,25076.0,,26,,9:25.03,,,,,1084,True,Relays,0,0,0.0,M,False,2,2025-03-01,2025-03-01,False,,,,,,
28243,95831,120,344,,338.0,,345.0,,24837.0,,26,,9:28.37,,,,,1084,True,Relays,0,0,0.0,M,False,2,2025-03-01,2025-03-01,False,,,,,,
28244,95832,61,19555,,25306.0,,4950.0,,21474.0,,26,,9:32.58,,,,,1084,True,Relays,0,0,0.0,M,False,2,2025-03-01,2025-03-01,False,,,,,,
28245,95834,61,25541,,10980.0,,25545.0,,24857.0,,26,,9:51.27,,,,,1084,True,Relays,0,0,0.0,M,False,2,2025-03-01,2025-03-01,False,,,,,,
28246,95835,124,2034,,19434.0,,21237.0,,24808.0,,26,,9:53.71,,,,,1084,True,Relays,0,0,0.0,M,False,2,2025-03-01,2025-03-01,False,,,,,,
28252,95752,56,3574,,24402.0,,4112.0,,3801.0,,22,,1:39.94,,,,,1084,True,Relays,605,1037,1123.5,M,False,2,2025-03-01,2025-03-01,False,,,,,,
28253,95793,43,4865,,3400.0,,20472.0,,25561.0,,29,,4:08.08,,,,,1084,True,Relays,0,0,0.0,M,False,2,2025-03-01,2025-03-01,False,,,,,,
28254,95821,43,4865,,20472.0,,20468.0,,3400.0,,26,,9:02.25,,,,,1084,True,Relays,0,0,0.0,M,False,2,2025-03-01,2025-03-01,False,,,,,,
28255,95833,43,5329,,42.0,,20476.0,,20479.0,,26,,9:45.05,,,,,1084,True,Relays,0,0,0.0,M,False,2,2025-03-01,2025-03-01,False,,,,,,
28256,95809,36,4890,,4889.0,,4883.0,,4891.0,,26,,8:38.82,,,,,1084,True,Relays,0,0,0.0,M,False,2,2025-03-01,2025-03-01,False,,,,,,
30538,96485,203,4410,,,,,,,,40,,1.88m,,,,,1087,True,Jumps,801,1091,1346.5,M,False,2,2025-03-02,2025-03-02,False,,,,,626,
30539,96486,203,4408,,,,,,,,40,,1.73m,,,,,1087,True,Jumps,672,945,1144.5,M,False,2,2025-03-02,2025-03-02,False,,,,,505,
30541,96488,203,24558,,,,,,,,38,,6.29m,,,,,1087,True,Jumps,769,1060,1299.0,M,False,2,2025-03-02,2025-03-02,False,,,,,555,
30542,96489,203,24918,,,,,,,,38,,5.34m,,,,,1087,True,Jumps,570,854,997.0,M,False,2,2025-03-02,2025-03-02,False,,,,,346,
30543,96490,203,25285,,,,,,,,38,,4.85m,,,,,1087,True,Jumps,469,749,843.5,M,False,2,2025-03-02,2025-03-02,False,,,,,231,
30544,96491,203,4413,,,,,,,,38,,6.27m,,,,,1087,True,Jumps,765,1055,1292.5,M,False,2,2025-03-02,2025-03-02,False,,,,,551,
30545,96492,203,4413,,,,,,,,39,,13.41m,,,,,1087,True,Jumps,787,1056,1315.0,M,False,2,2025-03-02,2025-03-02,False,,,,,572,
30546,96493,203,4410,,,,,,,,39,,12.53m,,,,,1087,True,Jumps,696,967,1179.5,M,False,2,2025-03-02,2025-03-02,False,,,,,482,
30547,96494,203,24558,,,,,,,,39,,12.29m,,,,,1087,True,Jumps,672,943,1143.5,M,False,2,2025-03-02,2025-03-02,False,,,,,456,
30548,96495,203,25285,,,,,,,,39,,10.94m,,,,,1087,True,Jumps,534,807,937.5,M,False,2,2025-03-02,2025-03-02,False,,,,,310,
31224,96666,174,25701,,,,,,,,26,,08:29.00,,,,,1090,True,Relays,0,0,0.0,M,False,2,2025-03-02,2025-03-02,False,,,,,,
31225,96667,204,25700,,,,,,,,26,,08:31.10,,,,,1090,True,Relays,0,0,0.0,M,False,2,2025-03-02,2025-03-02,False,,,,,,
31226,96668,178,25704,,,,,,,,26,,08:42.10,,,,,1090,True,Relays,0,0,0.0,M,False,2,2025-03-02,2025-03-02,False,,,,,,
31227,96669,175,25705,,,,,,,,26,,09:43.50,,,,,1090,True,Relays,0,0,0.0,M,False,2,2025-03-02,2025-03-02,False,,,,,,
31228,96670,220,25706,,,,,,,,26,,09:55.10,,,,,1090,True,Relays,0,0,0.0,M,False,2,2025-03-02,2025-03-02,False,,,,,,
31229,96671,204,25700,,,,,,,,22,,01:36.80,,,,,1090,True,Relays,694,1095,1241.5,M,False,2,2025-03-02,2025-03-02,False,,,,,,
31230,96672,174,25701,,,,,,,,22,,01:37.40,,,,,1090,True,Relays,677,1084,1219.0,M,False,2,2025-03-02,2025-03-02,False,,,,,,
31316,96673,206,25702,,,,,,,,22,,01:37.50,,,,,1090,True,Relays,674,1082,1215.0,M,False,2,2025-03-02,2025-03-02,False,,,,,,
31383,96674,199,25703,,,,,,,,22,,01:40.10,,,,,1090,True,Relays,601,1034,1118.0,M,False,2,2025-03-02,2025-03-02,False,,,,,,
31384,96680,220,18590,,25707.0,,25708.0,,25709.0,,22,,01:46.00,,,,,1090,True,Relays,450,927,913.5,M,False,2,2025-03-02,2025-03-02,False,,,,,,
31434,96867,204,25700,,,,,,,,24,,03:40.70,,,,,1090,True,Relays,695,1074,1232.0,M,False,2,2025-03-02,2025-03-02,False,83.68,,1105.28,,520,
31435,96868,220,25706,,,,,,,,24,,03:47.00,,,,,1090,True,Relays,624,1023,1135.5,M,False,2,2025-03-02,2025-03-02,False,81.0,,1051.97,,470,
31436,96869,174,25701,,,,,,,,24,,03:51.10,,,,,1090,True,Relays,579,991,1074.5,M,False,2,2025-03-02,2025-03-02,False,79.35,,1018.84,,439,
31437,96870,191,25848,,,,,,,,24,,03:59.70,,,,,1090,True,Relays,491,925,953.5,M,False,2,2025-03-02,2025-03-02,False,76.09,,953.03,,377,
31438,96871,178,25704,,,,,,,,24,,04:00.00,,,,,1090,True,Relays,488,922,949.0,M,False,2,2025-03-02,2025-03-02,False,75.98,,950.82,,375,
31439,96872,203,7637,,,,,,,,24,,04:10.50,,,,,1090,True,Relays,391,845,813.5,M,False,2,2025-03-02,2025-03-02,False,72.35,,876.78,,306,
31508,96873,220,18585,,18590.0,,18583.0,,25707.0,,24,,04:12.50,,,,,1090,True,Relays,374,830,789.0,M,False,2,2025-03-02,2025-03-02,False,71.69,,863.38,,293,
32930,97679,174,25936,,25937.0,,25938.0,,25939.0,,22,,1:35.99,,,,,1097,True,Relays,719,1111,1274.5,M,False,2,2025-03-09,2025-03-09,False,,,,,,
32931,97680,178,25940,,25941.0,,25942.0,,25943.0,,22,,1:38.02,,,,,1097,True,Relays,659,1073,1195.5,M,False,2,2025-03-09,2025-03-09,False,,,,,,
32932,97681,204,25944,,25945.0,,25946.0,,25947.0,,22,,1:39.76,,,,,1097,True,Relays,610,1040,1130.0,M,False,2,2025-03-09,2025-03-09,False,,,,,,
32933,97682,188,25948,,25949.0,,25950.0,,25951.0,,22,,1:41.38,,,,,1097,True,Relays,566,1010,1071.0,M,False,2,2025-03-09,2025-03-09,False,,,,,,
32934,97683,178,25952,,25953.0,,25954.0,,25955.0,,22,,1:42.38,,,,,1097,True,Relays,540,992,1036.0,M,False,2,2025-03-09,2025-03-09,False,,,,,,
32935,97684,204,25956,,25957.0,,25958.0,,25959.0,,22,,1:43.54,,,,,1097,True,Relays,510,971,995.5,M,False,2,2025-03-09,2025-03-09,False,,,,,,
32936,97685,188,25960,,25961.0,,25962.0,,25963.0,,22,,1:45.41,,,,,1097,True,Relays,464,938,933.0,M,False,2,2025-03-09,2025-03-09,False,,,,,,
32937,97686,196,25964,,25965.0,,25966.0,,25967.0,,22,,1:46.16,,,,,1097,True,Relays,446,925,908.5,M,False,2,2025-03-09,2025-03-09,False,,,,,,
32938,97687,203,25968,,25969.0,,25970.0,,25971.0,,22,,1:47.08,,,,,1097,True,Relays,425,909,879.5,M,False,2,2025-03-09,2025-03-09,False,,,,,,
32939,97688,196,25972,,25973.0,,25974.0,,25975.0,,22,,1:47.30,,,,,1097,True,Relays,420,905,872.5,M,False,2,2025-03-09,2025-03-09,False,,,,,,
32940,97689,203,25976,,25977.0,,25978.0,,25979.0,,22,,1:48.41,,,,,1097,True,Relays,394,886,837.0,M,False,2,2025-03-09,2025-03-09,False,,,,,,
32941,97690,172,25980,,,,,,,,22,,1:49.28,,,,,1097,True,Relays,375,871,810.5,M,False,2,2025-03-09,2025-03-09,False,,,,,,
32942,97691,204,25981,,25982.0,,25983.0,,25984.0,,22,,1:50.64,,,,,1097,True,Relays,347,848,771.0,M,False,2,2025-03-09,2025-03-09,False,,,,,,
32943,97692,188,25985,,25986.0,,25987.0,,25988.0,,22,,1:51.33,,,,,1097,True,Relays,332,836,750.0,M,False,2,2025-03-09,2025-03-09,False,,,,,,
32944,97693,180,25989,,25990.0,,25991.0,,25992.0,,22,,1:55.77,,,,,1097,True,Relays,248,764,630.0,M,False,2,2025-03-09,2025-03-09,False,,,,,,
32945,97694,206,4481,,,,,,,,40,,1.88m,,,,,1097,True,Jumps,801,1091,1346.5,M,False,2,2025-03-09,2025-03-09,False,,,,,626,
32946,97695,204,25264,,,,,,,,40,,1.83m,,,,,1097,True,Jumps,758,1043,1279.5,M,False,2,2025-03-09,2025-03-09,False,,,,,586,
32947,97696,206,4473,,,,,,,,40,,1.73m,,,,,1097,True,Jumps,672,945,1144.5,M,False,2,2025-03-09,2025-03-09,False,,,,,505,
32948,97697,178,24919,,,,,,,,40,,1.68m,,,,,1097,True,Jumps,629,897,1077.5,M,False,2,2025-03-09,2025-03-09,False,,,,,464,
32949,97698,205,25993,,,,,,,,40,,1.52m,,,,,1097,True,Jumps,494,744,866.0,M,False,2,2025-03-09,2025-03-09,False,,,,,328,
32954,97703,180,25894,,,,,,,,38,,6.50m,,,,,1097,True,Jumps,814,1106,1367.0,M,False,2,2025-03-09,2025-03-09,False,,,,,600,
32955,97704,206,5041,,,,,,,,38,,5.74m,,,,,1097,True,Jumps,654,940,1124.0,M,False,2,2025-03-09,2025-03-09,False,,,,,436,
32956,97705,188,24999,,,,,,,,38,,5.69m,,,,,1097,True,Jumps,643,929,1107.5,M,False,2,2025-03-09,2025-03-09,False,,,,,425,
32957,97706,199,2139,,,,,,,,38,,5.25m,,,,,1097,True,Jumps,552,835,969.5,M,False,2,2025-03-09,2025-03-09,False,,,,,325,
32958,97707,205,25993,,,,,,,,38,,4.99m,,,,,1097,True,Jumps,498,779,887.5,M,False,2,2025-03-09,2025-03-09,False,,,,,264,
32959,97708,178,24919,,,,,,,,38,,4.90m,,,,,1097,True,Jumps,480,760,860.0,M,False,2,2025-03-09,2025-03-09,False,,,,,243,
32960,97709,206,4479,,,,,,,,38,,4.90m,,,,,1097,True,Jumps,480,760,860.0,M,False,2,2025-03-09,2025-03-09,False,,,,,243,
32961,97710,205,7639,,,,,,,,38,,4.78m,,,,,1097,True,Jumps,455,734,822.0,M,False,2,2025-03-09,2025-03-09,False,,,,,214,
32962,97711,199,1887,,,,,,,,38,,4.13m,,,,,1097,True,Jumps,322,597,620.5,M,False,2,2025-03-09,2025-03-09,False,,,,,50,
33597,88228,124,24423,Jr,,,,,,,40,,1.78m,,,,,848,True,Jumps,715,994,1212.0,M,False,2,2024-12-06,2024-12-06,False,,,,,546,
33598,88229,124,2867,,,,,,,,38,,4.93m,,,,,848,True,Jumps,486,766,869.0,M,False,2,2024-12-06,2024-12-06,False,,,,,250,
35409,88070,202,24369,,,,,,,,38,,4.05m,,,,,842,True,Jumps,306,580,596.0,M,False,2,2024-12-06,2024-12-06,False,,,,,29,
35410,88071,202,3512,,,,,,,,38,,6.37m,,,,,842,True,Jumps,786,1077,1324.5,M,False,2,2024-12-06,2024-12-06,False,,,,,572,
35411,88072,202,3506,,,,,,,,38,,6.09m,,,,,842,True,Jumps,727,1016,1235.0,M,False,2,2024-12-06,2024-12-06,False,,,,,513,
35412,88073,202,24359,,,,,,,,38,,6.04m,,,,,842,True,Jumps,717,1005,1219.5,M,False,2,2024-12-06,2024-12-06,False,,,,,502,
35413,88074,202,24372,,,,,,,,38,,6.29m,,,,,842,True,Jumps,769,1060,1299.0,M,False,2,2024-12-06,2024-12-06,False,,,,,555,
35414,88075,202,5559,,,,,,,,39,,12.58m,,,,,842,True,Jumps,701,972,1187.0,M,False,2,2024-12-06,2024-12-06,False,,,,,487,
35415,88076,202,3507,,,,,,,,39,,13.03m,,,,,842,True,Jumps,747,1017,1255.5,M,False,2,2024-12-06,2024-12-06,False,,,,,533,
35416,88077,202,3515,,,,,,,,39,,13.62m,,,,,842,True,Jumps,808,1078,1347.0,M,False,2,2024-12-06,2024-12-06,False,,,,,593,
35417,88078,202,24363,,,,,,,,39,,12.24m,,,,,842,True,Jumps,666,938,1135.0,M,False,2,2024-12-06,2024-12-06,False,,,,,451,
35418,88079,202,24372,,,,,,,,39,,13.50m,,,,,842,True,Jumps,796,1065,1328.5,M,False,2,2024-12-06,2024-12-06,False,,,,,581,
35436,88168,203,4413,Sr,,,,,,,38,,6.33m,,,,,846,True,Jumps,778,1068,1312.0,M,False,2,2024-12-05,2024-12-06,False,,,,,564,
35441,88069,202,5554,,,,,,,,38,,5.86m,,,,,842,True,Jumps,679,966,1162.0,M,False,2,2024-12-06,2024-12-06,False,,,,,463,
36072,88087,1,3522,So,7.0,,18736.0,,24374.0,,24,,3:38.05,,,,,843,True,Relays,727,1096,1275.0,M,False,2,2024-12-06,2024-12-06,False,84.86,,1128.63,,541,
36846,88122,127,4516,,24388.0,,4936.0,,24387.0,,24,,3:42.14,,,,,844,True,Relays,679,1062,1210.0,M,False,2,2024-12-06,2024-12-06,False,83.05,,1092.83,,508,
36894,88159,56,24401,,3415.0,,24402.0,,24403.0,,24,,3:38.48,,,,,845,True,Relays,721,1092,1267.0,M,False,2,2024-12-07,2024-12-07,False,84.66,,1124.8,,538,
36895,88160,56,24404,,,,,,,,40,,1.75m,,,,,845,True,Jumps,689,965,1171.5,M,False,2,2024-12-07,2024-12-07,False,,,,,522,
36896,88161,56,24396,,,,,,,,38,,5.41m,,,,,845,True,Jumps,585,869,1019.5,M,False,2,2024-12-07,2024-12-07,False,,,,,362,
36897,88162,56,24392,,,,,,,,39,,12.05m,,,,,845,True,Jumps,647,918,1106.0,M,False,2,2024-12-07,2024-12-07,False,,,,,431,
36898,88163,56,24396,,,,,,,,39,,10.79m,,,,,845,True,Jumps,519,792,915.0,M,False,2,2024-12-07,2024-12-07,False,,,,,293,
36934,88169,203,5605,Jr,,,,,,,40,,1.85m,,,,,846,True,Jumps,775,1062,1306.0,M,False,2,2024-12-05,2024-12-06,False,,,,,602,
36936,88171,59,3900,So,,,,,,,40,,1.90m,,,,,847,True,Jumps,818,1111,1373.5,M,False,2,2024-12-06,2024-12-07,False,,,,,641,
37279,88265,204,3604,,,,,,,,40,,1.82m,,,,,849,True,Jumps,749,1033,1265.5,M,False,2,2024-12-07,2024-12-07,False,,,,,578,
37280,88266,204,24440,,,,,,,,38,,5.46m,,,,,849,True,Jumps,595,880,1035.0,M,False,2,2024-12-07,2024-12-07,False,,,,,373,
37281,88267,204,3604,,23591.0,,24440.0,,24427.0,,22,,1:38.10,,,,,849,True,Relays,657,1071,1192.5,M,False,2,2024-12-07,2024-12-07,False,,,,,,
37282,88270,204,23591,,18581.0,,23593.0,,19627.0,,24,,4:04.49,,,,,849,True,Relays,445,889,889.5,M,False,2,2024-12-07,2024-12-07,False,74.38,,918.38,,345,
37304,88292,205,24444,,24442.0,,24445.0,,24449.0,,22,,1:36.19,,,,,850,True,Relays,712,1107,1265.5,M,False,2,2024-12-08,2024-12-08,False,,,,,,
37305,88293,205,24447,,4487.0,,24448.0,,2145.0,,22,,1:40.04,,,,,850,True,Relays,602,1035,1119.5,M,False,2,2024-12-08,2024-12-08,False,,,,,,
37306,88294,205,24449,Fr,,,,,,,38,,6.15m,,,,,850,True,Jumps,740,1029,1254.5,M,False,2,2024-12-08,2024-12-08,False,,,,,526,
37327,88318,188,24450,,3549.0,,3551.0,,3541.0,,22,,1:35.62,,,,,850,True,Relays,729,1118,1288.0,M,False,2,2024-12-08,2024-12-08,False,,,,,,
37338,88269,204,18564,,964.0,,930.0,,24441.0,,24,,3:56.43,,,,,849,True,Relays,524,949,998.5,M,False,2,2024-12-07,2024-12-07,False,77.3,,977.49,,400,
37340,88268,204,24434,,3607.0,,24437.0,,24435.0,,24,,3:44.45,,,,,849,True,Relays,652,1044,1174.0,M,False,2,2024-12-07,2024-12-07,False,82.07,,1073.19,,490,
37342,88321,188,5013,,909.0,,18878.0,,18901.0,,24,,4:07.02,,,,,850,True,Relays,422,870,857.0,M,False,2,2024-12-08,2024-12-08,False,73.51,,900.62,,328,
37348,88320,188,3543,,24452.0,,950.0,,880.0,,24,,3:56.86,,,,,850,True,Relays,520,946,993.0,M,False,2,2024-12-08,2024-12-08,False,77.13,,974.23,,397,
37349,88319,188,885,,18879.0,,1863.0,,876.0,,24,,3:34.65,,,,,850,True,Relays,768,1124,1330.0,M,False,2,2024-12-08,2024-12-08,False,86.42,,1159.42,,570,
37434,88392,166,24470,,3595.0,,4726.0,,20441.0,,24,,3:51.90,,,,,852,True,Relays,571,985,1063.5,M,False,2,2024-12-08,2024-12-08,False,79.03,,1012.51,,433,
37435,88393,166,3590,,24471.0,,4728.0,,24458.0,,24,,3:58.97,,,,,852,True,Relays,499,930,964.0,M,False,2,2024-12-08,2024-12-08,False,76.35,,958.43,,382,
37962,88683,203,24555,,5598.0,,24549.0,,4418.0,,26,,8:44.61,,,,,863,True,Relays,0,0,0.0,M,False,2,2024-12-08,2024-12-08,False,,,,,,
37963,88684,156,2350,,22401.0,,2363.0,,2368.0,,26,,9:17.45,,,,,863,True,Relays,0,0,0.0,M,False,2,2024-12-08,2024-12-08,False,,,,,,
37964,88685,156,24548,,24545.0,,24542.0,,24556.0,,24,,3:43.90,,,,,863,True,Relays,659,1048,1183.0,M,False,2,2024-12-08,2024-12-08,False,82.3,,1077.83,,494,
37965,88686,203,4410,,,,,,,,40,,1.88m,,,,,863,True,Jumps,801,1091,1346.5,M,False,2,2024-12-08,2024-12-08,False,,,,,626,
37967,88688,203,24558,,,,,,,,38,,6.14m,,,,,863,True,Jumps,738,1027,1251.5,M,False,2,2024-12-08,2024-12-08,False,,,,,523,
37968,88689,203,24559,,,,,,,,38,,6.07m,,,,,863,True,Jumps,723,1012,1229.0,M,False,2,2024-12-08,2024-12-08,False,,,,,508,
37969,88690,203,24560,,,,,,,,38,,3.90m,,,,,863,True,Jumps,276,549,550.5,M,False,2,2024-12-08,2024-12-08,False,,,,,0,
37970,88691,203,4413,,,,,,,,39,,12.35m,,,,,863,True,Jumps,678,949,1152.5,M,False,2,2024-12-08,2024-12-08,False,,,,,463,
37971,88692,156,24544,,,,,,,,39,,12.02m,,,,,863,True,Jumps,644,915,1101.5,M,False,2,2024-12-08,2024-12-08,False,,,,,428,
37972,88693,203,24559,,,,,,,,39,,12.01m,,,,,863,True,Jumps,643,914,1100.0,M,False,2,2024-12-08,2024-12-08,False,,,,,427,
38104,88724,146,3694,,,,,,,,40,,2.04m,,,,,868,True,Jumps,940,1249,1564.5,M,False,2,2024-12-14,2024-12-14,False,,,,,749,
38105,88725,146,24571,,,,,,,,40,,1.77m,,,,,868,True,Jumps,706,984,1198.0,M,False,2,2024-12-14,2024-12-14,False,,,,,538,
38122,88742,146,24577,,,,,,,,38,,6.32m,,,,,868,True,Jumps,775,1066,1308.0,M,False,2,2024-12-14,2024-12-14,False,,,,,562,
38123,88743,146,24571,,,,,,,,38,,6.13m,,,,,868,True,Jumps,735,1025,1247.5,M,False,2,2024-12-14,2024-12-14,False,,,,,521,
38124,88744,146,3710,,,,,,,,38,,5.96m,,,,,868,True,Jumps,700,988,1194.0,M,False,2,2024-12-14,2024-12-14,False,,,,,485,
38125,88745,146,24578,,,,,,,,38,,5.54m,,,,,868,True,Jumps,612,897,1060.5,M,False,2,2024-12-14,2024-12-14,False,,,,,392,
38169,88791,146,1409,,3699.0,,4386.0,,3728.0,,24,,3:45.84,,,,,868,True,Relays,637,1032,1153.0,M,False,2,2024-12-14,2024-12-14,False,81.48,,1061.57,,479,
38170,88792,146,3694,,,,,,,,39,,13.01m,,,,,868,True,Jumps,745,1015,1252.5,M,False,2,2024-12-14,2024-12-14,False,,,,,531,
38171,88793,146,24578,,,,,,,,39,,12.82m,,,,,868,True,Jumps,726,996,1224.0,M,False,2,2024-12-14,2024-12-14,False,,,,,512,
38172,88794,146,3710,,,,,,,,39,,12.46m,,,,,868,True,Jumps,689,960,1169.0,M,False,2,2024-12-14,2024-12-14,False,,,,,474,
38173,88795,146,24571,,,,,,,,39,,12.13m,,,,,868,True,Jumps,655,926,1118.0,M,False,2,2024-12-14,2024-12-14,False,,,,,440,
38174,88796,146,24568,,,,,,,,39,,10.93m,,,,,868,True,Jumps,533,806,936.0,M,False,2,2024-12-14,2024-12-14,False,,,,,309,
38219,88829,158,24594,,21482.0,,16124.0,,16114.0,,30,,12:13.29,,,,,870,True,Relays,0,0,0.0,M,False,2,2025-01-10,2025-01-10,False,,,,,,
38327,88868,108,3985,,,,,,,,38,,6.15m,,,,,872,True,Jumps,740,1029,1254.5,M,False,2,2025-01-17,2025-01-18,False,,,,,526,
38457,88972,146,3696,,24582.0,,4150.0,,3687.0,,24,,3:38.18,,,,,873,True,Relays,725,1095,1272.5,M,False,2,2025-01-18,2025-01-18,False,84.8,,1127.47,,540,
38458,88973,146,3728,,4386.0,,3708.0,,24612.0,,24,,3:40.39,,,,,873,True,Relays,699,1077,1237.5,M,False,2,2025-01-18,2025-01-18,False,83.82,,1107.98,,522,
38459,88974,146,3694,,,,,,,,40,,1.97m,,,,,873,True,Jumps,879,1180,1469.0,M,False,2,2025-01-18,2025-01-18,False,,,,,696,
38460,88975,146,24613,,,,,,,,40,,1.82m,,,,,873,True,Jumps,749,1033,1265.5,M,False,2,2025-01-18,2025-01-18,False,,,,,578,
38461,88976,146,24614,,,,,,,,40,,1.77m,,,,,873,True,Jumps,706,984,1198.0,M,False,2,2025-01-18,2025-01-18,False,,,,,538,
38462,88977,146,24571,,,,,,,,40,,1.72m,,,,,873,True,Jumps,663,936,1131.0,M,False,2,2025-01-18,2025-01-18,False,,,,,497,
38465,88978,146,3694,,,,,,,,38,,6.59m,,,,,873,True,Jumps,833,1125,1395.5,M,False,2,2025-01-18,2025-01-18,False,,,,,618,
38466,88979,146,24577,,,,,,,,38,,6.45m,,,,,873,True,Jumps,803,1095,1350.5,M,False,2,2025-01-18,2025-01-18,False,,,,,589,
38467,88980,146,24571,,,,,,,,38,,5.92m,,,,,873,True,Jumps,691,979,1180.5,M,False,2,2025-01-18,2025-01-18,False,,,,,476,
38468,88981,146,24614,,,,,,,,38,,5.88m,,,,,873,True,Jumps,683,970,1168.0,M,False,2,2025-01-18,2025-01-18,False,,,,,467,
38469,88982,146,3698,,,,,,,,38,,5.84m,,,,,873,True,Jumps,675,962,1156.0,M,False,2,2025-01-18,2025-01-18,False,,,,,458,
38470,88983,146,24615,,,,,,,,38,,5.82m,,,,,873,True,Jumps,670,957,1148.5,M,False,2,2025-01-18,2025-01-18,False,,,,,454,
38471,88984,146,24616,,,,,,,,38,,5.75m,,,,,873,True,Jumps,656,942,1127.0,M,False,2,2025-01-18,2025-01-18,False,,,,,439,
38472,88985,146,3710,,,,,,,,38,,5.63m,,,,,873,True,Jumps,631,916,1089.0,M,False,2,2025-01-18,2025-01-18,False,,,,,412,
38473,88986,146,24578,,,,,,,,38,,5.30m,,,,,873,True,Jumps,562,845,984.5,M,False,2,2025-01-18,2025-01-18,False,,,,,337,
38474,88987,146,24578,,,,,,,,39,,12.64m,,,,,873,True,Jumps,707,978,1196.0,M,False,2,2025-01-18,2025-01-18,False,,,,,493,
38475,88988,146,3710,,,,,,,,39,,12.34m,,,,,873,True,Jumps,677,948,1151.0,M,False,2,2025-01-18,2025-01-18,False,,,,,462,
38476,88989,146,24615,,,,,,,,39,,12.02m,,,,,873,True,Jumps,644,915,1101.5,M,False,2,2025-01-18,2025-01-18,False,,,,,428,
38477,88990,146,24571,,,,,,,,39,,11.69m,,,,,873,True,Jumps,610,882,1051.0,M,False,2,2025-01-18,2025-01-18,False,,,,,392,
38657,89116,116,24640,,24643.0,,24637.0,,24638.0,,24,,3:42.61,,,,,875,True,Relays,673,1058,1202.0,M,False,2,2025-01-18,2025-01-18,False,82.85,,1088.8,,504,
38658,89117,116,24646,,7980.0,,7978.0,,7982.0,,24,,3:55.08,,,,,875,True,Relays,538,960,1018.0,M,False,2,2025-01-18,2025-01-18,False,77.81,,987.79,,410,
38659,89118,116,4144,,24645.0,,5652.0,,4910.0,,24,,3:56.06,,,,,875,True,Relays,528,952,1004.0,M,False,2,2025-01-18,2025-01-18,False,77.43,,980.3,,403,
38660,89119,116,4143,,,,,,,,40,,1.75m,,,,,875,True,Jumps,689,965,1171.5,M,False,2,2025-01-18,2025-01-18,False,,,,,522,
38847,89148,127,4516,,24388.0,,4936.0,,24383.0,,24,,3:55.91,,,,,877,True,Relays,529,953,1005.5,M,False,2,2025-01-17,2025-01-18,False,77.49,,981.44,,404,
39512,89261,1,24661,,,,,,,,38,,5.27m,,,,,879,True,Jumps,556,839,975.5,M,False,2,2025-01-25,2025-01-25,False,,,,,330,
39544,89260,1,24661,,150.0,,19.0,,18736.0,,24,,3:53.99,,,,,879,True,Relays,549,968,1033.0,M,False,2,2025-01-25,2025-01-25,False,78.22,,996.19,,417,
39553,89285,127,4516,,24388.0,,4936.0,,24383.0,,24,,3:45.88,,,,,879,True,Relays,636,1032,1152.0,M,False,2,2025-01-25,2025-01-25,False,81.47,,1061.23,,478,
39565,89297,169,7641,,4450.0,,7642.0,,2442.0,,30,,12:07.83,,,,,880,True,Relays,0,0,0.0,M,False,2,2025-01-25,2025-01-25,False,,,,,,
39566,89298,169,4450,,,,,,,,39,,11.06m,,,,,880,True,Jumps,546,819,955.5,M,False,2,2025-01-25,2025-01-25,False,,,,,323,
39576,89378,146,3694,,,,,,,,40,,1.90m,,,,,1007,True,Jumps,818,1111,1373.5,M,False,2,2025-01-25,2025-01-25,False,,,,,641,
39630,89379,146,24571,,,,,,,,40,,1.70m,,,,,1007,True,Jumps,646,916,1104.0,M,False,2,2025-01-25,2025-01-25,False,,,,,481,
39635,89380,146,24672,,,,,,,,38,,5.27m,,,,,1007,True,Jumps,556,839,975.5,M,False,2,2025-01-25,2025-01-25,False,,,,,330,
39642,89383,146,24571,,,,,,,,38,,5.73m,,,,,1007,True,Jumps,652,938,1121.0,M,False,2,2025-01-25,2025-01-25,False,,,,,434,
39643,89384,146,3694,,,,,,,,38,,6.44m,,,,,1007,True,Jumps,801,1092,1347.0,M,False,2,2025-01-25,2025-01-25,False,,,,,587,
39645,89386,146,3710,,,,,,,,39,,12.11m,,,,,1007,True,Jumps,653,924,1115.0,M,False,2,2025-01-25,2025-01-25,False,,,,,437,
39646,89387,146,3728,,,,,,,,39,,11.41m,,,,,1007,True,Jumps,582,854,1009.0,M,False,2,2025-01-25,2025-01-25,False,,,,,362,
39699,89472,56,129,,130.0,,163.0,,8041.0,,24,,3:39.36,,,,,882,True,Relays,711,1085,1253.5,M,False,2,2025-01-25,2025-01-25,False,84.27,,1117.02,,531,
39703,89477,56,157,,123.0,,127.0,,129.0,,30,,10:55.28,,,,,882,True,Relays,0,0,0.0,M,False,2,2025-01-25,2025-01-25,False,,,,,,
39704,89478,56,8075,,8065.0,,8059.0,,8095.0,,30,,11:19.53,,,,,882,True,Relays,0,0,0.0,M,False,2,2025-01-25,2025-01-25,False,,,,,,
39715,89385,146,24577,,,,,,,,38,,6.05m,,,,,1007,True,Jumps,719,1007,1222.5,M,False,2,2025-01-25,2025-01-25,False,,,,,504,
39719,89388,146,24578,,,,,,,,39,,12.85m,,,,,1007,True,Jumps,729,999,1228.5,M,False,2,2025-01-25,2025-01-25,False,,,,,515,
39720,89389,146,4148,,,,,,,,39,,8.43m,,,,,1007,True,Jumps,284,560,564.0,M,False,2,2025-01-25,2025-01-25,False,,,,,11,
39721,89390,146,24617,,,,,,,,39,,11.08m,,,,,1007,True,Jumps,548,821,958.5,M,False,2,2025-01-25,2025-01-25,False,,,,,325,
39722,89391,146,24584,,,,,,,,39,,12.98m,,,,,1007,True,Jumps,742,1012,1248.0,M,False,2,2025-01-25,2025-01-25,False,,,,,528,
39743,89418,162,3158,,11357.0,,4397.0,,1704.0,,24,,3:46.13,,,,,1007,True,Relays,633,1030,1148.0,M,False,2,2025-01-25,2025-01-25,False,81.36,,1059.16,,476,
39744,89473,56,24401,,3801.0,,4112.0,,19600.0,,24,,3:48.09,,,,,882,True,Relays,612,1015,1119.5,M,False,2,2025-01-25,2025-01-25,False,80.56,,1043.05,,461,
39837,89581,117,215,,38.0,,54.0,,31.0,,26,,9:53.04,,,,,883,True,Relays,0,0,0.0,M,False,2,2025-01-25,2025-01-25,False,,,,,,
39838,89582,117,23472,,188.0,,8057.0,,8060.0,,30,,11:22.12,,,,,883,True,Relays,0,0,0.0,M,False,2,2025-01-25,2025-01-25,False,,,,,,
39839,89583,117,135,,17.0,,158.0,,160.0,,30,,11:30.16,,,,,883,True,Relays,0,0,0.0,M,False,2,2025-01-25,2025-01-25,False,,,,,,
39840,89584,117,54,,30.0,,38.0,,24699.0,,30,,12:30.44,,,,,883,True,Relays,0,0,0.0,M,False,2,2025-01-25,2025-01-25,False,,,,,,
39841,89585,117,24691,,,,,,,,38,,5.45m,,,,,883,True,Jumps,593,878,1032.0,M,False,2,2025-01-25,2025-01-25,False,,,,,371,
39864,89608,108,24566,,20392.0,,124.0,,24703.0,,24,,3:48.94,,,,,883,True,Relays,603,1008,1107.0,M,False,2,2025-01-25,2025-01-25,False,80.21,,1036.15,,455,
39865,89609,108,23483,,,,,,,,38,,4.98m,,,,,883,True,Jumps,496,777,884.5,M,False,2,2025-01-25,2025-01-25,False,,,,,262,
39866,89610,108,58,,,,,,,,38,,4.73m,,,,,883,True,Jumps,445,724,807.0,M,False,2,2025-01-25,2025-01-25,False,,,,,202,
39888,89634,122,5606,,,,,,,,40,,1.75m,,,,,884,True,Jumps,689,965,1171.5,M,False,2,2025-01-25,2025-01-25,False,,,,,522,
39889,89635,122,5606,,,,,,,,38,,5.83m,,,,,884,True,Jumps,672,960,1152.0,M,False,2,2025-01-25,2025-01-25,False,,,,,456,
39890,89636,122,5606,,,,,,,,39,,12.43m,,,,,884,True,Jumps,686,957,1164.5,M,False,2,2025-01-25,2025-01-25,False,,,,,471,
39922,89669,121,8021,,2804.0,,2800.0,,3963.0,,24,,4:13.16,,,,,885,True,Relays,368,825,780.5,M,False,2,2025-01-25,2025-01-25,False,71.48,,859.0,,289,
40034,89784,124,24736,,24735.0,,11307.0,,24421.0,,24,,3:53.53,,,,,887,True,Relays,554,972,1040.0,M,False,2,2025-01-24,2025-01-25,False,78.4,,999.76,,421,
40035,89785,124,24738,,,,,,,,39,,12.78m,,,,,887,True,Jumps,722,992,1218.0,M,False,2,2025-01-24,2025-01-25,False,,,,,508,
40132,89419,162,1266,,3790.0,,1288.0,,24678.0,,30,,12:03.20,,,,,1007,True,Relays,0,0,0.0,M,False,2,2025-01-25,2025-01-25,False,,,,,,
40138,89417,162,3169,,1179.0,,24678.0,,3790.0,,24,,3:42.35,,,,,1007,True,Relays,676,1061,1206.5,M,False,2,2025-01-25,2025-01-25,False,82.96,,1091.03,,506,
40139,89395,146,24669,,4386.0,,24670.0,,4150.0,,24,,3:31.73,,,,,1007,True,Relays,804,1148,1378.0,M,False,2,2025-01-25,2025-01-25,False,87.81,,1186.66,,596,
40140,89396,146,3708,,3728.0,,3726.0,,3733.0,,24,,3:34.52,,,,,1007,True,Relays,769,1125,1331.5,M,False,2,2025-01-25,2025-01-25,False,86.48,,1160.62,,571,
40141,89397,146,24673,,24609.0,,3720.0,,24674.0,,24,,3:39.85,,,,,1007,True,Relays,705,1081,1245.5,M,False,2,2025-01-25,2025-01-25,False,84.05,,1112.71,,527,
40143,89806,146,24578,,,,,,,,38,,5.59m,,,,,1007,True,Jumps,622,908,1076.0,M,False,2,2025-01-25,2025-01-25,False,,,,,403,
40144,89810,146,24571,,,,,,,,39,,11.17m,,,,,1007,True,Jumps,558,830,973.0,M,False,2,2025-01-25,2025-01-25,False,,,,,335,
41294,90551,79,7954,,,,,,,,39,,12.38m,,,,,851,True,Jumps,681,952,1157.0,M,False,2,2024-12-08,2024-12-08,False,,,,,466,
41882,90645,112,5645,,19406.0,,426.0,,11301.0,,24,,3:32.48,,,,,1017,True,Relays,795,1142,1366.0,M,False,2,2025-01-31,2025-02-01,False,87.45,,1179.59,,589,
41883,90646,112,3336,,3333.0,,435.0,,417.0,,24,,3:49.94,,,,,1017,True,Relays,592,1000,1092.0,M,False,2,2025-01-31,2025-02-01,False,79.81,,1028.1,,447,
41884,90647,112,11331,,11322.0,,2886.0,,415.0,,24,,4:01.91,,,,,1017,True,Relays,470,908,924.0,M,False,2,2025-01-31,2025-02-01,False,75.29,,936.87,,362,
41886,90649,112,3333,,3336.0,,435.0,,417.0,,30,,10:51.78,,,,,1017,True,Relays,0,0,0.0,M,False,2,2025-01-31,2025-02-01,False,,,,,,
41998,90766,124,3845,,,,,,,,38,,5.94m,,,,,1017,True,Jumps,696,983,1187.5,M,False,2,2025-01-31,2025-02-01,False,,,,,480,
42004,90772,124,3846,,2858.0,,24421.0,,2860.0,,24,,3:29.17,,,,,1017,True,Relays,836,1170,1421.0,M,False,2,2025-01-31,2025-02-01,False,89.06,,1211.16,,619,
42005,90773,124,3832,,2855.0,,1997.0,,1993.0,,24,,3:42.19,,,,,1017,True,Relays,678,1062,1209.0,M,False,2,2025-01-31,2025-02-01,False,83.03,,1092.4,,508,
42009,90774,124,11304,,24809.0,,11307.0,,19411.0,,24,,3:44.06,,,,,1017,True,Relays,657,1047,1180.5,M,False,2,2025-01-31,2025-02-01,False,82.23,,1076.48,,493,
42011,90776,124,2860,,19411.0,,24421.0,,2858.0,,30,,10:24.25,,,,,1017,True,Relays,0,0,0.0,M,False,2,2025-01-31,2025-02-01,False,,,,,,
42016,90781,206,4481,,,,,,,,40,,1.81m,,,,,1018,True,Jumps,741,1023,1252.5,M,False,2,2025-01-31,2025-02-01,False,,,,,570,
42046,90813,164,700,,721.0,,772.0,,2727.0,,24,,4:05.63,,,,,1019,True,Relays,435,880,875.0,M,False,2,2025-01-31,2025-02-01,False,73.99,,910.33,,337,
42047,90814,164,683,,801.0,,709.0,,24823.0,,24,,4:11.30,,,,,1019,True,Relays,384,839,803.5,M,False,2,2025-01-31,2025-02-01,False,72.08,,871.39,,301,
42107,90875,116,24635,,24629.0,,24631.0,,24630.0,,22,,1:37.12,,,,,1020,True,Relays,685,1089,1229.5,M,False,2,2025-01-31,2025-01-31,False,,,,,,
42108,90876,116,4143,,,,,,,,40,,1.74m,,,,,1020,True,Jumps,680,955,1157.5,M,False,2,2025-01-31,2025-01-31,False,,,,,514,
42140,90906,120,344,,24835.0,,24833.0,,4011.0,,22,,1:44.54,,,,,1020,True,Relays,485,953,961.5,M,False,2,2025-01-31,2025-01-31,False,,,,,,
42141,90907,120,327,,344.0,,24835.0,,4011.0,,24,,3:55.89,,,,,1020,True,Relays,529,954,1006.0,M,False,2,2025-01-31,2025-01-31,False,77.5,,981.59,,404,
42142,90908,120,327,,24836.0,,344.0,,24835.0,,30,,12:44.53,,,,,1020,True,Relays,0,0,0.0,M,False,2,2025-01-31,2025-01-31,False,,,,,,
42172,90938,58,24846,,24841.0,,24839.0,,3923.0,,24,,3:31.85,,,,,1021,True,Relays,802,1147,1375.5,M,False,2,2025-02-01,2025-02-01,False,87.75,,1185.52,,595,
42198,90964,49,3781,,3782.0,,2258.0,,18.0,,24,,3:45.38,,,,,1022,True,Relays,642,1036,1160.0,M,False,2,2025-02-01,2025-02-01,False,81.67,,1065.4,,482,
42255,91023,61,24855,,1660.0,,4050.0,,4046.0,,24,,3:44.18,,,,,1022,True,Relays,655,1046,1178.0,M,False,2,2025-02-01,2025-02-01,False,82.18,,1075.47,,492,
42256,91024,61,4038,,,,,,,,40,,1.80m,,,,,1022,True,Jumps,732,1013,1238.5,M,False,2,2025-02-01,2025-02-01,False,,,,,562,
42257,91025,61,4036,,,,,,,,40,,1.75m,,,,,1022,True,Jumps,689,965,1171.5,M,False,2,2025-02-01,2025-02-01,False,,,,,522,
42258,91026,61,24854,,,,,,,,40,,1.75m,,,,,1022,True,Jumps,689,965,1171.5,M,False,2,2025-02-01,2025-02-01,False,,,,,522,
42259,91027,61,24852,,,,,,,,39,,12.98m,,,,,1022,True,Jumps,742,1012,1248.0,M,False,2,2025-02-01,2025-02-01,False,,,,,528,
42322,91091,146,21404,,,,,,,,24,,3:32.53,,,,,1023,True,Relays,794,1142,1365.0,M,False,2,2025-01-31,2025-02-01,False,87.42,,1179.12,,589,
42323,91092,146,24571,,,,,,,,40,Unseeded,1.65m,,,,,1023,True,Jumps,604,868,1038.0,M,False,2,2025-01-31,2025-02-01,False,,,,,439,
42324,91093,146,3694,,,,,,,,40,Seeded,1.90m,,,,,1023,True,Jumps,818,1111,1373.5,M,False,2,2025-01-31,2025-02-01,False,,,,,641,
42325,91094,146,24571,,,,,,,,38,,5.99m,,,,,1023,True,Jumps,706,994,1203.0,M,False,2,2025-01-31,2025-02-01,False,,,,,491,
42326,91095,146,24578,,,,,,,,38,,5.36m,,,,,1023,True,Jumps,575,858,1004.0,M,False,2,2025-01-31,2025-02-01,False,,,,,351,
42327,91096,146,24571,,,,,,,,39,,12.14m,,,,,1023,True,Jumps,656,927,1119.5,M,False,2,2025-01-31,2025-02-01,False,,,,,441,
42328,91097,146,3694,,,,,,,,39,,12.69m,,,,,1023,True,Jumps,712,983,1203.5,M,False,2,2025-01-31,2025-02-01,False,,,,,498,
42329,91098,146,24578,,,,,,,,39,,11.90m,,,,,1023,True,Jumps,632,903,1083.5,M,False,2,2025-01-31,2025-02-01,False,,,,,415,
42801,91109,159,705,,2184.0,,706.0,,674.0,,30,,11:14.34,,,,,1026,True,Relays,0,0,0.0,M,False,2,2025-02-09,2025-02-09,False,,,,,,
42802,91110,203,4418,,4430.0,,5598.0,,24555.0,,30,,11:23.95,,,,,1026,True,Relays,0,0,0.0,M,False,2,2025-02-09,2025-02-09,False,,,,,,
42803,91111,159,2172,,2173.0,,676.0,,677.0,,30,,11:25.48,,,,,1026,True,Relays,0,0,0.0,M,False,2,2025-02-09,2025-02-09,False,,,,,,
42804,91112,159,16115,,24863.0,,24864.0,,24865.0,,30,,11:32.05,,,,,1026,True,Relays,0,0,0.0,M,False,2,2025-02-09,2025-02-09,False,,,,,,
42805,91114,162,1704,,1266.0,,24868.0,,3790.0,,30,,12:05.93,,,,,1026,True,Relays,0,0,0.0,M,False,2,2025-02-09,2025-02-09,False,,,,,,
42807,91118,130,2453,,6849.0,,6845.0,,3142.0,,30,,12:34.70,,,,,1026,True,Relays,0,0,0.0,M,False,2,2025-02-09,2025-02-09,False,,,,,,
42808,91119,203,24872,,24549.0,,4416.0,,4504.0,,30,,12:35.35,,,,,1026,True,Relays,0,0,0.0,M,False,2,2025-02-09,2025-02-09,False,,,,,,
42809,91120,169,1379,,7642.0,,3166.0,,7641.0,,30,,12:38.22,,,,,1026,True,Relays,0,0,0.0,M,False,2,2025-02-09,2025-02-09,False,,,,,,
42884,91198,146,3719,,4393.0,,3701.0,,3695.0,,22,,1:33.02,,,,,1026,True,Relays,810,1169,1394.5,M,False,2,2025-02-09,2025-02-09,False,,,,,,
42885,91199,146,24893,,24571.0,,3710.0,,24577.0,,22,,1:33.68,,,,,1026,True,Relays,789,1156,1367.0,M,False,2,2025-02-09,2025-02-09,False,,,,,,
42886,91200,203,4430,,24879.0,,4423.0,,24551.0,,22,,1:34.51,,,,,1026,True,Relays,763,1140,1333.0,M,False,2,2025-02-09,2025-02-09,False,,,,,,
42887,91201,159,24881,,24869.0,,24894.0,,5711.0,,22,,1:37.61,,,,,1026,True,Relays,671,1080,1211.0,M,False,2,2025-02-09,2025-02-09,False,,,,,,
42888,91202,169,24664,,24895.0,,24896.0,,24897.0,,22,,1:38.28,,,,,1026,True,Relays,651,1068,1185.0,M,False,2,2025-02-09,2025-02-09,False,,,,,,
42889,91203,203,24543,,4415.0,,24546.0,,24540.0,,22,,1:39.12,,,,,1026,True,Relays,628,1052,1154.0,M,False,2,2025-02-09,2025-02-09,False,,,,,,
42890,91204,146,3698,,3728.0,,3720.0,,4148.0,,22,,1:39.42,,,,,1026,True,Relays,619,1046,1142.0,M,False,2,2025-02-09,2025-02-09,False,,,,,,
42891,91205,69,24890,,24898.0,,2616.0,,24886.0,,22,,1:42.58,,,,,1026,True,Relays,535,988,1029.0,M,False,2,2025-02-09,2025-02-09,False,,,,,,
42892,91206,146,4149,,3730.0,,24899.0,,24582.0,,22,,1:43.19,,,,,1026,True,Relays,519,977,1007.5,M,False,2,2025-02-09,2025-02-09,False,,,,,,
42893,91207,130,6849,,2450.0,,2453.0,,6845.0,,22,,1:52.64,,,,,1026,True,Relays,306,815,713.5,M,False,2,2025-02-09,2025-02-09,False,,,,,,
42894,91116,138,16134,,16126.0,,16127.0,,16136.0,,30,,12:21.55,,,,,1026,True,Relays,0,0,0.0,M,False,2,2025-02-09,2025-02-09,False,,,,,,
42897,91121,146,1205,,24873.0,,24874.0,,24875.0,,30,,12:49.17,,,,,1026,True,Relays,0,0,0.0,M,False,2,2025-02-09,2025-02-09,False,,,,,,
42898,91122,146,1225,,24876.0,,1345.0,,24877.0,,30,,14:06.87,,,,,1026,True,Relays,0,0,0.0,M,False,2,2025-02-09,2025-02-09,False,,,,,,
42899,91117,69,4340,,2565.0,,7961.0,,7959.0,,30,,12:23.75,,,,,1026,True,Relays,0,0,0.0,M,False,2,2025-02-09,2025-02-09,False,,,,,,
42901,91108,169,2442,,4450.0,,1294.0,,1198.0,,30,,10:53.94,,,,,1026,True,Relays,0,0,0.0,M,False,2,2025-02-09,2025-02-09,False,,,,,,
43121,91433,203,4423,,24918.0,,24550.0,,4430.0,,24,,3:25.30,,,,,1026,True,Relays,887,1203,1488.5,M,False,2,2025-02-09,2025-02-09,False,91.02,,1249.37,,654,
43122,91434,146,4386,,24669.0,,3728.0,,3691.0,,24,,3:28.14,,,,,1026,True,Relays,850,1179,1439.5,M,False,2,2025-02-09,2025-02-09,False,89.57,,1221.19,,628,
43123,91435,159,2176,,16133.0,,4358.0,,24869.0,,24,,3:34.24,,,,,1026,True,Relays,773,1127,1336.5,M,False,2,2025-02-09,2025-02-09,False,86.61,,1163.2,,574,
43124,91436,146,3726,,3733.0,,3709.0,,3722.0,,24,,3:40.81,,,,,1026,True,Relays,694,1073,1230.5,M,False,2,2025-02-09,2025-02-09,False,83.63,,1104.33,,519,
43126,91438,146,3710,,24571.0,,24893.0,,24577.0,,24,,3:45.94,,,,,1026,True,Relays,636,1032,1152.0,M,False,2,2025-02-09,2025-02-09,False,81.44,,1060.74,,478,
43127,91439,159,5711,,24911.0,,22384.0,,2172.0,,24,,3:46.02,,,,,1026,True,Relays,635,1031,1150.5,M,False,2,2025-02-09,2025-02-09,False,81.41,,1060.07,,477,
43128,91440,146,24582,,24610.0,,3699.0,,3725.0,,24,,3:50.20,,,,,1026,True,Relays,589,998,1088.0,M,False,2,2025-02-09,2025-02-09,False,79.71,,1026.01,,445,
43129,91442,146,24674,,24670.0,,24924.0,,24888.0,,24,,3:51.68,,,,,1026,True,Relays,573,986,1066.0,M,False,2,2025-02-09,2025-02-09,False,79.12,,1014.25,,434,
43130,91444,169,4450,,24895.0,,4451.0,,24664.0,,24,,3:51.78,,,,,1026,True,Relays,572,985,1064.5,M,False,2,2025-02-09,2025-02-09,False,79.08,,1013.46,,434,
43131,91445,146,3735,,3687.0,,3713.0,,4148.0,,24,,3:53.13,,,,,1026,True,Relays,558,975,1045.5,M,False,2,2025-02-09,2025-02-09,False,78.55,,1002.87,,424,
43132,91446,178,18865,,3209.0,,1853.0,,3206.0,,24,,3:54.24,,,,,1026,True,Relays,546,966,1029.0,M,False,2,2025-02-09,2025-02-09,False,78.13,,994.25,,416,
43158,91473,146,24930,,,,,,,,38,,6.59m,,,,,1026,True,Jumps,833,1125,1395.5,M,False,2,2025-02-09,2025-02-09,False,,,,,618,
43159,91474,146,3694,,,,,,,,38,,6.49m,,,,,1026,True,Jumps,811,1103,1362.5,M,False,2,2025-02-09,2025-02-09,False,,,,,597,
43160,91475,203,4413,,,,,,,,38,,6.41m,,,,,1026,True,Jumps,794,1086,1337.0,M,False,2,2025-02-09,2025-02-09,False,,,,,581,
43161,91476,203,24559,,,,,,,,38,,6.27m,,,,,1026,True,Jumps,765,1055,1292.5,M,False,2,2025-02-09,2025-02-09,False,,,,,551,
43162,91477,69,24886,,,,,,,,38,,6.17m,,,,,1026,True,Jumps,744,1033,1260.5,M,False,2,2025-02-09,2025-02-09,False,,,,,530,
43163,91478,146,24614,,,,,,,,38,,6.14m,,,,,1026,True,Jumps,738,1027,1251.5,M,False,2,2025-02-09,2025-02-09,False,,,,,523,
43164,91479,203,24558,,,,,,,,38,,6.11m,,,,,1026,True,Jumps,731,1020,1241.0,M,False,2,2025-02-09,2025-02-09,False,,,,,517,
43165,91480,162,24931,,,,,,,,38,,5.96m,,,,,1026,True,Jumps,700,988,1194.0,M,False,2,2025-02-09,2025-02-09,False,,,,,485,
43166,91481,146,24932,,,,,,,,38,,5.92m,,,,,1026,True,Jumps,691,979,1180.5,M,False,2,2025-02-09,2025-02-09,False,,,,,476,
43167,91482,138,24884,,,,,,,,38,,5.86m,,,,,1026,True,Jumps,679,966,1162.0,M,False,2,2025-02-09,2025-02-09,False,,,,,463,
43168,91483,146,3710,,,,,,,,38,,5.85m,,,,,1026,True,Jumps,677,964,1159.0,M,False,2,2025-02-09,2025-02-09,False,,,,,461,
43169,91484,146,4378,,,,,,,,38,,5.78m,,,,,1026,True,Jumps,662,949,1136.5,M,False,2,2025-02-09,2025-02-09,False,,,,,445,
43170,91485,146,24933,,,,,,,,38,,5.70m,,,,,1026,True,Jumps,645,932,1111.0,M,False,2,2025-02-09,2025-02-09,False,,,,,427,
43171,91486,146,24615,,,,,,,,38,,5.68m,,,,,1026,True,Jumps,641,927,1104.5,M,False,2,2025-02-09,2025-02-09,False,,,,,423,
43172,91487,146,24578,,,,,,,,38,,5.63m,,,,,1026,True,Jumps,631,916,1089.0,M,False,2,2025-02-09,2025-02-09,False,,,,,412,
43173,91488,146,24571,,,,,,,,38,,5.62m,,,,,1026,True,Jumps,629,914,1086.0,M,False,2,2025-02-09,2025-02-09,False,,,,,410,
43174,91489,146,24934,,,,,,,,38,,5.55m,,,,,1026,True,Jumps,614,899,1063.5,M,False,2,2025-02-09,2025-02-09,False,,,,,394,
43175,91490,146,24672,,,,,,,,38,,5.53m,,,,,1026,True,Jumps,610,895,1057.5,M,False,2,2025-02-09,2025-02-09,False,,,,,389,
43176,91491,169,24935,,,,,,,,38,,5.50m,,,,,1026,True,Jumps,604,888,1048.0,M,False,2,2025-02-09,2025-02-09,False,,,,,383,
43177,91492,146,24887,,,,,,,,38,,5.39m,,,,,1026,True,Jumps,581,865,1013.5,M,False,2,2025-02-09,2025-02-09,False,,,,,358,
43178,91493,146,4379,,,,,,,,38,,5.36m,,,,,1026,True,Jumps,575,858,1004.0,M,False,2,2025-02-09,2025-02-09,False,,,,,351,
43179,91494,146,24577,,,,,,,,38,,5.35m,,,,,1026,True,Jumps,573,856,1001.0,M,False,2,2025-02-09,2025-02-09,False,,,,,348,
43180,91495,178,24919,,,,,,,,38,,5.05m,,,,,1026,True,Jumps,510,792,906.0,M,False,2,2025-02-09,2025-02-09,False,,,,,278,
43181,91496,203,24918,,,,,,,,38,,4.78m,,,,,1026,True,Jumps,455,734,822.0,M,False,2,2025-02-09,2025-02-09,False,,,,,214,
43182,91497,69,2616,,,,,,,,38,,4.68m,,,,,1026,True,Jumps,434,713,790.5,M,False,2,2025-02-09,2025-02-09,False,,,,,189,
43183,91498,130,4309,,,,,,,,38,,4.63m,,,,,1026,True,Jumps,424,703,775.5,M,False,2,2025-02-09,2025-02-09,False,,,,,177,
43184,91499,169,4442,,,,,,,,38,,4.60m,,,,,1026,True,Jumps,418,696,766.0,M,False,2,2025-02-09,2025-02-09,False,,,,,170,
43185,91500,203,24560,,,,,,,,38,,3.19m,,,,,1026,True,Jumps,134,402,335.0,M,False,2,2025-02-09,2025-02-09,False,,,,,0,
43186,91501,146,3694,,,,,,,,39,,13.30m,,,,,1026,True,Jumps,775,1045,1297.5,M,False,2,2025-02-09,2025-02-09,False,,,,,561,
43187,91502,146,24578,,,,,,,,39,,12.71m,,,,,1026,True,Jumps,715,985,1207.5,M,False,2,2025-02-09,2025-02-09,False,,,,,500,
43188,91503,146,3710,,,,,,,,39,,12.49m,,,,,1026,True,Jumps,692,963,1173.5,M,False,2,2025-02-09,2025-02-09,False,,,,,478,
43189,91504,203,4410,,,,,,,,39,,12.45m,,,,,1026,True,Jumps,688,959,1167.5,M,False,2,2025-02-09,2025-02-09,False,,,,,473,
43190,91505,203,24559,,,,,,,,39,,12.32m,,,,,1026,True,Jumps,675,946,1148.0,M,False,2,2025-02-09,2025-02-09,False,,,,,460,
43191,91506,203,24558,,,,,,,,39,,12.15m,,,,,1026,True,Jumps,657,928,1121.0,M,False,2,2025-02-09,2025-02-09,False,,,,,442,
43192,91507,146,4379,,,,,,,,39,,12.12m,,,,,1026,True,Jumps,654,925,1116.5,M,False,2,2025-02-09,2025-02-09,False,,,,,438,
43193,91508,69,24886,,,,,,,,39,,12.05m,,,,,1026,True,Jumps,647,918,1106.0,M,False,2,2025-02-09,2025-02-09,False,,,,,431,
43194,91509,146,24615,,,,,,,,39,,11.57m,,,,,1026,True,Jumps,598,870,1033.0,M,False,2,2025-02-09,2025-02-09,False,,,,,379,
43195,91510,146,24571,,,,,,,,39,,11.52m,,,,,1026,True,Jumps,593,865,1025.5,M,False,2,2025-02-09,2025-02-09,False,,,,,374,
43196,91511,169,24935,,,,,,,,39,,11.26m,,,,,1026,True,Jumps,567,839,986.5,M,False,2,2025-02-09,2025-02-09,False,,,,,345,
43197,91512,169,4450,,,,,,,,39,,10.21m,,,,,1026,True,Jumps,461,735,828.5,M,False,2,2025-02-09,2025-02-09,False,,,,,227,
43198,91513,146,11417,,,,,,,,39,,9.05m,,,,,1026,True,Jumps,345,620,655.0,M,False,2,2025-02-09,2025-02-09,False,,,,,88,
43199,91514,146,3694,,,,,,,,40,,1.98m,,,,,1026,True,Jumps,888,1190,1483.0,M,False,2,2025-02-09,2025-02-09,False,,,,,703,
43200,91515,146,24614,,,,,,,,40,,1.88m,,,,,1026,True,Jumps,801,1091,1346.5,M,False,2,2025-02-09,2025-02-09,False,,,,,626,
43201,91516,178,3071,,,,,,,,40,,1.88m,,,,,1026,True,Jumps,801,1091,1346.5,M,False,2,2025-02-09,2025-02-09,False,,,,,626,
43202,91517,203,4410,,,,,,,,40,,1.83m,,,,,1026,True,Jumps,758,1043,1279.5,M,False,2,2025-02-09,2025-02-09,False,,,,,586,
43203,91518,146,3722,,,,,,,,40,,1.83m,,,,,1026,True,Jumps,758,1043,1279.5,M,False,2,2025-02-09,2025-02-09,False,,,,,586,
43204,91519,146,3710,,,,,,,,40,,1.73m,,,,,1026,True,Jumps,672,945,1144.5,M,False,2,2025-02-09,2025-02-09,False,,,,,505,
43205,91520,146,24613,,,,,,,,40,,1.73m,,,,,1026,True,Jumps,672,945,1144.5,M,False,2,2025-02-09,2025-02-09,False,,,,,505,
43206,91521,146,24571,,,,,,,,40,,1.73m,,,,,1026,True,Jumps,672,945,1144.5,M,False,2,2025-02-09,2025-02-09,False,,,,,505,
43207,91522,203,4408,,,,,,,,40,,1.68m,,,,,1026,True,Jumps,629,897,1077.5,M,False,2,2025-02-09,2025-02-09,False,,,,,464,
43208,91523,178,24919,,,,,,,,40,,1.63m,,,,,1026,True,Jumps,587,849,1011.5,M,False,2,2025-02-09,2025-02-09,False,,,,,422,
43214,91447,146,1273,,1225.0,,1254.0,,24926.0,,24,,3:57.03,,,,,1026,True,Relays,518,945,990.5,M,False,2,2025-02-09,2025-02-09,False,77.07,,972.95,,396,
43215,91443,131,1371,,24867.0,,24925.0,,4318.0,,24,,3:51.74,,,,,1026,True,Relays,573,986,1066.0,M,False,2,2025-02-09,2025-02-09,False,79.1,,1013.78,,434,
43216,91441,146,1201,,1299.0,,1251.0,,1195.0,,24,,3:50.58,,,,,1026,True,Relays,585,995,1082.5,M,False,2,2025-02-09,2025-02-09,False,79.55,,1022.98,,443,
43405,91115,159,5708,,24869.0,,16133.0,,4359.0,,30,,12:09.21,,,,,1026,True,Relays,0,0,0.0,M,False,2,2025-02-09,2025-02-09,False,,,,,,
43633,91746,206,4481,,,,,,,,40,,1.83m,,,,,1028,True,Jumps,758,1043,1279.5,M,False,2,2025-02-09,2025-02-09,False,,,,,586,
43737,91852,61,24979,,4941.0,,19553.0,,4623.0,,24,,3:39.00,,,,,1030,True,Relays,715,1088,1259.0,M,False,2,2025-02-08,2025-02-08,False,84.43,,1120.19,,534,
43738,91854,61,4038,,,,,,,,40,,1.81m,,,,,1030,True,Jumps,741,1023,1252.5,M,False,2,2025-02-08,2025-02-08,False,,,,,570,
43739,91855,61,4621,,,,,,,,38,,6.23m,,,,,1030,True,Jumps,756,1047,1279.5,M,False,2,2025-02-08,2025-02-08,False,,,,,543,
43740,91856,61,2289,,,,,,,,38,,6.01m,,,,,1030,True,Jumps,710,999,1209.5,M,False,2,2025-02-08,2025-02-08,False,,,,,495,
43741,91857,61,24854,,,,,,,,38,,5.46m,,,,,1030,True,Jumps,595,880,1035.0,M,False,2,2025-02-08,2025-02-08,False,,,,,373,
43742,91858,61,4033,,,,,,,,38,,6.54m,,,,,1030,True,Jumps,822,1114,1379.0,M,False,2,2025-02-08,2025-02-08,False,,,,,608,
43743,91859,61,4033,,,,,,,,39,,13.49m,,,,,1030,True,Jumps,795,1064,1327.0,M,False,2,2025-02-08,2025-02-08,False,,,,,580,
43744,91860,61,24852,,,,,,,,39,,12.56m,,,,,1030,True,Jumps,699,970,1184.0,M,False,2,2025-02-08,2025-02-08,False,,,,,485,
43745,91861,61,4941,,,,,,,,39,,11.22m,,,,,1030,True,Jumps,563,835,980.5,M,False,2,2025-02-08,2025-02-08,False,,,,,341,
43806,91924,56,130,,127.0,,152.0,,186.0,,24,,3:39.17,,,,,1031,True,Relays,713,1087,1256.5,M,False,2,2025-02-08,2025-02-08,False,84.36,,1118.69,,532,
43807,91925,56,3574,,3809.0,,24402.0,,8041.0,,24,,3:39.46,,,,,1031,True,Relays,710,1084,1252.0,M,False,2,2025-02-08,2025-02-08,False,84.23,,1116.14,,530,
43811,91853,61,2273,,8147.0,,24980.0,,4036.0,,24,,3:53.36,,,,,1030,True,Relays,555,973,1041.5,M,False,2,2025-02-08,2025-02-08,False,78.47,,1001.08,,422,
43812,91926,56,3801,,163.0,,3415.0,,3804.0,,24,,3:41.54,,,,,1031,True,Relays,686,1067,1219.5,M,False,2,2025-02-08,2025-02-08,False,83.31,,1098.0,,513,
43813,91927,56,203,,24985.0,,24401.0,,8095.0,,24,,3:53.84,,,,,1031,True,Relays,550,969,1034.5,M,False,2,2025-02-08,2025-02-08,False,78.28,,997.35,,419,
43814,91928,56,24396,,,,,,,,38,,5.31m,,,,,1031,True,Jumps,564,848,988.0,M,False,2,2025-02-08,2025-02-08,False,,,,,339,
43815,91929,56,3575,,,,,,,,38,,4.62m,,,,,1031,True,Jumps,422,701,772.5,M,False,2,2025-02-08,2025-02-08,False,,,,,175,
43816,91930,56,24985,,,,,,,,38,,5.26m,,,,,1031,True,Jumps,554,837,972.5,M,False,2,2025-02-08,2025-02-08,False,,,,,328,
43873,91931,56,24392,,,,,,,,39,,11.49m,,,,,1031,True,Jumps,590,862,1021.0,M,False,2,2025-02-08,2025-02-08,False,,,,,371,
43878,91994,44,2220,,19546.0,,2217.0,,2222.0,,24,,3:46.41,,,,,1032,True,Relays,630,1028,1144.0,M,False,2,2025-02-08,2025-02-08,False,81.25,,1056.84,,474,
43936,92052,59,24997,,21473.0,,11372.0,,21472.0,,24,,3:38.03,,,,,1033,True,Relays,727,1096,1275.0,M,False,2,2025-02-08,2025-02-08,False,84.87,,1128.8,,542,
43937,92053,59,3907,,3912.0,,4077.0,,3900.0,,24,,3:40.01,,,,,1033,True,Relays,703,1080,1243.0,M,False,2,2025-02-08,2025-02-08,False,83.98,,1111.31,,525,
43938,92054,59,1638,,1645.0,,3902.0,,1622.0,,24,,3:50.18,,,,,1033,True,Relays,589,998,1088.0,M,False,2,2025-02-08,2025-02-08,False,79.71,,1026.17,,446,
43939,92055,59,3900,,,,,,,,40,,1.85m,,,,,1033,True,Jumps,775,1062,1306.0,M,False,2,2025-02-08,2025-02-08,False,,,,,602,
43940,92056,59,24407,,,,,,,,38,,5.93m,,,,,1033,True,Jumps,693,981,1183.5,M,False,2,2025-02-08,2025-02-08,False,,,,,478,
43941,92057,59,4083,,,,,,,,39,,13.31m,,,,,1033,True,Jumps,776,1046,1299.0,M,False,2,2025-02-08,2025-02-08,False,,,,,562,
43981,92103,188,24999,,,,,,,,38,,6.02m,,,,,1034,True,Jumps,712,1001,1212.5,M,False,2,2025-02-08,2025-02-08,False,,,,,498,
43982,92104,188,24999,,,,,,,,39,,11.88m,,,,,1034,True,Jumps,630,901,1080.5,M,False,2,2025-02-08,2025-02-08,False,,,,,413,
43983,92105,188,3541,,,,,,,,39,,11.58m,,,,,1034,True,Jumps,599,871,1034.5,M,False,2,2025-02-08,2025-02-08,False,,,,,380,
44008,92130,199,5030,,,,,,,,38,,3.83m,,,,,1034,True,Jumps,262,535,529.5,M,False,2,2025-02-08,2025-02-08,False,,,,,0,
44009,92131,199,2139,,,,,,,,39,,12.62m,,,,,1034,True,Jumps,705,976,1193.0,M,False,2,2025-02-08,2025-02-08,False,,,,,491,
44056,92175,112,420,,434.0,,25014.0,,11322.0,,24,,3:53.28,,,,,1035,True,Relays,556,974,1043.0,M,False,2,2025-02-08,2025-02-08,False,78.5,,1001.7,,423,
44099,92220,127,24388,,3630.0,,4516.0,,4936.0,,24,,3:39.78,,,,,1035,True,Relays,706,1082,1247.0,M,False,2,2025-02-08,2025-02-08,False,84.08,,1113.32,,527,
44369,92374,167,25027,,18977.0,,4304.0,,25024.0,,24,,3:40.77,,,,,1039,True,Relays,695,1073,1231.5,M,False,2,2025-02-07,2025-02-08,False,83.65,,1104.67,,519,
44370,92375,167,467,,743.0,,760.0,,25030.0,,24,,3:55.02,,,,,1039,True,Relays,538,960,1018.0,M,False,2,2025-02-07,2025-02-08,False,77.83,,988.25,,410,
44371,92376,167,5231,,,,,,,,40,,1.70m,,,,,1039,True,Jumps,646,916,1104.0,M,False,2,2025-02-07,2025-02-08,False,,,,,481,
44372,92377,167,5250,,,,,,,,38,,5.64m,,,,,1039,True,Jumps,633,919,1092.5,M,False,2,2025-02-07,2025-02-08,False,,,,,414,
44373,92378,167,5246,,,,,,,,38,,5.60m,,,,,1039,True,Jumps,624,910,1079.0,M,False,2,2025-02-07,2025-02-08,False,,,,,405,
44374,92379,167,25033,,,,,,,,39,,11.87m,,,,,1039,True,Jumps,629,900,1079.0,M,False,2,2025-02-07,2025-02-08,False,,,,,412,
44375,92380,167,5250,,,,,,,,39,,12.53m,,,,,1039,True,Jumps,696,967,1179.5,M,False,2,2025-02-07,2025-02-08,False,,,,,482,
44396,92300,164,2727,,700.0,,721.0,,18964.0,,24,,3:47.68,,,,,1039,True,Relays,616,1018,1125.0,M,False,2,2025-02-07,2025-02-08,False,80.72,,1046.4,,464,
44460,92422,167,667,,2539.0,,8108.0,,673.0,,30,,10:36.53,,,,,1044,True,Relays,0,0,0.0,M,False,2,2025-02-15,2025-02-15,False,,,,,,
44545,92477,167,5250,,,,,,,,38,,5.89m,,,,,1044,True,Jumps,685,973,1171.5,M,False,2,2025-02-15,2025-02-15,False,,,,,469,
44546,92478,167,5246,,,,,,,,38,,5.80m,,,,,1044,True,Jumps,666,953,1142.5,M,False,2,2025-02-15,2025-02-15,False,,,,,450,
44547,92479,167,25033,,,,,,,,40,,1.84m,,,,,1044,True,Jumps,766,1052,1292.0,M,False,2,2025-02-15,2025-02-15,False,,,,,594,
44548,92484,167,5250,,,,,,,,39,,12.34m,,,,,1044,True,Jumps,677,948,1151.0,M,False,2,2025-02-15,2025-02-15,False,,,,,462,
44549,92485,167,25033,,,,,,,,39,,12.17m,,,,,1044,True,Jumps,659,930,1124.0,M,False,2,2025-02-15,2025-02-15,False,,,,,444,
44566,92423,167,466,,3015.0,,467.0,,2584.0,,30,,10:43.82,,,,,1044,True,Relays,0,0,0.0,M,False,2,2025-02-15,2025-02-15,False,,,,,,
44567,92424,167,743,,18977.0,,19386.0,,19384.0,,30,,11:19.17,,,,,1044,True,Relays,0,0,0.0,M,False,2,2025-02-15,2025-02-15,False,,,,,,
44570,92475,167,4304,,743.0,,25024.0,,25029.0,,24,,3:47.01,,,,,1044,True,Relays,624,1023,1135.5,M,False,2,2025-02-15,2025-02-15,False,81.0,,1051.89,,470,
44657,92550,56,130,,129.0,,123.0,,25062.0,,24,,3:34.11,,,,,1045,True,Relays,774,1128,1338.0,M,False,2,2025-02-15,2025-02-15,False,86.67,,1164.4,,575,
44658,92551,56,19600,,25063.0,,25064.0,,,,24,,3:40.98,,,,,1045,True,Relays,692,1072,1228.0,M,False,2,2025-02-15,2025-02-15,False,83.56,,1102.85,,517,
44659,92552,56,3801,,25065.0,,3415.0,,3578.0,,24,,3:50.90,,,,,1045,True,Relays,581,992,1077.0,M,False,2,2025-02-15,2025-02-15,False,79.43,,1020.43,,440,
44697,92553,56,25066,,25067.0,,8095.0,,2193.0,,24,,3:55.90,,,,,1045,True,Relays,529,954,1006.0,M,False,2,2025-02-15,2025-02-15,False,77.49,,981.52,,404,
44698,91437,146,22385,,1205.0,,3729.0,,26627.0,,24,,3:45.65,,,,,1026,True,Relays,639,1034,1156.0,M,False,2,2025-02-09,2025-02-09,False,81.56,,1063.15,,480,
44904,92588,58,25071,,,,,,,,38,,2.90m,,,,,1047,True,Jumps,76,342,247.0,M,False,2,2025-02-15,2025-02-15,False,,,,,0,
44938,92619,111,8011,,8005.0,,18131.0,,25074.0,,24,,4:04.56,,,,,1048,True,Relays,445,888,889.0,M,False,2,2025-02-15,2025-02-15,False,74.36,,917.88,,344,
45037,92718,117,4002,,25083.0,,24695.0,,3996.0,,22,,1:36.53,,,,,1048,True,Relays,702,1101,1252.5,M,False,2,2025-02-15,2025-02-15,False,,,,,,
45038,92719,117,25089,,4097.0,,4095.0,,3997.0,,22,,1:44.81,,,,,1048,True,Relays,478,948,952.0,M,False,2,2025-02-15,2025-02-15,False,,,,,,
45039,92720,117,4002,,182.0,,25082.0,,156.0,,24,,3:36.50,,,,,1048,True,Relays,745,1109,1299.5,M,False,2,2025-02-15,2025-02-15,False,85.56,,1142.54,,554,
45040,92721,117,2030,,3996.0,,38.0,,23472.0,,24,,4:17.73,,,,,1048,True,Relays,330,793,726.5,M,False,2,2025-02-15,2025-02-15,False,70.04,,829.31,,261,
45041,92722,117,23472,,8057.0,,8060.0,,15.0,,30,,11:15.56,,,,,1048,True,Relays,0,0,0.0,M,False,2,2025-02-15,2025-02-15,False,,,,,,
45042,92723,117,25085,,,,,,,,39,,11.46m,,,,,1048,True,Jumps,587,859,1016.5,M,False,2,2025-02-15,2025-02-15,False,,,,,367,
45066,92747,120,344,,327.0,,8019.0,,24836.0,,24,,4:02.58,,,,,1048,True,Relays,463,903,914.5,M,False,2,2025-02-15,2025-02-15,False,75.05,,932.03,,357,
45067,92748,120,25090,,,,,,,,38,,6.00m,,,,,1048,True,Jumps,708,996,1206.0,M,False,2,2025-02-15,2025-02-15,False,,,,,493,
45118,92803,204,25092,,25093.0,,25094.0,,19627.0,,24,,3:53.65,,,,,1050,True,Relays,552,971,1037.5,M,False,2,2025-02-15,2025-02-15,False,78.35,,998.82,,420,
45126,92761,121,2804,,8016.0,,2797.0,,2800.0,,30,,12:52.03,,,,,1048,True,Relays,0,0,0.0,M,False,2,2025-02-15,2025-02-15,False,,,,,,
45127,92760,121,2804,,3960.0,,4530.0,,8016.0,,24,,4:09.49,,,,,1048,True,Relays,400,852,826.0,M,False,2,2025-02-15,2025-02-15,False,72.68,,883.63,,312,
45177,92859,59,3908,,1624.0,,3907.0,,3912.0,,22,,1:32.94,,,,,1051,True,Relays,813,1170,1398.0,M,False,2,2025-02-15,2025-02-15,False,,,,,,
45178,92860,59,11372,,1639.0,,24997.0,,21472.0,,24,,3:38.66,,,,,1051,True,Relays,719,1091,1264.5,M,False,2,2025-02-15,2025-02-15,False,84.58,,1123.2,,536,
45179,92861,59,3900,,3902.0,,3909.0,,1624.0,,24,,3:49.28,,,,,1051,True,Relays,599,1005,1101.5,M,False,2,2025-02-15,2025-02-15,False,80.07,,1033.4,,452,
45180,92862,59,1638,,1632.0,,1631.0,,1645.0,,24,,3:58.83,,,,,1051,True,Relays,500,931,965.5,M,False,2,2025-02-15,2025-02-15,False,76.4,,959.47,,383,
45181,92863,59,3900,,,,,,,,40,,1.88m,,,,,1051,True,Jumps,801,1091,1346.5,M,False,2,2025-02-15,2025-02-15,False,,,,,626,
45182,92864,59,4083,,,,,,,,39,,13.19m,,,,,1051,True,Jumps,764,1034,1281.0,M,False,2,2025-02-15,2025-02-15,False,,,,,550,
62864,95828,37,25551,,3402.0,,3410.0,,18805.0,,26,,9:22.70,,,,,1084,True,Relays,0,0,0.0,M,False,2,2025-03-01,2025-03-01,False,,,,,,
62883,95771,43,20472,,20479.0,,4865.0,,3400.0,,24,,3:45.38,,,,,1084,True,Relays,642,1036,1160.0,M,False,2,2025-03-01,2025-03-01,False,81.67,,1065.4,,482,
63507,91113,131,1231,,4318.0,,11397.0,,24867.0,,30,,11:33.13,,,,,1026,True,Relays,0,0,0.0,M,False,2,2025-02-09,2025-02-09,False,,,,,,
