,result_id,team_id,athlete_id,grade,athlete_id_2,grade_2,athlete_id_3,grade_3,athlete_id_4,grade_4,running_event_id,event_type,result_time,relay_split,relay_split_2,relay_split_3,wind,meet_id,approved,Track_Event_Type,World_Athletics_Points_Men,World_Athletics_Points_Women,Average_Score,gender,is_hidden,sport_id,start_date,end_date,nationals
61,9558,44,4779,,,,,,,,40,,1.47m,,,,,131,True,Jumps,451,697,799.5,F,False,2,2024-02-03,2024-02-03,False
64,12575,44,4779,,,,,,,,40,,1.50m,,,,,169,True,Jumps,477,725,839.5,F,False,2,2024-02-24,2024-02-24,False
65,12596,44,4779,,,,,,,,38,,4.57m,,,,,169,True,Jumps,412,690,757.0,F,False,2,2024-02-24,2024-02-24,False
1472,9958,139,1497,,1483.0,,1458.0,,4228.0,,30,,14:25.38,,,,,143,True,Relays,0,0,0.0,F,False,2,2024-02-10,2024-02-10,False
1794,12656,108,3973,,3637.0,,3638.0,,4217.0,,22,,1:55.49,,,,,169,True,Relays,253,769,637.5,F,False,2,2024-02-24,2024-02-24,False
1795,12657,116,3933,,3932.0,,3934.0,,4828.0,,22,,1:58.40,,,,,169,True,Relays,204,723,565.5,F,False,2,2024-02-24,2024-02-24,False
1796,12658,61,4020,,4019.0,,4615.0,,4028.0,,22,,1:59.45,,,,,169,True,Relays,187,707,540.5,F,False,2,2024-02-24,2024-02-24,False
1797,12659,58,4817,,3921.0,,4743.0,,4810.0,,22,,2:00.45,,,,,169,True,Relays,172,692,518.0,F,False,2,2024-02-24,2024-02-24,False
1798,12660,117,3976,,3966.0,,4090.0,,3972.0,,22,,2:02.68,,,,,169,True,Relays,141,658,470.0,F,False,2,2024-02-24,2024-02-24,False
1799,12661,124,1945,,4829.0,,3820.0,,3818.0,,22,,2:03.07,,,,,169,True,Relays,136,653,462.5,F,False,2,2024-02-24,2024-02-24,False
1800,12662,56,4102,,4453.0,,4103.0,,4745.0,,22,,2:05.57,,,,,169,True,Relays,105,616,413.0,F,False,2,2024-02-24,2024-02-24,False
1801,12663,61,2252,,4831.0,,4610.0,,4026.0,,22,,2:07.58,,,,,169,True,Relays,84,588,378.0,F,False,2,2024-02-24,2024-02-24,False
1802,12664,1,4600,,4753.0,,3975.0,,71.0,,22,,2:11.36,,,,,169,True,Relays,49,536,317.0,F,False,2,2024-02-24,2024-02-24,False
1803,12665,108,2232,,3322.0,,4809.0,,3980.0,,22,,2:22.79,,,,,169,True,Relays,0,395,197.5,F,False,2,2024-02-24,2024-02-24,False
4701,12404,60,3379,,4776.0,,4799.0,,3375.0,,24,,5:34.37,,,,,169,True,Relays,1,346,174.0,F,False,2,2024-02-24,2024-02-24,False
5233,7620,202,3505,,,,,,,,38,,4.35m,,,,,72,True,Jumps,367,644,689.0,F,False,2,2023-12-01,2023-12-01,False
5234,7621,202,3505,,,,,,,,39,,10.05m,,,,,72,True,Jumps,445,719,804.5,F,False,2,2023-12-01,2023-12-01,False
5270,7657,1,3521,,,,,,,,38,,3.67m,,,,,73,True,Jumps,230,501,480.5,F,False,2,2023-12-01,2023-12-01,False
5300,7688,199,3533,,3537.0,,3538.0,,1795.0,,22,,2:02.02,,,,,74,True,Relays,150,668,484.0,F,False,2,2023-12-02,2023-12-02,False
5301,7689,199,1776,,1795.0,,1756.0,,3538.0,,24,,4:43.84,,,,,74,True,Relays,154,620,464.0,F,False,2,2023-12-02,2023-12-02,False
5303,7691,188,3525,,,,,,,,40,,1.45m,,,,,74,True,Jumps,435,678,774.0,F,False,2,2023-12-02,2023-12-02,False
5364,7758,56,3566,,,,,,,,40,,1.60m,,,,,75,True,Jumps,561,820,971.0,F,False,2,2023-12-02,2023-12-02,False
5365,7759,56,3565,,,,,,,,40,,1.40m,,,,,75,True,Jumps,393,631,708.5,F,False,2,2023-12-02,2023-12-02,False
5366,7760,56,3562,,,,,,,,38,,4.79m,,,,,75,True,Jumps,457,737,825.5,F,False,2,2023-12-02,2023-12-02,False
5367,7761,56,3564,,,,,,,,38,,4.39m,,,,,75,True,Jumps,375,652,701.0,F,False,2,2023-12-02,2023-12-02,False
5411,7805,166,3581,,3587.0,,3589.0,,3583.0,,24,,4:34.45,,,,,77,True,Relays,210,680,550.0,F,False,2,2023-12-02,2023-12-02,False
5412,7806,166,3589,,3586.0,,3587.0,,3585.0,,30,,13:41.09,,,,,77,True,Relays,0,0,0.0,F,False,2,2023-12-02,2023-12-02,False
5432,7824,204,3598,,,,,,,,38,,4.70m,,,,,78,True,Jumps,439,718,798.0,F,False,2,2023-12-02,2023-12-02,False
5433,7825,204,3598,,,,,,,,39,,9.87m,,,,,78,True,Jumps,427,701,777.5,F,False,2,2023-12-02,2023-12-02,False
5515,7908,147,3643,,,,,,,,38,,4.72m,,,,,83,True,Jumps,443,722,804.0,F,False,2,2023-12-09,2023-12-09,False
5517,7910,147,3643,,,,,,,,39,,9.81m,,,,,83,True,Jumps,421,695,768.5,F,False,2,2023-12-09,2023-12-09,False
5521,7914,146,3648,,3649.0,,3650.0,,3651.0,,29,,5:17.61,,,,,84,True,Relays,0,0,0.0,F,False,2,2023-12-09,2023-12-09,False
5522,7915,158,2397,,2388.0,,3652.0,,3653.0,,29,,5:19.90,,,,,84,True,Relays,0,0,0.0,F,False,2,2023-12-09,2023-12-09,False
5523,7916,146,3654,,3655.0,,3656.0,,3657.0,,29,,5:24.33,,,,,84,True,Relays,0,0,0.0,F,False,2,2023-12-09,2023-12-09,False
5540,7933,158,3664,,,,,,,,38,,4.57m,,,,,84,True,Jumps,412,690,757.0,F,False,2,2023-12-09,2023-12-09,False
5541,7934,146,3657,,,,,,,,38,,4.32m,,,,,84,True,Jumps,361,637,679.5,F,False,2,2023-12-09,2023-12-09,False
5550,7944,146,3665,,,,,,,,40,,1.52m,,,,,84,True,Jumps,494,744,866.0,F,False,2,2023-12-09,2023-12-09,False
5551,7945,146,3656,,,,,,,,40,,1.47m,,,,,84,True,Jumps,451,697,799.5,F,False,2,2023-12-09,2023-12-09,False
5552,7946,146,3666,,,,,,,,40,,1.37m,,,,,84,True,Jumps,368,602,669.0,F,False,2,2023-12-09,2023-12-09,False
5556,7950,158,3653,,3652.0,,3660.0,,2416.0,,24,,4:53.77,,,,,84,True,Relays,104,560,384.0,F,False,2,2023-12-09,2023-12-09,False
5562,7956,146,3657,,,,,,,,39,,10.68m,,,,,84,True,Jumps,508,781,898.5,F,False,2,2023-12-09,2023-12-09,False
5563,7957,158,3664,,,,,,,,39,,10.66m,,,,,84,True,Jumps,506,779,895.5,F,False,2,2023-12-09,2023-12-09,False
5564,7958,146,3666,,,,,,,,39,,9.24m,,,,,84,True,Jumps,364,639,683.5,F,False,2,2023-12-09,2023-12-09,False
5683,8081,146,3656,,,,,,,,40,,1.50m,,,,,88,True,Jumps,477,725,839.5,F,False,2,2024-01-13,2024-01-13,False
5684,8082,146,3717,,,,,,,,38,,5.81m,,,,,88,True,Jumps,668,955,1145.5,F,False,2,2024-01-13,2024-01-13,False
5685,8083,146,3657,,,,,,,,38,,4.46m,,,,,88,True,Jumps,389,667,722.5,F,False,2,2024-01-13,2024-01-13,False
5686,8084,146,3718,,,,,,,,38,,4.44m,,,,,88,True,Jumps,385,663,716.5,F,False,2,2024-01-13,2024-01-13,False
5687,8085,146,3657,,,,,,,,39,,10.74m,,,,,88,True,Jumps,514,787,907.5,F,False,2,2024-01-13,2024-01-13,False
5795,8191,133,3744,,,,,,,,38,,4.89m,,,,,94,True,Jumps,478,758,857.0,F,False,2,2024-01-20,2024-01-20,False
5796,8192,133,3745,,,,,,,,38,,4.36m,,,,,94,True,Jumps,369,646,692.0,F,False,2,2024-01-20,2024-01-20,False
5797,8193,133,3745,,,,,,,,39,,10.16m,,,,,94,True,Jumps,456,730,821.0,F,False,2,2024-01-20,2024-01-20,False
5815,8224,112,3756,,,,,,,,38,,4.02m,,,,,97,True,Jumps,300,574,587.0,F,False,2,2024-01-20,2024-01-20,False
5816,8225,112,3755,,,,,,,,38,,3.45m,,,,,97,True,Jumps,185,456,413.0,F,False,2,2024-01-20,2024-01-20,False
5857,8263,127,3767,,3768.0,,3769.0,,3770.0,,24,,4:59.74,,,,,98,True,Relays,79,526,342.0,F,False,2,2024-01-20,2024-01-20,False
5939,8351,56,3566,,,,,,,,40,,1.55m,,,,,101,True,Jumps,519,773,905.5,F,False,2,2024-01-20,2024-01-20,False
5940,8352,56,3792,,,,,,,,40,,1.45m,,,,,101,True,Jumps,435,678,774.0,F,False,2,2024-01-20,2024-01-20,False
5941,8353,56,3565,,,,,,,,40,,1.40m,,,,,101,True,Jumps,393,631,708.5,F,False,2,2024-01-20,2024-01-20,False
5942,8354,56,3793,,,,,,,,38,,5.21m,,,,,101,True,Jumps,544,826,957.0,F,False,2,2024-01-20,2024-01-20,False
5943,8355,56,3792,,,,,,,,38,,4.64m,,,,,101,True,Jumps,426,705,778.5,F,False,2,2024-01-20,2024-01-20,False
5968,8376,56,3796,,3366.0,,246.0,,3563.0,,24,,4:32.16,,,,,101,True,Relays,224,695,571.5,F,False,2,2024-01-20,2024-01-20,False
6027,8437,124,1937,,3821.0,,1953.0,,1945.0,,24,,4:41.25,,,,,102,True,Relays,168,637,486.5,F,False,2,2024-01-20,2024-01-20,False
6028,8438,124,3317,,1939.0,,3825.0,,3826.0,,24,,4:45.94,,,,,102,True,Relays,142,607,445.5,F,False,2,2024-01-20,2024-01-20,False
6029,8439,124,1975,,2842.0,,1952.0,,3824.0,,24,,5:38.36,,,,,102,True,Relays,0,328,164.0,F,False,2,2024-01-20,2024-01-20,False
6030,8440,124,3815,,,,,,,,38,,4.81m,,,,,102,True,Jumps,461,741,831.5,F,False,2,2024-01-20,2024-01-20,False
6031,8441,124,3825,,,,,,,,38,,4.74m,,,,,102,True,Jumps,447,726,810.0,F,False,2,2024-01-20,2024-01-20,False
6091,8505,188,3525,,,,,,,,40,,1.40m,,,,,104,True,Jumps,393,631,708.5,F,False,2,2024-01-21,2024-01-21,False
6092,8506,188,3534,,3535.0,,3536.0,,3532.0,,25,,4:35.85,,,,,104,True,Relays,0,0,0.0,F,False,2,2024-01-21,2024-01-21,False
6198,8611,118,3865,,3867.0,,3868.0,,3869.0,,30,,15:12.77,,,,,109,True,Relays,0,0,0.0,F,False,2,2024-01-26,2024-01-27,False
6202,8615,124,1937,,1966.0,,1954.0,,3862.0,,24,,4:42.66,,,,,109,True,Relays,160,628,474.0,F,False,2,2024-01-26,2024-01-27,False
6203,8616,124,1928,,2850.0,,1939.0,,1952.0,,24,,4:45.06,,,,,109,True,Relays,147,613,453.5,F,False,2,2024-01-26,2024-01-27,False
6204,8617,112,3753,,2835.0,,3755.0,,3754.0,,24,,4:48.00,,,,,109,True,Relays,132,595,429.5,F,False,2,2024-01-26,2024-01-27,False
6205,8618,124,3317,,3820.0,,1930.0,,1953.0,,24,,4:58.88,,,,,109,True,Relays,82,531,347.5,F,False,2,2024-01-26,2024-01-27,False
6302,8718,59,3890,,,,,,,,38,,4.49m,,,,,111,True,Jumps,396,673,732.5,F,False,2,2024-01-26,2024-01-27,False
6303,8719,59,3892,,,,,,,,38,,4.34m,,,,,111,True,Jumps,365,641,685.5,F,False,2,2024-01-26,2024-01-27,False
6384,8801,116,3939,,,,,,,,38,,4.41m,,,,,113,True,Jumps,379,656,707.0,F,False,2,2024-01-27,2024-01-27,False
6385,8802,116,3939,,,,,,,,39,,9.20m,,,,,113,True,Jumps,360,635,677.5,F,False,2,2024-01-27,2024-01-27,False
6411,8829,121,3955,Sr,2791.0,,3954.0,,3956.0,,22,,2:07.86,,,,,114,True,Relays,81,584,373.0,F,False,2,2024-01-27,2024-01-27,False
6428,8847,117,3965,,,,,,,,38,,4.15m,,,,,115,True,Jumps,326,601,626.5,F,False,2,2024-01-27,2024-01-27,False
6429,8848,117,3965,,,,,,,,40,,1.45m,,,,,115,True,Jumps,435,678,774.0,F,False,2,2024-01-27,2024-01-27,False
6430,8849,117,3966,,,,,,,,40,,1.40m,,,,,115,True,Jumps,393,631,708.5,F,False,2,2024-01-27,2024-01-27,False
6435,8854,1,68,,64.0,,70.0,,67.0,,26,,10:56.41,,,,,115,True,Relays,0,0,0.0,F,False,2,2024-01-27,2024-01-27,False
6436,8855,117,1956,,238.0,,3968.0,,3969.0,,26,,11:21.93,,,,,115,True,Relays,0,0,0.0,F,False,2,2024-01-27,2024-01-27,False
6437,8856,108,3970,,2232.0,,3322.0,,3971.0,,26,,11:30.09,,,,,115,True,Relays,0,0,0.0,F,False,2,2024-01-27,2024-01-27,False
6485,8904,117,3977,,243.0,,3972.0,,234.0,,24,,4:33.00,,,,,115,True,Relays,219,690,564.0,F,False,2,2024-01-27,2024-01-27,False
6486,8905,108,3971,,3638.0,,3742.0,,3637.0,,24,,4:38.53,,,,,115,True,Relays,184,654,511.0,F,False,2,2024-01-27,2024-01-27,False
6487,8906,1,65,,64.0,,71.0,,3975.0,,24,,4:39.45,,,,,115,True,Relays,179,648,503.0,F,False,2,2024-01-27,2024-01-27,False
6488,8907,117,237,,238.0,,3968.0,,236.0,,24,,4:59.58,,,,,115,True,Relays,79,527,342.5,F,False,2,2024-01-27,2024-01-27,False
6691,9114,61,4024,,4026.0,,4021.0,,4029.0,,24,,4:30.38,,,,,123,True,Relays,236,707,589.5,F,False,2,2024-02-03,2024-02-03,False
6692,9115,61,2245,,2249.0,,4027.0,,2238.0,,24,,4:31.73,,,,,123,True,Relays,227,698,576.0,F,False,2,2024-02-03,2024-02-03,False
6693,9116,61,4019,,,,,,,,40,,1.40m,,,,,123,True,Jumps,393,631,708.5,F,False,2,2024-02-03,2024-02-03,False
6694,9117,61,4030,,,,,,,,40,,1.35m,,,,,123,True,Jumps,351,584,643.0,F,False,2,2024-02-03,2024-02-03,False
6695,9118,61,4018,,,,,,,,38,,5.24m,,,,,123,True,Jumps,550,833,966.5,F,False,2,2024-02-03,2024-02-03,False
6696,9119,61,4019,,,,,,,,38,,4.58m,,,,,123,True,Jumps,414,692,760.0,F,False,2,2024-02-03,2024-02-03,False
6697,9120,61,4028,,,,,,,,38,,4.56m,,,,,123,True,Jumps,410,688,754.0,F,False,2,2024-02-03,2024-02-03,False
6698,9121,61,4031,,,,,,,,38,,4.09m,,,,,123,True,Jumps,314,589,608.5,F,False,2,2024-02-03,2024-02-03,False
6699,9122,61,4032,,,,,,,,39,,9.68m,,,,,123,True,Jumps,408,682,749.0,F,False,2,2024-02-03,2024-02-03,False
6700,9123,61,4031,,,,,,,,39,,9.61m,,,,,123,True,Jumps,401,675,738.5,F,False,2,2024-02-03,2024-02-03,False
6701,9124,61,4028,,,,,,,,39,,9.34m,,,,,123,True,Jumps,374,649,698.5,F,False,2,2024-02-03,2024-02-03,False
6768,9191,11,4051,,,,,,,,38,,4.28m,,,,,125,True,Jumps,353,629,667.5,F,False,2,2024-02-03,2024-02-03,False
6843,9270,59,3890,,,,,,,,38,,4.70m,,,,,127,True,Jumps,439,718,798.0,F,False,2,2024-02-03,2024-02-03,False
6908,9334,117,3965,,,,,,,,40,,1.50m,,,,,128,True,Jumps,477,725,839.5,F,False,2,2024-02-03,2024-02-03,False
6917,9343,117,3965,,,,,,,,38,,3.81m,,,,,128,True,Jumps,258,530,523.0,F,False,2,2024-02-03,2024-02-03,False
7009,9436,56,3566,,,,,,,,40,,1.50m,,,,,129,True,Jumps,477,725,839.5,F,False,2,2024-02-03,2024-02-03,False
7010,9437,56,3792,,,,,,,,40,,1.45m,,,,,129,True,Jumps,435,678,774.0,F,False,2,2024-02-03,2024-02-03,False
7011,9438,56,3565,,,,,,,,40,,1.35m,,,,,129,True,Jumps,351,584,643.0,F,False,2,2024-02-03,2024-02-03,False
7012,9439,56,3792,,,,,,,,38,,4.83m,,,,,129,True,Jumps,465,745,837.5,F,False,2,2024-02-03,2024-02-03,False
7017,9444,56,4104,,,,,,,,39,,9.07m,,,,,129,True,Jumps,347,622,658.0,F,False,2,2024-02-03,2024-02-03,False
7033,9460,56,3792,,3797.0,,4102.0,,4103.0,,22,,2:01.19,,,,,129,True,Relays,162,681,502.5,F,False,2,2024-02-03,2024-02-03,False
7034,9461,56,3796,,3563.0,,4105.0,,3798.0,,24,,4:27.44,,,,,129,True,Relays,257,726,620.0,F,False,2,2024-02-03,2024-02-03,False
7129,9559,44,4126,,,,,,,,40,,1.37m,,,,,131,True,Jumps,368,602,669.0,F,False,2,2024-02-03,2024-02-03,False
7141,9574,44,4127,,,,,,,,38,,4.29m,,,,,131,True,Jumps,355,631,670.5,F,False,2,2024-02-03,2024-02-03,False
7142,9575,44,4128,,,,,,,,38,,4.25m,,,,,131,True,Jumps,347,622,658.0,F,False,2,2024-02-03,2024-02-03,False
7189,9622,146,3657,,,,,,,,39,,10.29m,,,,,122,True,Jumps,469,742,840.0,F,False,2,2024-02-02,2024-02-03,False
7190,9623,146,3718,,,,,,,,39,,9.34m,,,,,122,True,Jumps,374,649,698.5,F,False,2,2024-02-02,2024-02-03,False
7230,9632,146,3656,,3650.0,,3648.0,,3651.0,,24,,4:23.28,,,,,122,True,Relays,287,755,664.5,F,False,2,2024-02-02,2024-02-03,False
7236,9633,116,294,,3938.0,,285.0,,291.0,,24,,4:34.71,,,,,122,True,Relays,208,678,547.0,F,False,2,2024-02-02,2024-02-03,False
7316,9760,17,4174,,4159.0,,4175.0,,4162.0,,21,,53.33,,,,,138,True,Relays,322,776,710.0,F,False,2,2024-02-10,2024-02-10,False
7317,9761,17,4176,,4177.0,,4178.0,,4161.0,,21,,54.95,,,,,138,True,Relays,261,721,621.5,F,False,2,2024-02-10,2024-02-10,False
7318,9762,17,4175,,,,,,,,40,,1.52m,,,,,138,True,Jumps,494,744,866.0,F,False,2,2024-02-10,2024-02-10,False
7319,9763,17,4177,,,,,,,,38,,4.62m,,,,,138,True,Jumps,422,701,772.5,F,False,2,2024-02-10,2024-02-10,False
7320,9764,17,4179,,,,,,,,39,,8.48m,,,,,138,True,Jumps,289,564,571.0,F,False,2,2024-02-10,2024-02-10,False
7395,9839,59,2773,,1673.0,,4075.0,,2061.0,,24,,4:51.94,,,,,139,True,Relays,112,571,397.5,F,False,2,2024-02-10,2024-02-10,False
7456,9900,108,3638,,3637.0,,4216.0,,78.0,,24,,4:24.49,,,,,140,True,Relays,278,746,651.0,F,False,2,2024-02-10,2024-02-10,False
7457,9901,108,2229,,78.0,,3742.0,,4219.0,,30,,13:33.63,,,,,140,True,Relays,0,0,0.0,F,False,2,2024-02-10,2024-02-10,False
7458,9902,108,2230,,4218.0,,3980.0,,3322.0,,30,,15:28.88,,,,,140,True,Relays,0,0,0.0,F,False,2,2024-02-10,2024-02-10,False
7459,9903,108,3637,,,,,,,,38,,4.69m,,,,,140,True,Jumps,436,715,793.5,F,False,2,2024-02-10,2024-02-10,False
7506,9953,159,583,,648.0,,590.0,,2700.0,,30,,13:51.57,,,,,143,True,Relays,0,0,0.0,F,False,2,2024-02-10,2024-02-10,False
7507,9954,164,575,,573.0,,4223.0,,568.0,,30,,13:54.02,,,,,143,True,Relays,0,0,0.0,F,False,2,2024-02-10,2024-02-10,False
7508,9955,178,1730,,3180.0,,3032.0,,1725.0,,30,,14:07.13,,,,,143,True,Relays,0,0,0.0,F,False,2,2024-02-10,2024-02-10,False
7509,9956,203,4224,,4225.0,,4226.0,,4227.0,,30,,14:20.07,,,,,143,True,Relays,0,0,0.0,F,False,2,2024-02-10,2024-02-10,False
7510,9957,164,578,,613.0,,620.0,,3002.0,,30,,14:24.26,,,,,143,True,Relays,0,0,0.0,F,False,2,2024-02-10,2024-02-10,False
7511,9959,164,3098,,567.0,,4115.0,,618.0,,30,,14:31.30,,,,,143,True,Relays,0,0,0.0,F,False,2,2024-02-10,2024-02-10,False
7512,9960,171,1034,,1072.0,,1044.0,,1066.0,,30,,14:35.97,,,,,143,True,Relays,0,0,0.0,F,False,2,2024-02-10,2024-02-10,False
7513,9963,130,4230,,2722.0,,4231.0,,2394.0,,30,,15:14.67,,,,,143,True,Relays,0,0,0.0,F,False,2,2024-02-10,2024-02-10,False
7514,9964,138,644,,607.0,,4232.0,,4233.0,,30,,15:29.71,,,,,143,True,Relays,0,0,0.0,F,False,2,2024-02-10,2024-02-10,False
7515,9965,165,3117,,3108.0,,390.0,,388.0,,30,,15:33.41,,,,,143,True,Relays,0,0,0.0,F,False,2,2024-02-10,2024-02-10,False
7516,9966,158,2389,,2403.0,,4234.0,,2422.0,,30,,15:38.00,,,,,143,True,Relays,0,0,0.0,F,False,2,2024-02-10,2024-02-10,False
7517,9967,159,2163,,2712.0,,650.0,,4235.0,,30,,15:38.94,,,,,143,True,Relays,0,0,0.0,F,False,2,2024-02-10,2024-02-10,False
7518,9968,169,2420,,4236.0,,1153.0,,4237.0,,30,,15:51.58,,,,,143,True,Relays,0,0,0.0,F,False,2,2024-02-10,2024-02-10,False
7519,9969,69,4238,,2536.0,,2524.0,,4239.0,,30,,16:10.90,,,,,143,True,Relays,0,0,0.0,F,False,2,2024-02-10,2024-02-10,False
7523,9973,203,4242,,4243.0,,4244.0,,4245.0,,24,,4:15.60,,,,,143,True,Relays,348,808,752.0,F,False,2,2024-02-10,2024-02-10,False
7524,9974,146,3651,,1054.0,,3648.0,,992.0,,24,,4:27.48,,,,,143,True,Relays,257,726,620.0,F,False,2,2024-02-10,2024-02-10,False
7525,9977,159,4246,,4235.0,,648.0,,4247.0,,24,,4:45.24,,,,,143,True,Relays,146,612,452.0,F,False,2,2024-02-10,2024-02-10,False
7526,9978,164,3098,,3002.0,,4115.0,,620.0,,24,,4:46.72,,,,,143,True,Relays,138,603,439.5,F,False,2,2024-02-10,2024-02-10,False
7527,9979,178,1725,,1730.0,,3180.0,,3179.0,,24,,4:51.03,,,,,143,True,Relays,117,577,405.5,F,False,2,2024-02-10,2024-02-10,False
7528,9981,130,4231,,2394.0,,4249.0,,2387.0,,24,,5:02.44,,,,,143,True,Relays,68,510,323.0,F,False,2,2024-02-10,2024-02-10,False
7529,9982,178,3033,,1764.0,,1746.0,,4250.0,,24,,5:06.98,,,,,143,True,Relays,53,485,295.5,F,False,2,2024-02-10,2024-02-10,False
7530,9983,165,390,,388.0,,3117.0,,3108.0,,24,,5:10.79,,,,,143,True,Relays,41,464,273.0,F,False,2,2024-02-10,2024-02-10,False
7531,9984,164,613,,567.0,,3116.0,,578.0,,24,,5:11.35,,,,,143,True,Relays,40,461,270.5,F,False,2,2024-02-10,2024-02-10,False
7532,9985,130,2708,,2722.0,,2414.0,,4230.0,,24,,5:35.28,,,,,143,True,Relays,1,342,172.0,F,False,2,2024-02-10,2024-02-10,False
7533,9986,158,2416,,4251.0,,4252.0,,2428.0,,24,,6:03.46,,,,,143,True,Relays,0,225,112.5,F,False,2,2024-02-10,2024-02-10,False
7534,9987,203,4242,,4243.0,,4253.0,,4245.0,,22,,1:49.78,,,,,143,True,Relays,365,862,796.0,F,False,2,2024-02-10,2024-02-10,False
7535,9988,146,4248,,3649.0,,3648.0,,3658.0,,22,,1:52.78,,,,,143,True,Relays,303,813,709.5,F,False,2,2024-02-10,2024-02-10,False
7536,9989,159,4254,,4255.0,,4256.0,,2700.0,,22,,1:54.03,,,,,143,True,Relays,280,792,676.0,F,False,2,2024-02-10,2024-02-10,False
7537,9990,167,4257,,4258.0,,4259.0,,4260.0,,22,,1:55.44,,,,,143,True,Relays,254,769,638.5,F,False,2,2024-02-10,2024-02-10,False
7538,9991,146,4261,,3655.0,,3657.0,,4262.0,,22,,1:58.82,,,,,143,True,Relays,197,717,555.5,F,False,2,2024-02-10,2024-02-10,False
7539,9992,158,3660,,4263.0,,3664.0,,4264.0,,22,,2:05.88,,,,,143,True,Relays,102,612,408.0,F,False,2,2024-02-10,2024-02-10,False
7591,9952,146,1046,,996.0,,990.0,,994.0,,30,,13:40.09,,,,,143,True,Relays,0,0,0.0,F,False,2,2024-02-10,2024-02-10,False
7593,9980,146,1020,,4248.0,,3654.0,,3716.0,,24,,5:01.30,,,,,143,True,Relays,73,517,331.5,F,False,2,2024-02-10,2024-02-10,False
7594,9962,146,1112,,1050.0,,1042.0,,1004.0,,30,,15:12.67,,,,,143,True,Relays,0,0,0.0,F,False,2,2024-02-10,2024-02-10,False
7706,10244,162,1122,,1100.0,,4306.0,,3786.0,,24,,4:29.66,,,,,143,True,Relays,241,712,597.0,F,False,2,2024-02-10,2024-02-10,False
7748,10207,146,3717,,,,,,,,38,,5.94m,,,,,143,True,Jumps,696,983,1187.5,F,False,2,2024-02-10,2024-02-10,False
7749,10208,167,4259,,,,,,,,38,,5.19m,,,,,143,True,Jumps,539,822,950.0,F,False,2,2024-02-10,2024-02-10,False
7750,10209,167,4260,,,,,,,,38,,4.82m,,,,,143,True,Jumps,463,743,834.5,F,False,2,2024-02-10,2024-02-10,False
7751,10210,158,3664,,,,,,,,38,,4.70m,,,,,143,True,Jumps,439,718,798.0,F,False,2,2024-02-10,2024-02-10,False
7752,10211,178,4271,,,,,,,,38,,4.69m,,,,,143,True,Jumps,436,715,793.5,F,False,2,2024-02-10,2024-02-10,False
7753,10212,203,4290,,,,,,,,38,,4.66m,,,,,143,True,Jumps,430,709,784.5,F,False,2,2024-02-10,2024-02-10,False
7754,10213,159,4268,,,,,,,,38,,4.56m,,,,,143,True,Jumps,410,688,754.0,F,False,2,2024-02-10,2024-02-10,False
7755,10214,159,4256,,,,,,,,38,,4.34m,,,,,143,True,Jumps,365,641,685.5,F,False,2,2024-02-10,2024-02-10,False
7756,10215,69,4273,,,,,,,,38,,4.28m,,,,,143,True,Jumps,353,629,667.5,F,False,2,2024-02-10,2024-02-10,False
7757,10216,159,648,,,,,,,,38,,4.25m,,,,,143,True,Jumps,347,622,658.0,F,False,2,2024-02-10,2024-02-10,False
7758,10217,146,3718,,,,,,,,38,,4.23m,,,,,143,True,Jumps,343,618,652.0,F,False,2,2024-02-10,2024-02-10,False
7759,10218,159,4246,,,,,,,,38,,3.97m,,,,,143,True,Jumps,290,564,572.0,F,False,2,2024-02-10,2024-02-10,False
7760,10219,138,2424,,,,,,,,38,,3.86m,,,,,143,True,Jumps,268,541,538.5,F,False,2,2024-02-10,2024-02-10,False
7761,10220,203,4300,,,,,,,,38,,3.64m,,,,,143,True,Jumps,224,495,471.5,F,False,2,2024-02-10,2024-02-10,False
7762,10221,130,2414,,,,,,,,38,,3.54m,,,,,143,True,Jumps,203,474,440.0,F,False,2,2024-02-10,2024-02-10,False
7763,10222,146,3717,,,,,,,,39,,12.37m,,,,,143,True,Jumps,680,951,1155.5,F,False,2,2024-02-10,2024-02-10,False
7764,10223,146,3657,,,,,,,,39,,10.78m,,,,,143,True,Jumps,518,791,913.5,F,False,2,2024-02-10,2024-02-10,False
7765,10224,167,4259,,,,,,,,39,,10.72m,,,,,143,True,Jumps,512,785,904.5,F,False,2,2024-02-10,2024-02-10,False
7766,10225,158,3664,,,,,,,,39,,10.16m,,,,,143,True,Jumps,456,730,821.0,F,False,2,2024-02-10,2024-02-10,False
7767,10226,167,4260,,,,,,,,39,,10.15m,,,,,143,True,Jumps,455,729,819.5,F,False,2,2024-02-10,2024-02-10,False
7768,10227,146,3718,,,,,,,,39,,9.80m,,,,,143,True,Jumps,420,694,767.0,F,False,2,2024-02-10,2024-02-10,False
7769,10228,178,4271,,,,,,,,39,,9.75m,,,,,143,True,Jumps,415,689,759.5,F,False,2,2024-02-10,2024-02-10,False
7770,10229,146,3666,,,,,,,,39,,9.47m,,,,,143,True,Jumps,387,661,717.5,F,False,2,2024-02-10,2024-02-10,False
7771,10230,159,4246,,,,,,,,39,,9.22m,,,,,143,True,Jumps,362,637,680.5,F,False,2,2024-02-10,2024-02-10,False
7772,10231,138,2424,,,,,,,,39,,8.67m,,,,,143,True,Jumps,307,583,598.5,F,False,2,2024-02-10,2024-02-10,False
7773,10232,146,3656,,,,,,,,40,,1.52m,,,,,143,True,Jumps,494,744,866.0,F,False,2,2024-02-10,2024-02-10,False
7774,10233,167,4259,,,,,,,,40,,1.52m,,,,,143,True,Jumps,494,744,866.0,F,False,2,2024-02-10,2024-02-10,False
7775,10234,139,4302,,,,,,,,40,,1.47m,,,,,143,True,Jumps,451,697,799.5,F,False,2,2024-02-10,2024-02-10,False
7776,10235,159,648,,,,,,,,40,,1.46m,,,,,143,True,Jumps,443,687,786.5,F,False,2,2024-02-10,2024-02-10,False
7777,10236,146,3666,,,,,,,,40,,1.40m,,,,,143,True,Jumps,393,631,708.5,F,False,2,2024-02-10,2024-02-10,False
7778,10237,146,3718,,,,,,,,40,,1.40m,,,,,143,True,Jumps,393,631,708.5,F,False,2,2024-02-10,2024-02-10,False
7779,10238,159,4268,,,,,,,,40,,1.34m,,,,,143,True,Jumps,343,574,630.0,F,False,2,2024-02-10,2024-02-10,False
7780,10239,159,4246,,,,,,,,40,,1.34m,,,,,143,True,Jumps,343,574,630.0,F,False,2,2024-02-10,2024-02-10,False
7781,10240,146,3649,,3651.0,,3726.0,,3729.0,,24,,4:03.48,,,,,143,True,Relays,455,896,903.0,F,False,2,2024-02-10,2024-02-10,False
7782,10241,167,4258,,4303.0,,4257.0,,4304.0,,24,,4:10.54,,,,,143,True,Relays,391,844,813.0,F,False,2,2024-02-10,2024-02-10,False
7783,10243,158,3653,,2454.0,,2416.0,,3170.0,,24,,4:27.38,,,,,143,True,Relays,257,727,620.5,F,False,2,2024-02-10,2024-02-10,False
7800,10245,162,1029,,1014.0,,1428.0,,4307.0,,24,,4:39.36,,,,,143,True,Relays,179,649,503.5,F,False,2,2024-02-10,2024-02-10,False
8348,10822,56,3796,,3563.0,,4105.0,,246.0,,24,,4:20.59,,,,,144,True,Relays,308,773,694.5,F,False,2,2024-02-10,2024-02-10,False
8349,10823,56,3566,,,,,,,,40,,1.56m,,,,,144,True,Jumps,527,782,918.0,F,False,2,2024-02-10,2024-02-10,False
8350,10824,56,3792,,,,,,,,40,,1.46m,,,,,144,True,Jumps,443,687,786.5,F,False,2,2024-02-10,2024-02-10,False
8351,10825,56,3565,,,,,,,,40,,1.41m,,,,,144,True,Jumps,401,640,721.0,F,False,2,2024-02-10,2024-02-10,False
8352,10826,56,3793,,,,,,,,38,,5.18m,,,,,144,True,Jumps,537,820,947.0,F,False,2,2024-02-10,2024-02-10,False
8353,10827,56,3793,,,,,,,,39,,11.31m,,,,,144,True,Jumps,572,844,994.0,F,False,2,2024-02-10,2024-02-10,False
8478,10952,204,3598,,,,,,,,38,,4.80m,,,,,148,True,Jumps,459,739,828.5,F,False,2,2024-02-11,2024-02-11,False
8479,10953,204,3598,,,,,,,,39,,9.76m,,,,,148,True,Jumps,416,690,761.0,F,False,2,2024-02-11,2024-02-11,False
8480,10954,204,809,,,,,,,,40,,1.35m,,,,,148,True,Jumps,351,584,643.0,F,False,2,2024-02-11,2024-02-11,False
8532,11006,203,4290,,,,,,,,38,,4.69m,,,,,149,True,Jumps,436,715,793.5,F,False,2,2024-02-16,2024-02-16,False
8533,11007,203,4496,,,,,,,,38,,4.30m,,,,,149,True,Jumps,357,633,673.5,F,False,2,2024-02-16,2024-02-16,False
8534,11008,203,4496,,,,,,,,39,,10.02m,,,,,149,True,Jumps,442,716,800.0,F,False,2,2024-02-16,2024-02-16,False
8588,11062,112,3756,,,,,,,,38,,3.97m,,,,,150,True,Jumps,290,564,572.0,F,False,2,2024-02-16,2024-02-16,False
8589,11063,112,3755,,,,,,,,38,,3.40m,,,,,150,True,Jumps,175,445,397.5,F,False,2,2024-02-16,2024-02-16,False
8675,11151,59,3888,,3891.0,,3894.0,,3893.0,,24,,4:28.84,,,,,153,True,Relays,247,717,605.5,F,False,2,2024-02-16,2024-02-16,False
8676,11152,59,2061,,3895.0,,2773.0,,1673.0,,24,,4:59.96,,,,,153,True,Relays,78,524,340.0,F,False,2,2024-02-16,2024-02-16,False
8677,11153,59,3892,,,,,,,,38,,3.94m,,,,,153,True,Jumps,284,557,562.5,F,False,2,2024-02-16,2024-02-16,False
8759,11235,116,4528,,3932.0,,3938.0,,3937.0,,24,,4:28.84,,,,,157,True,Relays,247,717,605.5,F,False,2,2024-02-17,2024-02-17,False
8760,11236,116,3933,,285.0,,291.0,,294.0,,24,,4:36.60,,,,,157,True,Relays,196,666,529.0,F,False,2,2024-02-17,2024-02-17,False
8761,11237,116,3935,,3933.0,,3934.0,,4526.0,,22,,1:57.86,,,,,157,True,Relays,213,731,578.5,F,False,2,2024-02-17,2024-02-17,False
8762,11238,116,3939,,,,,,,,38,,4.80m,,,,,157,True,Jumps,459,739,828.5,F,False,2,2024-02-17,2024-02-17,False
8763,11239,116,443,,,,,,,,38,,4.47m,,,,,157,True,Jumps,392,669,726.5,F,False,2,2024-02-17,2024-02-17,False
8764,11240,116,3938,,,,,,,,38,,4.35m,,,,,157,True,Jumps,367,644,689.0,F,False,2,2024-02-17,2024-02-17,False
8765,11241,116,3939,,,,,,,,39,,9.21m,,,,,157,True,Jumps,361,636,679.0,F,False,2,2024-02-17,2024-02-17,False
9035,11573,56,3565,,,,,,,,40,,1.42m,,,,,161,True,Jumps,410,649,734.5,F,False,2,2024-02-17,2024-02-17,False
9036,11574,56,3792,,,,,,,,40,,1.42m,,,,,161,True,Jumps,410,649,734.5,F,False,2,2024-02-17,2024-02-17,False
9057,11595,1,68,,4601.0,,70.0,,65.0,,24,,4:39.72,,,,,161,True,Relays,177,646,500.0,F,False,2,2024-02-17,2024-02-17,False
9058,11596,1,3975,,4600.0,,86.0,,4599.0,,24,,4:42.61,,,,,161,True,Relays,161,628,475.0,F,False,2,2024-02-17,2024-02-17,False
9157,11697,61,4024,,4022.0,,4026.0,,2244.0,,24,,4:32.19,,,,,162,True,Relays,224,695,571.5,F,False,2,2024-02-17,2024-02-17,False
9158,11698,61,2252,,2256.0,,2242.0,,2249.0,,24,,4:42.31,,,,,162,True,Relays,162,630,477.0,F,False,2,2024-02-17,2024-02-17,False
9159,11699,61,4609,,,,,,,,40,,1.35m,,,,,162,True,Jumps,351,584,643.0,F,False,2,2024-02-17,2024-02-17,False
9160,11700,61,4610,,,,,,,,38,,4.79m,,,,,162,True,Jumps,457,737,825.5,F,False,2,2024-02-17,2024-02-17,False
9161,11701,61,4611,,,,,,,,38,,4.23m,,,,,162,True,Jumps,343,618,652.0,F,False,2,2024-02-17,2024-02-17,False
9162,11702,61,4617,,,,,,,,38,,3.90m,,,,,162,True,Jumps,276,549,550.5,F,False,2,2024-02-17,2024-02-17,False
9275,11815,147,3643,,,,,,,,38,,4.93m,,,,,165,True,Jumps,486,766,869.0,F,False,2,2024-02-18,2024-02-18,False
9832,12383,61,4016,,4754.0,,4023.0,,4029.0,,24,,4:05.89,,,,,169,True,Relays,433,878,872.0,F,False,2,2024-02-24,2024-02-24,False
9833,12384,124,3317,,3818.0,,1945.0,,1930.0,,24,,4:19.21,,,,,169,True,Relays,319,783,710.5,F,False,2,2024-02-24,2024-02-24,False
9834,12385,56,4105,,4106.0,,4755.0,,235.0,,24,,4:23.09,,,,,169,True,Relays,289,756,667.0,F,False,2,2024-02-24,2024-02-24,False
9835,12386,56,3796,,246.0,,3366.0,,3563.0,,24,,4:25.81,,,,,169,True,Relays,269,737,637.5,F,False,2,2024-02-24,2024-02-24,False
9836,12387,61,4022,,4026.0,,2245.0,,2242.0,,24,,4:36.02,,,,,169,True,Relays,200,670,535.0,F,False,2,2024-02-24,2024-02-24,False
9837,12389,127,3617,,85.0,,4757.0,,4758.0,,24,,4:53.97,,,,,169,True,Relays,103,559,382.5,F,False,2,2024-02-24,2024-02-24,False
9838,12390,117,234,,3977.0,,3972.0,,243.0,,24,,4:59.23,,,,,169,True,Relays,81,529,345.5,F,False,2,2024-02-24,2024-02-24,False
9839,12391,44,2206,,2208.0,,2204.0,,4759.0,,24,,5:09.45,,,,,169,True,Relays,45,472,281.0,F,False,2,2024-02-24,2024-02-24,False
9840,12392,61,4760,,4761.0,,4031.0,,4762.0,,24,,5:11.12,,,,,169,True,Relays,40,463,271.5,F,False,2,2024-02-24,2024-02-24,False
9841,12393,56,3382,,3364.0,,3368.0,,233.0,,24,,5:11.30,,,,,169,True,Relays,40,462,271.0,F,False,2,2024-02-24,2024-02-24,False
9842,12394,60,4763,,4764.0,,4765.0,,3360.0,,24,,5:12.74,,,,,169,True,Relays,36,454,263.0,F,False,2,2024-02-24,2024-02-24,False
9843,12395,111,295,,302.0,,304.0,,4766.0,,24,,5:15.45,,,,,169,True,Relays,29,440,249.0,F,False,2,2024-02-24,2024-02-24,False
9844,12396,107,1935,,4767.0,,4768.0,,1936.0,,24,,5:17.63,,,,,169,True,Relays,24,428,238.0,F,False,2,2024-02-24,2024-02-24,False
9845,12397,56,4769,,2188.0,,3370.0,,4770.0,,24,,5:17.65,,,,,169,True,Relays,24,428,238.0,F,False,2,2024-02-24,2024-02-24,False
9846,12398,59,4748,,4520.0,,1667.0,,4771.0,,24,,5:18.88,,,,,169,True,Relays,21,422,232.0,F,False,2,2024-02-24,2024-02-24,False
9847,12399,116,294,,4140.0,,442.0,,291.0,,24,,5:29.60,,,,,169,True,Relays,5,369,189.5,F,False,2,2024-02-24,2024-02-24,False
9848,12400,104,4772,,1987.0,,1983.0,,2832.0,,24,,5:29.67,,,,,169,True,Relays,5,369,189.5,F,False,2,2024-02-24,2024-02-24,False
9849,12401,116,4773,,282.0,,284.0,,448.0,,24,,5:30.39,,,,,169,True,Relays,4,365,186.5,F,False,2,2024-02-24,2024-02-24,False
9850,12402,120,307,,4740.0,,306.0,,4774.0,,24,,5:33.02,,,,,169,True,Relays,2,353,178.5,F,False,2,2024-02-24,2024-02-24,False
9851,12403,59,2061,,4775.0,,2062.0,,1673.0,,24,,5:33.78,,,,,169,True,Relays,1,349,175.5,F,False,2,2024-02-24,2024-02-24,False
9852,12405,117,4778,,4092.0,,69.0,,1970.0,,24,,5:42.30,,,,,169,True,Relays,0,311,155.5,F,False,2,2024-02-24,2024-02-24,False
9853,12406,44,2207,,2203.0,,4129.0,,4779.0,,24,,5:47.26,,,,,169,True,Relays,0,289,144.5,F,False,2,2024-02-24,2024-02-24,False
9854,12408,58,2992,,3921.0,,263.0,,4782.0,,24,,5:49.76,,,,,169,True,Relays,0,279,139.5,F,False,2,2024-02-24,2024-02-24,False
9855,12409,116,3932,,4527.0,,4783.0,,4784.0,,24,,5:52.80,,,,,169,True,Relays,0,266,133.0,F,False,2,2024-02-24,2024-02-24,False
9856,12410,36,4785,,4786.0,,4749.0,,4787.0,,24,,6:00.86,,,,,169,True,Relays,0,234,117.0,F,False,2,2024-02-24,2024-02-24,False
9857,12411,36,4751,,4788.0,,4752.0,,4789.0,,24,,6:25.43,,,,,169,True,Relays,0,150,75.0,F,False,2,2024-02-24,2024-02-24,False
10019,12573,56,3566,,,,,,,,40,,1.60m,,,,,169,True,Jumps,561,820,971.0,F,False,2,2024-02-24,2024-02-24,False
10020,12574,61,4738,,,,,,,,40,,1.55m,,,,,169,True,Jumps,519,773,905.5,F,False,2,2024-02-24,2024-02-24,False
10021,12576,56,3792,,,,,,,,40,,1.45m,,,,,169,True,Jumps,435,678,774.0,F,False,2,2024-02-24,2024-02-24,False
10022,12577,117,3966,,,,,,,,40,,1.45m,,,,,169,True,Jumps,435,678,774.0,F,False,2,2024-02-24,2024-02-24,False
10023,12578,56,3565,,,,,,,,40,,1.45m,,,,,169,True,Jumps,435,678,774.0,F,False,2,2024-02-24,2024-02-24,False
10024,12579,61,4022,,,,,,,,40,,1.40m,,,,,169,True,Jumps,393,631,708.5,F,False,2,2024-02-24,2024-02-24,False
10025,12580,127,4806,,,,,,,,40,,1.40m,,,,,169,True,Jumps,393,631,708.5,F,False,2,2024-02-24,2024-02-24,False
10026,12581,61,4609,,,,,,,,40,,1.40m,,,,,169,True,Jumps,393,631,708.5,F,False,2,2024-02-24,2024-02-24,False
10027,12582,61,4019,,,,,,,,40,,1.35m,,,,,169,True,Jumps,351,584,643.0,F,False,2,2024-02-24,2024-02-24,False
10028,12583,61,4030,,,,,,,,40,,1.30m,,,,,169,True,Jumps,310,537,578.5,F,False,2,2024-02-24,2024-02-24,False
10029,12584,117,3976,,,,,,,,40,,1.30m,,,,,169,True,Jumps,310,537,578.5,F,False,2,2024-02-24,2024-02-24,False
10030,12585,61,4807,,,,,,,,40,,1.30m,,,,,169,True,Jumps,310,537,578.5,F,False,2,2024-02-24,2024-02-24,False
10031,12586,59,3889,,,,,,,,40,,1.30m,,,,,169,True,Jumps,310,537,578.5,F,False,2,2024-02-24,2024-02-24,False
10032,12587,111,304,,,,,,,,40,,1.25m,,,,,169,True,Jumps,268,490,513.0,F,False,2,2024-02-24,2024-02-24,False
10033,12588,56,3793,,,,,,,,38,,5.41m,,,,,169,True,Jumps,585,869,1019.5,F,False,2,2024-02-24,2024-02-24,False
10034,12589,61,4018,,,,,,,,38,,5.33m,,,,,169,True,Jumps,568,852,994.0,F,False,2,2024-02-24,2024-02-24,False
10035,12590,56,4755,,,,,,,,38,,5.04m,,,,,169,True,Jumps,508,790,903.0,F,False,2,2024-02-24,2024-02-24,False
10036,12591,56,3792,,,,,,,,38,,4.69m,,,,,169,True,Jumps,436,715,793.5,F,False,2,2024-02-24,2024-02-24,False
10037,12592,61,4019,,,,,,,,38,,4.66m,,,,,169,True,Jumps,430,709,784.5,F,False,2,2024-02-24,2024-02-24,False
10038,12593,116,3939,,,,,,,,38,,4.64m,,,,,169,True,Jumps,426,705,778.5,F,False,2,2024-02-24,2024-02-24,False
10039,12594,61,4610,,,,,,,,38,,4.63m,,,,,169,True,Jumps,424,703,775.5,F,False,2,2024-02-24,2024-02-24,False
10040,12595,56,4745,,,,,,,,38,,4.59m,,,,,169,True,Jumps,416,694,763.0,F,False,2,2024-02-24,2024-02-24,False
10041,12597,116,3938,,,,,,,,38,,4.47m,,,,,169,True,Jumps,392,669,726.5,F,False,2,2024-02-24,2024-02-24,False
10042,12598,108,3637,,,,,,,,38,,4.45m,,,,,169,True,Jumps,387,665,719.5,F,False,2,2024-02-24,2024-02-24,False
10043,12599,117,1970,,,,,,,,38,,4.45m,,,,,169,True,Jumps,387,665,719.5,F,False,2,2024-02-24,2024-02-24,False
10044,12600,61,4028,,,,,,,,38,,4.44m,,,,,169,True,Jumps,385,663,716.5,F,False,2,2024-02-24,2024-02-24,False
10045,12601,56,3564,,,,,,,,38,,4.38m,,,,,169,True,Jumps,373,650,698.0,F,False,2,2024-02-24,2024-02-24,False
10046,12602,61,4746,,,,,,,,38,,4.36m,,,,,169,True,Jumps,369,646,692.0,F,False,2,2024-02-24,2024-02-24,False
10047,12603,59,3892,,,,,,,,38,,4.33m,,,,,169,True,Jumps,363,639,682.5,F,False,2,2024-02-24,2024-02-24,False
10048,12604,61,4031,,,,,,,,38,,4.24m,,,,,169,True,Jumps,345,620,655.0,F,False,2,2024-02-24,2024-02-24,False
10049,12605,61,4741,,,,,,,,38,,4.19m,,,,,169,True,Jumps,335,610,640.0,F,False,2,2024-02-24,2024-02-24,False
10050,12606,61,4611,,,,,,,,38,,4.14m,,,,,169,True,Jumps,324,599,623.5,F,False,2,2024-02-24,2024-02-24,False
10051,12607,61,4032,,,,,,,,38,,4.09m,,,,,169,True,Jumps,314,589,608.5,F,False,2,2024-02-24,2024-02-24,False
10052,12608,61,4760,,,,,,,,38,,4.02m,,,,,169,True,Jumps,300,574,587.0,F,False,2,2024-02-24,2024-02-24,False
10053,12609,124,3818,,,,,,,,38,,4.00m,,,,,169,True,Jumps,296,570,581.0,F,False,2,2024-02-24,2024-02-24,False
10054,12610,61,4021,,,,,,,,38,,3.89m,,,,,169,True,Jumps,274,547,547.5,F,False,2,2024-02-24,2024-02-24,False
10055,12611,61,4617,,,,,,,,38,,3.82m,,,,,169,True,Jumps,260,532,526.0,F,False,2,2024-02-24,2024-02-24,False
10056,12612,61,4808,,,,,,,,38,,3.72m,,,,,169,True,Jumps,240,512,496.0,F,False,2,2024-02-24,2024-02-24,False
10057,12613,108,4809,,,,,,,,38,,3.69m,,,,,169,True,Jumps,234,505,486.5,F,False,2,2024-02-24,2024-02-24,False
10058,12614,117,4090,,,,,,,,38,,3.68m,,,,,169,True,Jumps,232,503,483.5,F,False,2,2024-02-24,2024-02-24,False
10059,12615,59,4074,,,,,,,,38,,3.64m,,,,,169,True,Jumps,224,495,471.5,F,False,2,2024-02-24,2024-02-24,False
10060,12616,56,3793,,,,,,,,39,,11.35m,,,,,169,True,Jumps,576,848,1000.0,F,False,2,2024-02-24,2024-02-24,False
10061,12617,56,4755,,,,,,,,39,,10.98m,,,,,169,True,Jumps,538,811,943.5,F,False,2,2024-02-24,2024-02-24,False
10062,12618,61,4018,,,,,,,,39,,10.12m,,,,,169,True,Jumps,452,726,815.0,F,False,2,2024-02-24,2024-02-24,False
10063,12619,61,4032,,,,,,,,39,,9.85m,,,,,169,True,Jumps,425,699,774.5,F,False,2,2024-02-24,2024-02-24,False
10064,12620,61,4028,,,,,,,,39,,9.66m,,,,,169,True,Jumps,406,680,746.0,F,False,2,2024-02-24,2024-02-24,False
10065,12621,56,4104,,,,,,,,39,,9.53m,,,,,169,True,Jumps,393,667,726.5,F,False,2,2024-02-24,2024-02-24,False
10066,12622,61,4031,,,,,,,,39,,9.30m,,,,,169,True,Jumps,370,645,692.5,F,False,2,2024-02-24,2024-02-24,False
10067,12623,58,4810,,,,,,,,39,,9.13m,,,,,169,True,Jumps,353,628,667.0,F,False,2,2024-02-24,2024-02-24,False
10068,12624,116,3939,,,,,,,,39,,9.07m,,,,,169,True,Jumps,347,622,658.0,F,False,2,2024-02-24,2024-02-24,False
10069,12625,59,3892,,,,,,,,39,,9.05m,,,,,169,True,Jumps,345,620,655.0,F,False,2,2024-02-24,2024-02-24,False
10070,12626,61,4760,,,,,,,,39,,9.01m,,,,,169,True,Jumps,341,616,649.0,F,False,2,2024-02-24,2024-02-24,False
10071,12627,111,304,,,,,,,,39,,8.30m,,,,,169,True,Jumps,271,547,544.5,F,False,2,2024-02-24,2024-02-24,False
10072,12628,61,4617,,,,,,,,39,,7.68m,,,,,169,True,Jumps,210,487,453.5,F,False,2,2024-02-24,2024-02-24,False
10073,12629,56,3366,,246.0,,235.0,,4106.0,,26,,9:55.74,,,,,169,True,Relays,0,0,0.0,F,False,2,2024-02-24,2024-02-24,False
10074,12630,124,3317,,1926.0,,1930.0,,3822.0,,26,,10:00.92,,,,,169,True,Relays,0,0,0.0,F,False,2,2024-02-24,2024-02-24,False
10075,12631,61,4754,,2245.0,,1619.0,,2242.0,,26,,10:00.98,,,,,169,True,Relays,0,0,0.0,F,False,2,2024-02-24,2024-02-24,False
10076,12632,117,243,,234.0,,237.0,,239.0,,26,,10:09.07,,,,,169,True,Relays,0,0,0.0,F,False,2,2024-02-24,2024-02-24,False
10077,12633,1,67,,68.0,,70.0,,65.0,,26,,10:14.73,,,,,169,True,Relays,0,0,0.0,F,False,2,2024-02-24,2024-02-24,False
10078,12634,124,1931,,2850.0,,1925.0,,2824.0,,26,,10:29.34,,,,,169,True,Relays,0,0,0.0,F,False,2,2024-02-24,2024-02-24,False
10079,12635,61,4811,,4612.0,,4804.0,,2254.0,,26,,10:55.16,,,,,169,True,Relays,0,0,0.0,F,False,2,2024-02-24,2024-02-24,False
10080,12636,61,4791,,4795.0,,2244.0,,4030.0,,26,,11:00.19,,,,,169,True,Relays,0,0,0.0,F,False,2,2024-02-24,2024-02-24,False
10081,12637,124,4812,,1966.0,,1948.0,,1953.0,,26,,11:00.23,,,,,169,True,Relays,0,0,0.0,F,False,2,2024-02-24,2024-02-24,False
10082,12638,107,1942,,1949.0,,1936.0,,1935.0,,26,,11:03.11,,,,,169,True,Relays,0,0,0.0,F,False,2,2024-02-24,2024-02-24,False
10083,12639,124,1933,,1952.0,,1939.0,,3824.0,,26,,11:04.94,,,,,169,True,Relays,0,0,0.0,F,False,2,2024-02-24,2024-02-24,False
10084,12640,117,4813,,3968.0,,236.0,,1956.0,,26,,11:12.32,,,,,169,True,Relays,0,0,0.0,F,False,2,2024-02-24,2024-02-24,False
10085,12641,61,4026,,4814.0,,4027.0,,4815.0,,26,,11:20.23,,,,,169,True,Relays,0,0,0.0,F,False,2,2024-02-24,2024-02-24,False
10086,12642,56,4454,,3382.0,,3797.0,,3364.0,,26,,11:22.03,,,,,169,True,Relays,0,0,0.0,F,False,2,2024-02-24,2024-02-24,False
10087,12643,58,4816,,4817.0,,263.0,,4782.0,,26,,11:22.32,,,,,169,True,Relays,0,0,0.0,F,False,2,2024-02-24,2024-02-24,False
10088,12644,60,3371,,4763.0,,4764.0,,3360.0,,26,,11:22.58,,,,,169,True,Relays,0,0,0.0,F,False,2,2024-02-24,2024-02-24,False
10089,12645,44,4759,,2204.0,,2208.0,,2206.0,,26,,11:35.85,,,,,169,True,Relays,0,0,0.0,F,False,2,2024-02-24,2024-02-24,False
10090,12646,124,1957,,4818.0,,1975.0,,4819.0,,26,,11:41.41,,,,,169,True,Relays,0,0,0.0,F,False,2,2024-02-24,2024-02-24,False
10091,12647,111,295,,302.0,,4766.0,,304.0,,26,,11:42.81,,,,,169,True,Relays,0,0,0.0,F,False,2,2024-02-24,2024-02-24,False
10092,12648,36,4751,,4752.0,,4786.0,,4788.0,,26,,11:45.63,,,,,169,True,Relays,0,0,0.0,F,False,2,2024-02-24,2024-02-24,False
10093,12649,36,4785,,4820.0,,4821.0,,4822.0,,26,,11:53.05,,,,,169,True,Relays,0,0,0.0,F,False,2,2024-02-24,2024-02-24,False
10094,12650,60,4776,,3460.0,,3379.0,,4765.0,,26,,11:59.86,,,,,169,True,Relays,0,0,0.0,F,False,2,2024-02-24,2024-02-24,False
10095,12651,59,4520,,4215.0,,2062.0,,1673.0,,26,,12:00.26,,,,,169,True,Relays,0,0,0.0,F,False,2,2024-02-24,2024-02-24,False
10096,12652,117,4092,,4823.0,,4778.0,,4824.0,,26,,12:02.27,,,,,169,True,Relays,0,0,0.0,F,False,2,2024-02-24,2024-02-24,False
10097,12653,120,4774,,306.0,,307.0,,293.0,,26,,12:06.93,,,,,169,True,Relays,0,0,0.0,F,False,2,2024-02-24,2024-02-24,False
10098,12667,59,4826,,4834.0,,3891.0,,2061.0,,29,,4:24.42,,,,,169,True,Relays,0,0,0.0,F,False,2,2024-02-24,2024-02-24,False
10099,12668,56,3795,,4105.0,,3796.0,,4835.0,,29,,4:33.33,,,,,169,True,Relays,0,0,0.0,F,False,2,2024-02-24,2024-02-24,False
10100,12669,56,3564,,4102.0,,3563.0,,235.0,,29,,4:40.57,,,,,169,True,Relays,0,0,0.0,F,False,2,2024-02-24,2024-02-24,False
10101,12670,117,3972,,1970.0,,237.0,,3977.0,,29,,4:40.73,,,,,169,True,Relays,0,0,0.0,F,False,2,2024-02-24,2024-02-24,False
10102,12671,116,3933,,3934.0,,3938.0,,4783.0,,29,,4:44.43,,,,,169,True,Relays,0,0,0.0,F,False,2,2024-02-24,2024-02-24,False
10103,12672,107,4742,,4836.0,,1949.0,,1942.0,,29,,4:56.02,,,,,169,True,Relays,0,0,0.0,F,False,2,2024-02-24,2024-02-24,False
10104,12673,108,4809,,3638.0,,3637.0,,3980.0,,29,,4:57.87,,,,,169,True,Relays,0,0,0.0,F,False,2,2024-02-24,2024-02-24,False
10105,12674,124,4829,,3818.0,,1939.0,,3820.0,,29,,5:04.39,,,,,169,True,Relays,0,0,0.0,F,False,2,2024-02-24,2024-02-24,False
10106,12675,36,4837,,4751.0,,4822.0,,4752.0,,29,,5:12.28,,,,,169,True,Relays,0,0,0.0,F,False,2,2024-02-24,2024-02-24,False
10107,12676,59,4748,,3893.0,,3894.0,,1667.0,,29,,5:15.37,,,,,169,True,Relays,0,0,0.0,F,False,2,2024-02-24,2024-02-24,False
10108,12677,127,4830,,3617.0,,4806.0,,4801.0,,29,,5:38.76,,,,,169,True,Relays,0,0,0.0,F,False,2,2024-02-24,2024-02-24,False
10123,12655,59,4826,,4827.0,,3893.0,,3891.0,,22,,1:51.93,,,,,169,True,Relays,320,826,733.0,F,False,2,2024-02-24,2024-02-24,False
10684,13263,174,4956,,4957.0,,2083.0,,2072.0,,26,,11:02.85,,,,,170,True,Relays,0,0,0.0,F,False,2,2024-02-25,2024-02-25,False
10739,13264,196,819,,859.0,,833.0,,4958.0,,26,,11:49.53,,,,,170,True,Relays,0,0,0.0,F,False,2,2024-02-25,2024-02-25,False
10815,13400,188,3532,,4981.0,,2081.0,,3534.0,,24,,4:22.72,,,,,170,True,Relays,291,758,670.0,F,False,2,2024-02-25,2024-02-25,False
10816,13401,174,1759,,1767.0,,2100.0,,2084.0,,24,,4:45.14,,,,,170,True,Relays,147,612,453.0,F,False,2,2024-02-25,2024-02-25,False
10817,13402,191,2079,,2097.0,,3201.0,,4982.0,,24,,4:59.73,,,,,170,True,Relays,79,526,342.0,F,False,2,2024-02-25,2024-02-25,False
10818,13404,188,3527,,3526.0,,3848.0,,4983.0,,22,,1:56.80,,,,,170,True,Relays,230,748,604.0,F,False,2,2024-02-25,2024-02-25,False
10819,13405,199,3533,,3537.0,,1776.0,,4964.0,,22,,1:58.87,,,,,170,True,Relays,196,716,554.0,F,False,2,2024-02-25,2024-02-25,False
10820,13406,174,1767,,4646.0,,4645.0,,2084.0,,22,,1:57.92,,,,,170,True,Relays,212,730,577.0,F,False,2,2024-02-25,2024-02-25,False
10821,13407,206,4966,,4469.0,,4978.0,,4963.0,,22,,2:03.13,,,,,170,True,Relays,135,652,461.0,F,False,2,2024-02-25,2024-02-25,False
10822,13408,196,4986,,861.0,,4977.0,,4985.0,,22,,2:09.60,,,,,170,True,Relays,64,560,344.0,F,False,2,2024-02-25,2024-02-25,False
10823,13409,204,831,,2106.0,,1726.0,,1757.0,,22,,2:21.64,,,,,170,True,Relays,1,408,205.0,F,False,2,2024-02-25,2024-02-25,False
10824,13410,203,4989,,,,,,,,40,,1.42m,,,,,170,True,Jumps,410,649,734.5,F,False,2,2024-02-25,2024-02-25,False
10825,13411,203,4990,,,,,,,,40,,1.42m,,,,,170,True,Jumps,410,649,734.5,F,False,2,2024-02-25,2024-02-25,False
10826,13412,188,3525,,,,,,,,40,,1.42m,,,,,170,True,Jumps,410,649,734.5,F,False,2,2024-02-25,2024-02-25,False
10827,13413,188,4984,,,,,,,,40,,1.42m,,,,,170,True,Jumps,410,649,734.5,F,False,2,2024-02-25,2024-02-25,False
10828,13414,191,4967,,,,,,,,40,,1.37m,,,,,170,True,Jumps,368,602,669.0,F,False,2,2024-02-25,2024-02-25,False
10829,13415,188,4991,,,,,,,,40,,1.32m,,,,,170,True,Jumps,326,555,603.5,F,False,2,2024-02-25,2024-02-25,False
10830,13416,203,4992,,,,,,,,40,,1.32m,,,,,170,True,Jumps,326,555,603.5,F,False,2,2024-02-25,2024-02-25,False
10831,13417,191,4982,,,,,,,,40,,1.17m,,,,,170,True,Jumps,203,416,411.0,F,False,2,2024-02-25,2024-02-25,False
10832,13418,203,4290,,,,,,,,38,,4.62m,,,,,170,True,Jumps,422,701,772.5,F,False,2,2024-02-25,2024-02-25,False
10833,13419,204,3598,,,,,,,,38,,4.60m,,,,,170,True,Jumps,418,696,766.0,F,False,2,2024-02-25,2024-02-25,False
10834,13420,191,4982,,,,,,,,38,,4.49m,,,,,170,True,Jumps,396,673,732.5,F,False,2,2024-02-25,2024-02-25,False
10835,13421,191,4967,,,,,,,,38,,4.41m,,,,,170,True,Jumps,379,656,707.0,F,False,2,2024-02-25,2024-02-25,False
10836,13422,203,4989,,,,,,,,38,,4.27m,,,,,170,True,Jumps,351,627,664.5,F,False,2,2024-02-25,2024-02-25,False
10837,13423,203,4496,,,,,,,,38,,4.07m,,,,,170,True,Jumps,310,585,602.5,F,False,2,2024-02-25,2024-02-25,False
10838,13424,188,4968,,,,,,,,38,,4.06m,,,,,170,True,Jumps,308,583,599.5,F,False,2,2024-02-25,2024-02-25,False
10839,13425,199,4964,,,,,,,,38,,4.04m,,,,,170,True,Jumps,304,578,593.0,F,False,2,2024-02-25,2024-02-25,False
10840,13426,188,4969,,,,,,,,38,,3.98m,,,,,170,True,Jumps,292,566,575.0,F,False,2,2024-02-25,2024-02-25,False
10845,13403,196,861,,3030.0,,833.0,,825.0,,24,,5:09.38,,,,,170,True,Relays,45,472,281.0,F,False,2,2024-02-25,2024-02-25,False
10846,13427,199,3537,,,,,,,,38,,3.97m,,,,,170,True,Jumps,290,564,572.0,F,False,2,2024-02-25,2024-02-25,False
10847,13428,196,4985,,,,,,,,38,,3.76m,,,,,170,True,Jumps,248,520,508.0,F,False,2,2024-02-25,2024-02-25,False
11259,13852,188,4984,,,,,,,,40,,1.47m,,,,,177,True,Jumps,451,697,799.5,F,False,2,2024-03-03,2024-03-03,False
11260,13853,203,4990,,,,,,,,40,,1.47m,,,,,177,True,Jumps,451,697,799.5,F,False,2,2024-03-03,2024-03-03,False
11261,13854,172,5054,,,,,,,,40,,1.42m,,,,,177,True,Jumps,410,649,734.5,F,False,2,2024-03-03,2024-03-03,False
11262,13855,191,4967,,,,,,,,40,,1.42m,,,,,177,True,Jumps,410,649,734.5,F,False,2,2024-03-03,2024-03-03,False
11263,13856,188,4991,,,,,,,,40,,1.37m,,,,,177,True,Jumps,368,602,669.0,F,False,2,2024-03-03,2024-03-03,False
11264,13857,180,5055,,,,,,,,40,,1.32m,,,,,177,True,Jumps,326,555,603.5,F,False,2,2024-03-03,2024-03-03,False
11265,13858,203,4290,,,,,,,,38,,4.59m,,,,,177,True,Jumps,416,694,763.0,F,False,2,2024-03-03,2024-03-03,False
11266,13859,204,3598,,,,,,,,38,,4.59m,,,,,177,True,Jumps,416,694,763.0,F,False,2,2024-03-03,2024-03-03,False
11267,13860,178,4271,,,,,,,,38,,4.52m,,,,,177,True,Jumps,402,679,741.5,F,False,2,2024-03-03,2024-03-03,False
11268,13861,203,5056,,,,,,,,38,,4.47m,,,,,177,True,Jumps,392,669,726.5,F,False,2,2024-03-03,2024-03-03,False
11269,13862,191,4982,,,,,,,,38,,4.45m,,,,,177,True,Jumps,387,665,719.5,F,False,2,2024-03-03,2024-03-03,False
11270,13863,196,4985,,,,,,,,38,,4.21m,,,,,177,True,Jumps,339,614,646.0,F,False,2,2024-03-03,2024-03-03,False
11271,13864,203,4496,,,,,,,,38,,4.05m,,,,,177,True,Jumps,306,580,596.0,F,False,2,2024-03-03,2024-03-03,False
11272,13865,188,4968,,,,,,,,38,,3.94m,,,,,177,True,Jumps,284,557,562.5,F,False,2,2024-03-03,2024-03-03,False
11273,13866,203,4300,,,,,,,,38,,3.72m,,,,,177,True,Jumps,240,512,496.0,F,False,2,2024-03-03,2024-03-03,False
11526,14132,188,3532,,4981.0,,3848.0,,4983.0,,22,,1:52.83,,,,,177,True,Relays,302,812,708.0,F,False,2,2024-03-03,2024-03-03,False
11527,14133,191,4967,,3201.0,,4979.0,,4982.0,,22,,2:01.51,,,,,177,True,Relays,157,676,495.0,F,False,2,2024-03-03,2024-03-03,False
11528,14134,206,4471,,4963.0,,4469.0,,4470.0,,22,,2:05.19,,,,,177,True,Relays,110,622,421.0,F,False,2,2024-03-03,2024-03-03,False
11529,14136,188,3530,,2081.0,,4991.0,,807.0,,22,,2:07.05,,,,,177,True,Relays,89,595,386.5,F,False,2,2024-03-03,2024-03-03,False
11530,14137,194,5087,,5076.0,,5084.0,,5088.0,,22,,2:15.90,,,,,177,True,Relays,20,478,259.0,F,False,2,2024-03-03,2024-03-03,False
11531,14138,180,2086,,5055.0,,2098.0,,2093.0,,22,,2:19.46,,,,,177,True,Relays,6,434,223.0,F,False,2,2024-03-03,2024-03-03,False
11532,14139,203,5065,,1732.0,,1796.0,,1769.0,,22,,2:21.01,,,,,177,True,Relays,2,416,210.0,F,False,2,2024-03-03,2024-03-03,False
11570,14135,196,861,,4985.0,,4986.0,,819.0,,22,,2:05.42,,,,,177,True,Relays,107,619,416.5,F,False,2,2024-03-03,2024-03-03,False
13124,15774,44,4127,,4128.0,,4126.0,,4779.0,,22,,2:00.69,,,,,203,True,Relays,169,688,513.0,F,False,2,2024-03-23,2024-03-23,False
13125,15775,44,5320,,2208.0,,2204.0,,2206.0,,24,,5:03.09,,,,,203,True,Relays,66,507,319.5,F,False,2,2024-03-23,2024-03-23,False
13126,15776,44,4779,,5321.0,,5322.0,,5323.0,,24,,5:14.51,,,,,203,True,Relays,31,445,253.5,F,False,2,2024-03-23,2024-03-23,False
13127,15777,44,5320,,2208.0,,2204.0,,2206.0,,26,,11:58.14,,,,,203,True,Relays,0,0,0.0,F,False,2,2024-03-23,2024-03-23,False
13128,15778,44,4779,,,,,,,,38,,4.56m,,,,,203,True,Jumps,410,688,754.0,F,False,2,2024-03-23,2024-03-23,False
13129,15779,44,4127,,,,,,,,38,,4.51m,,,,,203,True,Jumps,400,677,738.5,F,False,2,2024-03-23,2024-03-23,False
13130,15780,44,4128,,,,,,,,38,,4.27m,,,,,203,True,Jumps,351,627,664.5,F,False,2,2024-03-23,2024-03-23,False
13131,15781,58,5324,,,,,,,,38,,4.20m,,,,,203,True,Jumps,337,612,643.0,F,False,2,2024-03-23,2024-03-23,False
13134,15784,43,5325,,5326.0,,5327.0,,5328.0,,22,,2:13.83,,,,,203,True,Relays,32,504,284.0,F,False,2,2024-03-23,2024-03-23,False
29849,12388,61,4815,,2252.0,,1619.0,,2244.0,,24,,4:37.89,,,,,169,True,Relays,188,658,517.0,F,False,2,2024-02-24,2024-02-24,False
40039,12654,56,3793,,3792.0,,3796.0,,3795.0,,22,,1:49.87,,,,,169,True,Relays,363,861,793.5,F,False,2,2024-02-24,2024-02-24,False
43473,9961,138,5691,,2396.0,,631.0,,645.0,,30,,15:11.82,,,,,143,True,Relays,0,0,0.0,F,False,2,2024-02-10,2024-02-10,False
62923,12407,116,285,,4780.0,,2056.0,,283.0,,24,,5:48.08,,,,,169,True,Relays,0,286,143.0,F,False,2,2024-02-24,2024-02-24,False
63208,12666,61,4017,,4741.0,,4016.0,,4025.0,,29,,4:21.28,,,,,169,True,Relays,0,0,0.0,F,False,2,2024-02-24,2024-02-24,False
63255,9975,169,1068,,1153.0,,1126.0,,2420.0,,24,,4:31.36,,,,,143,True,Relays,230,700,580.0,F,False,2,2024-02-10,2024-02-10,False
63325,9620,146,3656,,,,,,,,40,,1.45m,,,,,122,True,Jumps,435,678,774.0,F,False,2,2024-02-02,2024-02-03,False
63393,13262,203,4492,,4226.0,,4224.0,,4227.0,,26,,10:33.26,,,,,170,True,Relays,0,0,0.0,F,False,2,2024-02-25,2024-02-25,False
63456,10242,146,4305,,1050.0,,1112.0,,1299.0,,24,,4:18.57,,,,,143,True,Relays,324,787,717.5,F,False,2,2024-02-10,2024-02-10,False
