gender,event_group,season,bin_axis,x_races,n_athletes,avg_relay_races,avg_individual_races,avg_total_races,avg_meets,pct_athletes_with_any_relay
Men,Distance,2024,individual_result_count,0,290,1.703,0.0,1.703,1.497,100.0
Men,Distance,2024,individual_result_count,1,410,0.283,1.0,1.283,1.098,20.2
Men,Distance,2024,individual_result_count,2,266,0.391,2.0,2.391,1.65,26.3
Men,Distance,2024,individual_result_count,3,116,0.603,3.0,3.603,2.431,37.1
Men,Distance,2024,individual_result_count,4,70,0.614,4.0,4.614,2.843,38.6
Men,Distance,2024,individual_result_count,5,41,0.78,5.0,5.78,3.39,39.0
Men,Distance,2024,individual_result_count,6,39,0.846,6.0,6.846,3.897,46.2
Men,Distance,2024,individual_result_count,7,19,1.0,7.0,8.0,4.579,47.4
Men,Distance,2024,individual_result_count,8,10,0.5,8.0,8.5,5.0,40.0
Men,Distance,2025,individual_result_count,0,160,1.181,0.0,1.181,1.05,100.0
Men,Distance,2025,individual_result_count,1,362,0.058,1.0,1.058,1.017,5.5
Men,Distance,2025,individual_result_count,2,208,0.072,2.0,2.072,1.447,6.7
Men,Distance,2025,individual_result_count,3,112,0.152,3.0,3.152,2.223,15.2
Men,Distance,2025,individual_result_count,4,53,0.113,4.0,4.113,2.774,11.3
Men,Distance,2025,individual_result_count,5,27,0.148,5.0,5.148,3.074,14.8
Men,Distance,2025,individual_result_count,6,12,0.083,6.0,6.083,3.333,8.3
Men,Distance,2026,individual_result_count,0,264,1.455,0.0,1.455,1.265,100.0
Men,Distance,2026,individual_result_count,1,341,0.246,1.0,1.246,1.035,20.2
Men,Distance,2026,individual_result_count,2,252,0.282,2.0,2.282,1.452,23.0
Men,Distance,2026,individual_result_count,3,109,0.514,3.0,3.514,2.101,34.9
Men,Distance,2026,individual_result_count,4,50,0.6,4.0,4.6,2.44,40.0
Men,Distance,2026,individual_result_count,5,40,0.5,5.0,5.5,2.875,42.5
Men,Distance,2026,individual_result_count,6,22,0.955,6.0,6.955,3.0,63.6
Men,Hurdles,2024,individual_result_count,0,515,1.583,0.0,1.583,1.414,100.0
Men,Hurdles,2024,individual_result_count,1,47,1.043,1.0,2.043,1.553,42.6
Men,Hurdles,2024,individual_result_count,2,16,0.938,2.0,2.938,2.0,56.2
Men,Hurdles,2024,individual_result_count,3,10,0.8,3.0,3.8,2.5,40.0
Men,Hurdles,2024,individual_result_count,5,10,1.7,5.0,6.7,3.8,80.0
Men,Hurdles,2025,individual_result_count,0,209,1.129,0.0,1.129,1.043,100.0
Men,Hurdles,2025,individual_result_count,1,41,0.22,1.0,1.22,1.122,14.6
Men,Hurdles,2025,individual_result_count,2,23,0.174,2.0,2.174,1.565,17.4
Men,Hurdles,2026,individual_result_count,0,440,1.361,0.0,1.361,1.232,100.0
Men,Hurdles,2026,individual_result_count,1,49,0.592,1.0,1.592,1.163,40.8
Men,Hurdles,2026,individual_result_count,2,23,0.739,2.0,2.739,1.391,47.8
Men,Hurdles,2026,individual_result_count,3,10,1.5,3.0,4.5,2.4,70.0
Men,Jumps,2024,individual_result_count,0,510,1.637,0.0,1.637,1.457,100.0
Men,Jumps,2024,individual_result_count,1,60,0.683,1.0,1.683,1.333,43.3
Men,Jumps,2024,individual_result_count,2,38,0.605,2.0,2.605,1.763,34.2
Men,Jumps,2024,individual_result_count,3,12,0.5,3.0,3.5,2.333,25.0
Men,Jumps,2025,individual_result_count,0,213,1.146,0.0,1.146,1.042,100.0
Men,Jumps,2025,individual_result_count,1,52,0.019,1.0,1.019,1.019,1.9
Men,Jumps,2025,individual_result_count,2,33,0.152,2.0,2.152,1.606,15.2
Men,Jumps,2025,individual_result_count,3,14,0.214,3.0,3.214,1.357,21.4
Men,Jumps,2026,individual_result_count,0,434,1.38,0.0,1.38,1.23,100.0
Men,Jumps,2026,individual_result_count,1,78,0.551,1.0,1.551,1.115,38.5
Men,Jumps,2026,individual_result_count,2,38,0.658,2.0,2.658,1.526,39.5
Men,Jumps,2026,individual_result_count,3,20,0.2,3.0,3.2,1.6,15.0
Men,Sprints,2024,individual_result_count,0,278,1.327,0.0,1.327,1.216,100.0
Men,Sprints,2024,individual_result_count,1,187,0.615,1.0,1.615,1.219,42.8
Men,Sprints,2024,individual_result_count,2,134,0.716,2.0,2.716,1.515,47.8
Men,Sprints,2024,individual_result_count,3,59,1.085,3.0,4.085,2.271,50.8
Men,Sprints,2024,individual_result_count,4,53,1.189,4.0,5.189,2.623,58.5
Men,Sprints,2024,individual_result_count,5,25,2.04,5.0,7.04,3.36,80.0
Men,Sprints,2024,individual_result_count,6,22,1.636,6.0,7.636,3.409,81.8
Men,Sprints,2024,individual_result_count,7,16,2.438,7.0,9.438,3.812,87.5
Men,Sprints,2024,individual_result_count,8,17,2.706,8.0,10.706,4.412,88.2
Men,Sprints,2025,individual_result_count,0,158,1.12,0.0,1.12,1.038,100.0
Men,Sprints,2025,individual_result_count,1,203,0.108,1.0,1.108,1.059,8.9
Men,Sprints,2025,individual_result_count,2,123,0.065,2.0,2.065,1.325,6.5
Men,Sprints,2025,individual_result_count,3,59,0.288,3.0,3.288,1.729,20.3
Men,Sprints,2025,individual_result_count,4,37,0.162,4.0,4.162,2.27,16.2
Men,Sprints,2025,individual_result_count,5,16,0.312,5.0,5.312,2.625,31.2
Men,Sprints,2025,individual_result_count,6,10,0.7,6.0,6.7,2.9,50.0
Men,Sprints,2025,individual_result_count,7,11,0.545,7.0,7.545,3.455,54.5
Men,Sprints,2026,individual_result_count,0,254,1.22,0.0,1.22,1.118,100.0
Men,Sprints,2026,individual_result_count,1,257,0.428,1.0,1.428,1.121,30.0
Men,Sprints,2026,individual_result_count,2,154,0.506,2.0,2.506,1.312,40.3
Men,Sprints,2026,individual_result_count,3,61,1.0,3.0,4.0,1.754,60.7
Men,Sprints,2026,individual_result_count,4,39,1.359,4.0,5.359,2.308,71.8
Men,Sprints,2026,individual_result_count,5,16,1.562,5.0,6.562,2.812,81.2
Men,Throws,2024,individual_result_count,0,543,1.619,0.0,1.619,1.44,100.0
Men,Throws,2024,individual_result_count,1,35,0.771,1.0,1.771,1.371,31.4
Men,Throws,2024,individual_result_count,2,18,0.444,2.0,2.444,1.389,27.8
Men,Throws,2025,individual_result_count,0,218,1.142,0.0,1.142,1.041,100.0
Men,Throws,2025,individual_result_count,1,18,0.0,1.0,1.0,1.0,0.0
Men,Throws,2025,individual_result_count,2,38,0.105,2.0,2.105,1.184,10.5
Men,Throws,2026,individual_result_count,0,470,1.406,0.0,1.406,1.251,100.0
Men,Throws,2026,individual_result_count,1,42,0.167,1.0,1.167,1.048,16.7
Men,Throws,2026,individual_result_count,2,35,0.114,2.0,2.114,1.171,11.4
Men,Throws,2026,individual_result_count,5,10,0.1,5.0,5.1,2.9,10.0
Women,Distance,2024,individual_result_count,0,198,1.611,0.0,1.611,1.394,100.0
Women,Distance,2024,individual_result_count,1,203,0.251,1.0,1.251,1.049,21.7
Women,Distance,2024,individual_result_count,2,120,0.292,2.0,2.292,1.642,24.2
Women,Distance,2024,individual_result_count,3,60,0.583,3.0,3.583,2.467,36.7
Women,Distance,2024,individual_result_count,4,26,0.615,4.0,4.615,2.615,38.5
Women,Distance,2024,individual_result_count,5,14,1.143,5.0,6.143,3.429,64.3
Women,Distance,2024,individual_result_count,7,10,1.2,7.0,8.2,4.4,60.0
Women,Distance,2025,individual_result_count,0,76,1.158,0.0,1.158,1.039,100.0
Women,Distance,2025,individual_result_count,1,203,0.049,1.0,1.049,1.025,4.4
Women,Distance,2025,individual_result_count,2,100,0.02,2.0,2.02,1.35,2.0
Women,Distance,2025,individual_result_count,3,29,0.103,3.0,3.103,2.138,10.3
Women,Distance,2025,individual_result_count,4,15,0.133,4.0,4.133,2.467,13.3
Women,Distance,2026,individual_result_count,0,133,1.511,0.0,1.511,1.263,100.0
Women,Distance,2026,individual_result_count,1,179,0.246,1.0,1.246,1.017,21.2
Women,Distance,2026,individual_result_count,2,136,0.346,2.0,2.346,1.478,27.9
Women,Distance,2026,individual_result_count,3,55,0.364,3.0,3.364,2.145,34.5
Women,Distance,2026,individual_result_count,4,26,0.462,4.0,4.462,2.577,23.1
Women,Distance,2026,individual_result_count,5,19,0.895,5.0,5.895,2.947,52.6
Women,Hurdles,2024,individual_result_count,0,293,1.457,0.0,1.457,1.311,100.0
Women,Hurdles,2024,individual_result_count,1,28,1.071,1.0,2.071,1.5,42.9
Women,Hurdles,2024,individual_result_count,2,13,1.0,2.0,3.0,1.769,61.5
Women,Hurdles,2025,individual_result_count,0,87,1.126,0.0,1.126,1.034,100.0
Women,Hurdles,2025,individual_result_count,1,21,0.095,1.0,1.095,1.048,4.8
Women,Hurdles,2025,individual_result_count,2,13,0.154,2.0,2.154,1.615,15.4
Women,Hurdles,2026,individual_result_count,0,214,1.355,0.0,1.355,1.192,100.0
Women,Hurdles,2026,individual_result_count,1,32,0.656,1.0,1.656,1.094,43.8
Women,Hurdles,2026,individual_result_count,2,24,0.792,2.0,2.792,1.667,45.8
Women,Jumps,2024,individual_result_count,0,280,1.479,0.0,1.479,1.321,100.0
Women,Jumps,2024,individual_result_count,1,40,0.725,1.0,1.725,1.25,50.0
Women,Jumps,2024,individual_result_count,2,29,0.517,2.0,2.517,1.793,34.5
Women,Jumps,2025,individual_result_count,0,84,1.155,0.0,1.155,1.036,100.0
Women,Jumps,2025,individual_result_count,1,31,0.097,1.0,1.097,1.0,9.7
Women,Jumps,2025,individual_result_count,2,18,0.056,2.0,2.056,1.611,5.6
Women,Jumps,2025,individual_result_count,3,12,0.25,3.0,3.25,1.833,25.0
Women,Jumps,2026,individual_result_count,0,218,1.385,0.0,1.385,1.211,100.0
Women,Jumps,2026,individual_result_count,1,42,0.405,1.0,1.405,1.048,28.6
Women,Jumps,2026,individual_result_count,2,20,0.6,2.0,2.6,1.7,45.0
Women,Jumps,2026,individual_result_count,3,13,0.308,3.0,3.308,2.154,23.1
Women,Sprints,2024,individual_result_count,0,181,1.271,0.0,1.271,1.188,100.0
Women,Sprints,2024,individual_result_count,1,101,0.812,1.0,1.812,1.267,53.5
Women,Sprints,2024,individual_result_count,2,74,0.824,2.0,2.824,1.459,51.4
Women,Sprints,2024,individual_result_count,3,27,1.296,3.0,4.296,2.185,74.1
Women,Sprints,2024,individual_result_count,4,17,1.412,4.0,5.412,2.353,64.7
Women,Sprints,2024,individual_result_count,5,13,1.231,5.0,6.231,3.0,61.5
Women,Sprints,2025,individual_result_count,0,58,1.155,0.0,1.155,1.034,100.0
Women,Sprints,2025,individual_result_count,1,99,0.101,1.0,1.101,1.03,9.1
Women,Sprints,2025,individual_result_count,2,60,0.117,2.0,2.117,1.4,11.7
Women,Sprints,2025,individual_result_count,3,24,0.208,3.0,3.208,1.792,20.8
Women,Sprints,2025,individual_result_count,4,23,0.261,4.0,4.261,2.087,21.7
Women,Sprints,2026,individual_result_count,0,126,1.206,0.0,1.206,1.087,100.0
Women,Sprints,2026,individual_result_count,1,93,0.602,1.0,1.602,1.161,43.0
Women,Sprints,2026,individual_result_count,2,68,0.647,2.0,2.647,1.235,45.6
Women,Sprints,2026,individual_result_count,3,25,1.24,3.0,4.24,2.0,76.0
Women,Sprints,2026,individual_result_count,4,20,0.7,4.0,4.7,2.1,55.0
Women,Throws,2024,individual_result_count,0,310,1.516,0.0,1.516,1.335,100.0
Women,Throws,2024,individual_result_count,1,26,0.462,1.0,1.462,1.269,30.8
Women,Throws,2024,individual_result_count,2,12,0.25,2.0,2.25,1.75,16.7
Women,Throws,2025,individual_result_count,0,88,1.148,0.0,1.148,1.034,100.0
Women,Throws,2025,individual_result_count,1,19,0.105,1.0,1.105,1.0,10.5
Women,Throws,2025,individual_result_count,2,17,0.059,2.0,2.059,1.059,5.9
Women,Throws,2026,individual_result_count,0,240,1.404,0.0,1.404,1.217,100.0
Women,Throws,2026,individual_result_count,1,13,0.154,1.0,1.154,1.077,15.4
Women,Throws,2026,individual_result_count,2,22,0.318,2.0,2.318,1.318,22.7
