year,athlete_id,gender,indoor_first_event,indoor_first_group,indoor_first_wa,indoor_first_date,outdoor_first_event,outdoor_first_group,outdoor_first_wa,outdoor_first_date,delta_out_minus_in
2024,5541,Men,60m,Sprints,685.0,2024-01-20,100m,Sprints,789.0,2024-04-06,104.0
2024,539,Men,800m,Distance,791.0,2023-12-03,800m,Distance,880.0,2024-04-06,89.0
2024,4073,Men,200m,Sprints,694.0,2024-02-03,100m,Sprints,772.0,2024-03-14,78.0
2024,3689,Men,60m,Sprints,747.0,2023-12-09,100m,Sprints,761.0,2024-03-16,14.0
2024,3690,Men,200m,Sprints,735.0,2023-12-09,200m,Sprints,833.0,2024-03-16,98.0
2024,3698,Men,60m,Sprints,874.0,2023-12-09,100m,Sprints,780.0,2024-03-16,-94.0
2024,3701,Men,60m,Sprints,760.0,2023-12-09,200m,Sprints,762.0,2024-03-16,2.0
2024,4393,Men,60m,Sprints,667.0,2024-02-10,100m,Sprints,761.0,2024-03-16,94.0
2024,3944,Men,60m,Sprints,859.0,2024-01-27,100m,Sprints,786.0,2024-03-22,-73.0
2024,3983,Men,60m,Sprints,918.0,2024-01-27,200m,Sprints,827.0,2024-03-22,-91.0
2024,3642,Men,60m,Sprints,859.0,2023-12-08,100m,Sprints,845.0,2024-03-22,-14.0
2024,3996,Men,60m,Sprints,779.0,2024-01-27,200m,Sprints,777.0,2024-03-22,-2.0
2024,678,Men,1500m,Distance,827.0,2024-02-24,800m,Distance,853.0,2024-03-23,26.0
2024,4122,Men,60m,Sprints,729.0,2024-02-03,100m,Sprints,772.0,2024-03-30,43.0
2024,128,Men,800m,Distance,845.0,2024-02-10,400m,Sprints,841.0,2024-03-30,-4.0
2024,4112,Men,200m,Sprints,694.0,2024-02-03,400m,Sprints,782.0,2024-03-30,88.0
2024,3719,Men,60m,Sprints,807.0,2024-01-13,200m,Sprints,869.0,2024-03-30,62.0
2024,3723,Men,60m,Sprints,765.0,2024-01-13,200m,Sprints,890.0,2024-03-30,125.0
2024,2057,Men,Mile,Distance,888.0,2024-01-27,5000m,Distance,783.0,2024-03-22,-105.0
2024,4405,Men,60m,Sprints,869.0,2024-02-10,100m,Sprints,892.0,2024-03-30,23.0
2024,4413,Men,60m,Sprints,765.0,2024-02-10,100m,Sprints,794.0,2024-03-30,29.0
2024,3843,Men,200m,Sprints,840.0,2024-01-20,100m,Sprints,919.0,2024-03-30,79.0
2024,3846,Men,400m,Sprints,922.0,2024-01-20,200m,Sprints,947.0,2024-03-30,25.0
2024,3871,Men,200m,Sprints,818.0,2024-01-26,200m,Sprints,831.0,2024-03-30,13.0
2024,2858,Men,Mile,Distance,832.0,2024-02-24,3000m Steeplechase,Distance,800.0,2024-03-30,-32.0
2024,3841,Men,400m,Sprints,807.0,2024-01-20,400m,Sprints,753.0,2024-03-30,-54.0
2024,3393,Men,Mile,Distance,753.0,2024-02-24,1500m,Distance,765.0,2024-03-16,12.0
2024,3809,Men,200m,Sprints,761.0,2024-01-20,100m,Sprints,848.0,2024-04-06,87.0
2024,4727,Men,100m,Sprints,874.0,2024-02-24,100m,Sprints,825.0,2024-04-06,-49.0
2024,3513,Men,60m,Sprints,742.0,2023-12-01,200m,Sprints,825.0,2024-04-06,83.0
2024,4462,Men,60m,Sprints,747.0,2024-02-10,Long Jump,Jumps,852.0,2024-04-06,105.0
2024,1216,Men,800m,Distance,918.0,2024-02-10,800m,Distance,820.0,2024-03-16,-98.0
2024,4509,Men,400m,Sprints,841.0,2024-02-16,200m,Sprints,845.0,2024-04-06,4.0
2024,3518,Men,60m,Sprints,774.0,2023-12-01,200m,Sprints,761.0,2024-04-06,-13.0
2024,4147,Men,400m,Sprints,750.0,2024-02-02,200m,Sprints,756.0,2024-04-06,6.0
2024,4419,Men,Long Jump,Jumps,727.0,2024-02-10,Long Jump,Jumps,775.0,2024-04-06,48.0
2024,4135,Men,60m,Sprints,793.0,2024-02-03,200m,Sprints,858.0,2024-04-06,65.0
2024,4870,Men,60m,Sprints,659.0,2024-02-03,Shot Put,Throws,774.0,2024-04-06,115.0
2024,3784,Men,55m,Sprints,797.0,2024-01-20,100m,Sprints,794.0,2024-04-06,-3.0
2024,4621,Men,60m,Sprints,840.0,2024-02-17,100m,Sprints,928.0,2024-04-06,88.0
2024,4944,Men,60m,Sprints,738.0,2024-02-24,100m,Sprints,820.0,2024-04-06,82.0
2024,3630,Men,200m,Sprints,846.0,2023-12-08,100m,Sprints,780.0,2024-04-12,-66.0
2024,2492,Men,800m,Distance,958.0,2024-01-19,800m,Distance,780.0,2024-03-22,-178.0
2024,1552,Men,800m,Distance,623.0,2024-01-19,800m,Distance,802.0,2024-03-22,179.0
2024,3928,Men,60m,Sprints,706.0,2024-01-27,100m,Sprints,928.0,2024-04-12,222.0
2024,3926,Men,60m,Sprints,572.0,2024-01-27,100m,Sprints,764.0,2024-04-12,192.0
2024,4623,Men,60m,Sprints,898.0,2024-02-17,400m Hurdles,Hurdles,916.0,2024-04-13,18.0
2024,1622,Men,60m,Sprints,774.0,2024-02-03,100m,Sprints,845.0,2024-04-13,71.0
2024,3896,Men,60m,Sprints,751.0,2024-01-26,100m,Sprints,825.0,2024-04-13,74.0
2024,4083,Men,60m,Sprints,760.0,2024-02-03,100m,Sprints,775.0,2024-04-13,15.0
2024,3908,Men,60m,Sprints,613.0,2024-01-26,100m,Sprints,761.0,2024-04-13,148.0
2024,4522,Men,60m,Sprints,788.0,2024-02-16,200m,Sprints,805.0,2024-04-13,17.0
2024,3622,Men,200m,Sprints,850.0,2023-12-08,200m,Sprints,866.0,2024-04-13,16.0
2024,3624,Men,400m,Sprints,872.0,2023-12-08,200m,Sprints,844.0,2024-04-13,-28.0
2024,3900,Men,High Jump,Jumps,732.0,2024-01-26,High Jump,Jumps,801.0,2024-04-13,69.0
2024,3694,Men,High Jump,Jumps,836.0,2023-12-09,High Jump,Jumps,905.0,2024-03-16,69.0
2024,4341,Men,200m,Sprints,718.0,2024-02-10,100m,Sprints,777.0,2024-04-20,59.0
2024,3515,Men,Triple Jump,Jumps,816.0,2023-12-01,Triple Jump,Jumps,819.0,2024-04-06,3.0
2024,2918,Men,400m,Sprints,613.0,2023-12-01,400m,Sprints,762.0,2024-04-20,149.0
2024,5041,Men,60m,Sprints,663.0,2024-02-25,Long Jump,Jumps,759.0,2024-04-21,96.0
2024,3899,Men,60m,Sprints,689.0,2024-01-26,200m,Sprints,768.0,2024-04-25,79.0
2024,3783,Men,55m Hurdles,Hurdles,684.0,2024-01-20,100m,Sprints,789.0,2024-04-26,105.0
2024,3929,Men,Long Jump,Jumps,735.0,2024-01-27,Long Jump,Jumps,782.0,2024-04-21,47.0
2025,24460,Men,200m,Sprints,731.0,2024-12-08,100m,Sprints,845.0,2025-03-08,114.0
2025,4727,Men,400m,Sprints,690.0,2024-12-08,100m,Sprints,828.0,2025-03-08,138.0
2025,25667,Men,60m,Sprints,689.0,2025-03-02,100m,Sprints,814.0,2025-03-08,125.0
2025,24880,Men,60m,Sprints,779.0,2025-02-09,100m,Sprints,750.0,2025-03-22,-29.0
2025,4393,Men,60m,Sprints,879.0,2025-01-18,100m,Sprints,910.0,2025-03-29,31.0
2025,3698,Men,60m,Sprints,835.0,2025-01-18,100m,Sprints,842.0,2025-03-22,7.0
2025,24581,Men,200m,Sprints,829.0,2024-12-14,100m,Sprints,889.0,2025-03-29,60.0
2025,3719,Men,60m,Sprints,788.0,2024-12-14,100m,Sprints,789.0,2025-03-22,1.0
2025,3701,Men,200m,Sprints,805.0,2024-12-14,100m,Sprints,766.0,2025-03-22,-39.0
2025,24580,Men,200m,Sprints,860.0,2024-12-14,100m,Sprints,910.0,2025-03-22,50.0
2025,24574,Men,60m Hurdles,Hurdles,954.0,2024-12-14,100m,Sprints,851.0,2025-03-22,-103.0
2025,3691,Men,60m,Sprints,760.0,2025-01-18,200m,Sprints,797.0,2025-03-22,37.0
2025,3690,Men,200m,Sprints,747.0,2024-12-14,200m,Sprints,793.0,2025-03-29,46.0
2025,3843,Men,60m,Sprints,969.0,2024-12-06,100m,Sprints,898.0,2025-03-29,-71.0
2025,4073,Men,60m,Sprints,898.0,2024-12-08,200m,Sprints,797.0,2025-03-29,-101.0
2025,5246,Men,200m,Sprints,845.0,2025-02-07,200m,Sprints,923.0,2025-03-22,78.0
2025,5234,Men,60m,Sprints,733.0,2025-02-15,200m,Sprints,806.0,2025-03-22,73.0
2025,25031,Men,60m Hurdles,Hurdles,857.0,2025-02-07,110m Hurdles,Hurdles,814.0,2025-03-22,-43.0
2025,3541,Men,60m,Sprints,840.0,2024-12-08,200m,Sprints,834.0,2025-03-22,-6.0
2025,24442,Men,60m,Sprints,769.0,2024-12-08,100m,Sprints,780.0,2025-03-22,11.0
2025,4475,Men,60m,Sprints,779.0,2025-03-02,100m,Sprints,805.0,2025-03-22,26.0
2025,24434,Men,400m,Sprints,753.0,2024-12-07,400m,Sprints,751.0,2025-03-22,-2.0
2025,25023,Men,60m,Sprints,830.0,2025-02-07,200m,Sprints,818.0,2025-03-22,-12.0
2025,5250,Men,Triple Jump,Jumps,696.0,2025-02-07,Triple Jump,Jumps,779.0,2025-03-22,83.0
2025,24869,Men,400m,Sprints,884.0,2025-02-09,400m,Sprints,849.0,2025-03-28,-35.0
2025,24863,Men,400m,Sprints,754.0,2025-02-09,800m,Distance,767.0,2025-03-28,13.0
2025,24391,Men,60m,Sprints,894.0,2024-12-07,100m,Sprints,907.0,2025-03-28,13.0
2025,4111,Men,400m,Sprints,649.0,2025-02-08,200m,Sprints,871.0,2025-03-28,222.0
2025,24984,Men,200m,Sprints,700.0,2025-02-08,200m,Sprints,809.0,2025-03-28,109.0
2025,4457,Men,60m Hurdles,Hurdles,837.0,2025-02-22,110m Hurdles,Hurdles,863.0,2025-03-28,26.0
2025,4461,Men,300m,Sprints,706.0,2024-12-07,400m Hurdles,Hurdles,751.0,2025-03-28,45.0
2025,3578,Men,60m,Sprints,1001.0,2024-12-07,400m,Sprints,907.0,2025-03-28,-94.0
2025,3951,Men,60m,Sprints,954.0,2025-01-18,100m,Sprints,820.0,2025-04-05,-134.0
2025,3513,Men,60m,Sprints,859.0,2024-12-06,100m,Sprints,750.0,2025-04-05,-109.0
2025,24415,Men,60m Hurdles,Hurdles,840.0,2024-12-06,110m Hurdles,Hurdles,844.0,2025-03-29,4.0
2025,3512,Men,Long Jump,Jumps,786.0,2024-12-06,Long Jump,Jumps,754.0,2025-04-05,-32.0
2025,29817,Men,60m,Sprints,849.0,2024-12-14,100m,Sprints,901.0,2025-03-22,52.0
2025,24634,Men,400m,Sprints,825.0,2025-01-18,400m,Sprints,877.0,2025-04-05,52.0
2025,24370,Men,300m,Sprints,828.0,2024-12-06,400m,Sprints,795.0,2025-04-05,-33.0
2025,24540,Men,200m,Sprints,846.0,2024-12-08,400m,Sprints,828.0,2025-04-05,-18.0
2025,24467,Men,400m,Sprints,751.0,2024-12-08,400m Hurdles,Hurdles,836.0,2025-04-05,85.0
2025,24914,Men,800m,Distance,904.0,2025-02-09,800m,Distance,805.0,2025-03-29,-99.0
2025,2896,Men,Mile,Distance,800.0,2025-01-19,800m,Distance,838.0,2025-03-08,38.0
2025,4944,Men,55m,Sprints,890.0,2025-02-01,100m,Sprints,877.0,2025-04-05,-13.0
2025,24852,Men,55m,Sprints,833.0,2025-02-01,110m Hurdles,Hurdles,836.0,2025-04-05,3.0
2026,3719,Men,200m,Sprints,810.0,2026-01-24,100m,Sprints,842.0,2026-03-20,32.0
2026,24880,Men,60m,Sprints,680.0,2026-01-17,100m,Sprints,775.0,2026-03-20,95.0
2026,3710,Men,60m,Sprints,760.0,2025-12-06,Long Jump,Jumps,835.0,2026-03-20,75.0
2026,29872,Men,Triple Jump,Jumps,883.0,2026-02-14,Triple Jump,Jumps,776.0,2026-03-28,-107.0
2026,24896,Men,200m,Sprints,751.0,2026-02-15,100m,Sprints,758.0,2026-03-28,7.0
2026,29747,Men,60m,Sprints,793.0,2026-01-31,100m,Sprints,791.0,2026-03-28,-2.0
2026,24897,Men,60m,Sprints,715.0,2026-02-15,200m,Sprints,774.0,2026-03-28,59.0
2026,29979,Men,60m,Sprints,793.0,2026-02-15,100m,Sprints,753.0,2026-03-28,-40.0
2026,30039,Men,400m,Sprints,816.0,2026-02-15,400m,Sprints,780.0,2026-03-28,-36.0
2026,28331,Men,60m,Sprints,742.0,2026-03-01,100m,Sprints,750.0,2026-03-28,8.0
2026,31179,Men,60m,Sprints,840.0,2026-02-20,400m Hurdles,Hurdles,909.0,2026-03-20,69.0
2026,31211,Men,Triple Jump,Jumps,777.0,2026-02-20,Triple Jump,Jumps,783.0,2026-03-20,6.0
2026,31425,Men,400m,Sprints,878.0,2026-02-20,800m,Distance,895.0,2026-03-28,17.0
2026,24869,Men,400m,Sprints,879.0,2026-02-15,400m,Sprints,824.0,2026-03-07,-55.0
2026,24460,Men,60m,Sprints,715.0,2026-02-08,100m,Sprints,761.0,2026-03-21,46.0
2026,4727,Men,60m,Sprints,821.0,2026-02-08,200m,Sprints,795.0,2026-03-21,-26.0
2026,29864,Men,400m,Sprints,835.0,2026-02-14,200m,Sprints,816.0,2026-03-07,-19.0
2026,29749,Men,400m,Sprints,675.0,2026-01-31,400m,Sprints,790.0,2026-03-28,115.0
2026,25023,Men,60m,Sprints,898.0,2026-01-23,100m,Sprints,857.0,2026-03-21,-41.0
2026,5234,Men,60m,Sprints,830.0,2026-02-14,200m,Sprints,871.0,2026-03-21,41.0
2026,4073,Men,200m,Sprints,872.0,2025-12-07,200m,Sprints,899.0,2026-03-21,27.0
2026,25031,Men,60m Hurdles,Hurdles,871.0,2026-01-23,110m Hurdles,Hurdles,915.0,2026-03-21,44.0
2026,5246,Men,200m,Sprints,862.0,2026-01-23,200m,Sprints,908.0,2026-03-21,46.0
2026,5252,Men,60m Hurdles,Hurdles,806.0,2026-01-23,110m Hurdles,Hurdles,765.0,2026-03-21,-41.0
2026,19375,Men,5000m,Distance,876.0,2026-01-23,3000m,Distance,863.0,2026-03-21,-13.0
2026,29660,Men,200m,Sprints,863.0,2026-01-23,200m,Sprints,870.0,2026-03-28,7.0
2026,3843,Men,200m,Sprints,833.0,2026-01-23,100m,Sprints,803.0,2026-03-28,-30.0
2026,3871,Men,200m,Sprints,807.0,2026-01-23,100m,Sprints,805.0,2026-03-28,-2.0
2026,29679,Men,200m,Sprints,688.0,2026-01-23,200m,Sprints,821.0,2026-03-28,133.0
2026,29630,Men,60m,Sprints,840.0,2025-12-05,100m,Sprints,777.0,2026-03-28,-63.0
2026,24415,Men,60m Hurdles,Hurdles,912.0,2025-12-05,110m Hurdles,Hurdles,870.0,2026-03-28,-42.0
2026,29612,Men,60m,Sprints,884.0,2026-01-17,100m,Sprints,857.0,2026-03-28,-27.0
2026,26504,Men,400m,Sprints,792.0,2026-02-14,200m,Sprints,910.0,2026-03-28,118.0
2026,24634,Men,60m,Sprints,807.0,2026-01-17,400m,Sprints,839.0,2026-03-28,32.0
2026,31178,Men,60m,Sprints,903.0,2026-02-20,200m,Sprints,784.0,2026-03-20,-119.0
2026,31219,Men,Shot Put,Throws,801.0,2026-02-20,Shot Put,Throws,863.0,2026-03-20,62.0
2026,3698,Men,60m,Sprints,854.0,2025-12-06,100m,Sprints,886.0,2026-03-20,32.0
2026,24575,Men,60m Hurdles,Hurdles,815.0,2025-12-06,110m Hurdles,Hurdles,888.0,2026-03-20,73.0
2026,29632,Men,200m,Sprints,866.0,2025-12-05,200m,Sprints,806.0,2026-04-03,-60.0
2026,27299,Men,Mile,Distance,738.0,2025-12-05,1500m,Distance,775.0,2026-03-28,37.0
2026,24670,Men,200m,Sprints,753.0,2026-02-07,200m,Sprints,776.0,2026-03-20,23.0
2026,29607,Men,400m,Sprints,779.0,2026-01-17,400m,Sprints,785.0,2026-03-20,6.0
2026,24676,Men,400m,Sprints,837.0,2026-01-30,200m,Sprints,825.0,2026-03-20,-12.0
2026,3845,Men,Long Jump,Jumps,729.0,2026-01-30,Long Jump,Jumps,765.0,2026-03-28,36.0
2026,25148,Men,60m,Sprints,811.0,2026-02-21,100m,Sprints,753.0,2026-03-20,-58.0
2026,3522,Men,400m,Sprints,808.0,2026-01-17,200m,Sprints,879.0,2026-03-20,71.0
2026,29669,Men,400m,Sprints,917.0,2026-01-17,400m,Sprints,935.0,2026-03-20,18.0
2026,29599,Men,60m,Sprints,889.0,2026-01-16,Long Jump,Jumps,873.0,2026-03-07,-16.0
2026,29597,Men,60m,Sprints,944.0,2026-01-16,100m,Sprints,803.0,2026-03-07,-141.0
2026,29696,Men,400m,Sprints,810.0,2026-01-23,400m,Sprints,768.0,2026-03-27,-42.0
2026,3908,Men,60m,Sprints,807.0,2026-02-28,100m,Sprints,805.0,2026-04-11,-2.0
2026,30069,Men,200m,Sprints,796.0,2026-02-15,200m,Sprints,771.0,2026-03-07,-25.0
2026,29819,Men,60m,Sprints,793.0,2026-02-14,100m,Sprints,777.0,2026-03-28,-16.0
2026,29818,Men,60m,Sprints,821.0,2026-02-14,100m,Sprints,851.0,2026-03-28,30.0
2026,31210,Men,High Jump,Jumps,689.0,2026-02-20,Long Jump,Jumps,843.0,2026-03-20,154.0
2026,30137,Men,Long Jump,Jumps,759.0,2026-02-21,Long Jump,Jumps,875.0,2026-04-11,116.0
2026,24391,Men,200m,Sprints,975.0,2025-12-06,100m,Sprints,913.0,2026-04-11,-62.0
2026,30391,Men,60m,Sprints,821.0,2026-02-28,200m,Sprints,859.0,2026-04-11,38.0
2026,24629,Men,60m,Sprints,765.0,2026-01-17,200m,Sprints,854.0,2026-04-11,89.0
2026,24540,Men,High Jump,Jumps,758.0,2026-02-15,200m,Sprints,853.0,2026-04-11,95.0
2026,24551,Men,800m,Distance,619.0,2025-12-06,200m,Sprints,837.0,2026-04-11,218.0
2026,31088,Men,200m,Sprints,810.0,2026-03-06,200m,Sprints,820.0,2026-04-11,10.0
2026,3630,Men,60m,Sprints,869.0,2026-02-28,200m,Sprints,796.0,2026-04-11,-73.0
2026,24852,Men,Long Jump,Jumps,828.0,2026-01-31,200m,Sprints,781.0,2026-04-11,-47.0
2026,24401,Men,60m,Sprints,738.0,2026-02-28,200m,Sprints,777.0,2026-04-11,39.0
2026,5668,Men,60m,Sprints,816.0,2026-02-14,100m,Sprints,808.0,2026-04-11,-8.0
2026,3784,Men,55m,Sprints,812.0,2026-01-31,200m,Sprints,769.0,2026-04-11,-43.0
2026,26139,Men,60m,Sprints,760.0,2026-01-31,200m,Sprints,762.0,2026-04-11,2.0
2026,24861,Men,60m,Sprints,747.0,2026-02-07,100m,Sprints,797.0,2026-04-11,50.0
2026,24635,Men,60m,Sprints,680.0,2026-01-17,200m,Sprints,753.0,2026-04-11,73.0
2026,29744,Men,60m,Sprints,807.0,2026-01-30,100m,Sprints,805.0,2026-04-11,-2.0
2026,31190,Men,60m Hurdles,Hurdles,752.0,2026-02-20,400m Hurdles,Hurdles,807.0,2026-04-11,55.0
2026,30378,Men,60m Hurdles,Hurdles,749.0,2026-02-28,100m,Sprints,755.0,2026-04-11,6.0
2026,24914,Men,800m,Distance,891.0,2026-01-17,800m,Distance,863.0,2026-03-20,-28.0
2026,29877,Men,400m,Sprints,877.0,2026-02-14,400m,Sprints,809.0,2026-04-11,-68.0
2026,30380,Men,Long Jump,Jumps,693.0,2026-02-28,400m Hurdles,Hurdles,888.0,2026-04-11,195.0
2026,29636,Men,400m,Sprints,919.0,2025-12-05,400m,Sprints,900.0,2026-04-11,-19.0
2026,24434,Men,300m,Sprints,820.0,2025-12-06,400m,Sprints,858.0,2026-04-11,38.0
2026,27097,Men,400m,Sprints,757.0,2026-02-07,400m,Sprints,778.0,2026-04-11,21.0
2026,31308,Men,400m,Sprints,780.0,2026-02-20,400m Hurdles,Hurdles,803.0,2026-03-15,23.0
2026,3733,Men,60m,Sprints,756.0,2026-01-17,100m,Sprints,766.0,2026-04-03,10.0
2024,3532,Women,400m,Sprints,771.0,2023-12-02,400m,Sprints,777.0,2024-04-06,6.0
2024,3658,Women,60m,Sprints,875.0,2023-12-09,100m,Sprints,895.0,2024-03-16,20.0
2024,3650,Women,400m,Sprints,840.0,2023-12-09,400m,Sprints,850.0,2024-03-16,10.0
2024,4260,Women,Long Jump,Jumps,743.0,2024-02-10,Triple Jump,Jumps,769.0,2024-03-22,26.0
2024,3795,Women,60m Hurdles,Hurdles,870.0,2024-01-20,100m,Sprints,832.0,2024-03-22,-38.0
2024,3566,Women,High Jump,Jumps,820.0,2023-12-02,High Jump,Jumps,820.0,2024-03-22,0.0
2024,3972,Women,60m,Sprints,780.0,2024-01-27,100m,Sprints,792.0,2024-03-22,12.0
2024,3966,Women,High Jump,Jumps,631.0,2024-01-27,High Jump,Jumps,773.0,2024-03-22,142.0
2024,3973,Women,60m,Sprints,745.0,2024-01-27,100m,Sprints,766.0,2024-03-22,21.0
2024,3581,Women,60m,Sprints,780.0,2023-12-02,200m,Sprints,753.0,2024-03-23,-27.0
2024,4289,Women,200m,Sprints,795.0,2024-02-10,400m,Sprints,780.0,2024-03-22,-15.0
2024,4242,Women,200m,Sprints,902.0,2024-02-10,100m,Sprints,902.0,2024-03-30,0.0
2024,4243,Women,60m,Sprints,834.0,2024-02-10,100m,Sprints,882.0,2024-03-30,48.0
2024,3793,Women,60m,Sprints,852.0,2024-01-20,Triple Jump,Jumps,912.0,2024-04-06,60.0
2024,4265,Women,60m,Sprints,814.0,2024-02-10,100m,Sprints,867.0,2024-04-06,53.0
2024,4016,Women,200m,Sprints,824.0,2024-02-03,200m,Sprints,831.0,2024-04-06,7.0
2024,3796,Women,60m,Sprints,809.0,2024-01-20,100m,Sprints,821.0,2024-04-06,12.0
2024,4162,Women,200m,Sprints,816.0,2024-02-10,100m,Sprints,814.0,2024-04-06,-2.0
2024,4259,Women,60m,Sprints,852.0,2024-02-10,Long Jump,Jumps,850.0,2024-03-16,-2.0
2024,1945,Women,400m,Sprints,844.0,2024-01-20,100m,Sprints,778.0,2024-04-06,-66.0
2024,4268,Women,200m,Sprints,746.0,2024-02-10,Long Jump,Jumps,779.0,2024-04-06,33.0
2024,976,Women,400m,Sprints,724.0,2024-02-09,400m,Sprints,765.0,2024-04-06,41.0
2024,4290,Women,Long Jump,Jumps,709.0,2024-02-10,Long Jump,Jumps,798.0,2024-04-06,89.0
2024,2924,Women,1000m,Distance,724.0,2024-02-03,400m Hurdles,Hurdles,753.0,2024-03-16,29.0
2024,4127,Women,60m,Sprints,731.0,2024-02-03,100m,Sprints,791.0,2024-04-06,60.0
2024,4017,Women,60m,Sprints,778.0,2024-02-03,100m,Sprints,807.0,2024-04-13,29.0
2024,4018,Women,Long Jump,Jumps,833.0,2024-02-03,Long Jump,Jumps,786.0,2024-04-13,-47.0
2024,3888,Women,60m,Sprints,783.0,2024-01-26,100m,Sprints,787.0,2024-04-13,4.0
2024,3889,Women,60m Hurdles,Hurdles,833.0,2024-01-26,100m Hurdles,Hurdles,823.0,2024-04-13,-10.0
2024,3753,Women,60m,Sprints,809.0,2024-01-20,100m,Sprints,756.0,2024-04-13,-53.0
2024,4254,Women,60m,Sprints,872.0,2024-02-10,200m,Sprints,849.0,2024-05-03,-23.0
2024,4177,Women,Long Jump,Jumps,701.0,2024-02-10,Long Jump,Jumps,811.0,2024-04-06,110.0
2025,3581,Women,60m,Sprints,797.0,2024-12-08,100m,Sprints,796.0,2025-03-08,-1.0
2025,25017,Women,400m,Sprints,740.0,2025-02-07,400m,Sprints,753.0,2025-03-08,13.0
2025,24602,Women,400m,Sprints,773.0,2025-01-18,100m,Sprints,803.0,2025-03-22,30.0
2025,3657,Women,Triple Jump,Jumps,730.0,2024-12-14,Triple Jump,Jumps,765.0,2025-03-29,35.0
2025,24410,Women,60m,Sprints,869.0,2024-12-06,100m,Sprints,904.0,2025-03-29,35.0
2025,24411,Women,Triple Jump,Jumps,899.0,2024-12-06,400m,Sprints,893.0,2025-03-29,-6.0
2025,3825,Women,60m Hurdles,Hurdles,819.0,2024-12-06,100m Hurdles,Hurdles,775.0,2025-03-29,-44.0
2025,3848,Women,200m,Sprints,731.0,2024-12-08,100m,Sprints,789.0,2025-03-22,58.0
2025,3532,Women,400m,Sprints,740.0,2024-12-08,400m,Sprints,767.0,2025-03-22,27.0
2025,24829,Women,400m,Sprints,743.0,2025-01-31,400m,Sprints,778.0,2025-03-28,35.0
2025,24679,Women,60m Hurdles,Hurdles,748.0,2025-01-25,100m,Sprints,856.0,2025-03-28,108.0
2025,3796,Women,200m,Sprints,816.0,2025-01-25,100m,Sprints,845.0,2025-03-28,29.0
2025,25136,Women,200m,Sprints,794.0,2025-02-22,100m,Sprints,808.0,2025-03-28,14.0
2025,24572,Women,60m,Sprints,820.0,2024-12-14,100m,Sprints,899.0,2025-03-29,79.0
2025,3793,Women,60m,Sprints,920.0,2025-03-01,Long Jump,Jumps,895.0,2025-04-05,-25.0
2025,3795,Women,60m Hurdles,Hurdles,889.0,2025-01-25,100m,Sprints,823.0,2025-04-05,-66.0
2025,24687,Women,60m,Sprints,872.0,2025-01-25,200m,Sprints,828.0,2025-04-05,-44.0
2025,24946,Women,60m Hurdles,Hurdles,844.0,2024-12-08,400m Hurdles,Hurdles,812.0,2025-04-05,-32.0
2025,24625,Women,200m,Sprints,814.0,2025-01-18,400m,Sprints,817.0,2025-04-05,3.0
2025,3533,Women,200m,Sprints,780.0,2025-02-08,200m,Sprints,799.0,2025-04-05,19.0
2025,4740,Women,400m,Sprints,560.0,2025-01-31,400m Hurdles,Hurdles,796.0,2025-04-05,236.0
2025,4023,Women,200m,Sprints,719.0,2025-02-08,400m Hurdles,Hurdles,907.0,2025-04-24,188.0
2026,24572,Women,60m,Sprints,902.0,2025-12-06,100m,Sprints,925.0,2026-03-20,23.0
2026,3650,Women,200m,Sprints,742.0,2026-01-24,400m,Sprints,843.0,2026-03-20,101.0
2026,31182,Women,60m Hurdles,Hurdles,883.0,2026-02-20,100m,Sprints,852.0,2026-03-20,-31.0
2026,31183,Women,60m,Sprints,846.0,2026-02-20,100m,Sprints,750.0,2026-03-20,-96.0
2026,31193,Women,60m,Sprints,826.0,2026-02-20,100m,Sprints,817.0,2026-03-20,-9.0
2026,31184,Women,200m,Sprints,810.0,2026-02-20,100m,Sprints,764.0,2026-03-20,-46.0
2026,3581,Women,400m,Sprints,709.0,2026-02-08,200m,Sprints,780.0,2026-03-21,71.0
2026,24411,Women,Triple Jump,Jumps,857.0,2026-01-23,Triple Jump,Jumps,940.0,2026-03-28,83.0
2026,24623,Women,200m,Sprints,810.0,2026-01-30,200m,Sprints,803.0,2026-03-28,-7.0
2026,24717,Women,400m,Sprints,818.0,2026-02-20,400m,Sprints,781.0,2026-03-28,-37.0
2026,28272,Women,800m,Distance,796.0,2026-01-23,400m,Sprints,764.0,2026-03-21,-32.0
2026,24727,Women,400m,Sprints,808.0,2026-01-23,400m,Sprints,767.0,2026-03-28,-41.0
2026,24625,Women,200m,Sprints,801.0,2026-01-17,400m,Sprints,822.0,2026-03-28,21.0
2026,29454,Women,60m Hurdles,Hurdles,724.0,2025-12-06,100m,Sprints,756.0,2026-03-20,32.0
2026,24602,Women,400m,Sprints,805.0,2026-02-07,400m,Sprints,855.0,2026-03-20,50.0
2026,29777,Women,60m,Sprints,849.0,2026-02-07,100m,Sprints,764.0,2026-04-03,-85.0
2026,29644,Women,400m,Sprints,838.0,2026-01-23,400m,Sprints,858.0,2026-04-03,20.0
2026,25883,Women,60m,Sprints,857.0,2026-03-08,100m,Sprints,764.0,2026-04-11,-93.0
2026,29439,Women,200m,Sprints,661.0,2025-12-06,400m,Sprints,765.0,2026-04-11,104.0
2026,4266,Women,200m,Sprints,815.0,2026-01-30,100m,Sprints,841.0,2026-03-27,26.0
2026,30991,Women,60m,Sprints,747.0,2026-03-01,Long Jump,Jumps,803.0,2026-03-07,56.0
2026,30384,Women,60m,Sprints,766.0,2026-02-28,400m,Sprints,787.0,2026-03-28,21.0
2026,24687,Women,60m,Sprints,893.0,2026-02-14,200m,Sprints,832.0,2026-03-28,-61.0
2026,31156,Women,60m,Sprints,775.0,2026-03-08,200m,Sprints,778.0,2026-04-11,3.0
2026,29574,Women,200m,Sprints,871.0,2025-12-06,100m,Sprints,863.0,2026-04-11,-8.0
2026,24946,Women,60m Hurdles,Hurdles,692.0,2026-02-06,400m Hurdles,Hurdles,837.0,2026-04-11,145.0
2026,27622,Women,60m,Sprints,778.0,2026-02-28,200m,Sprints,783.0,2026-04-11,5.0
2026,25136,Women,200m,Sprints,801.0,2025-12-06,200m,Sprints,776.0,2026-04-11,-25.0
2026,30383,Women,60m,Sprints,778.0,2026-02-28,200m,Sprints,770.0,2026-04-11,-8.0
2026,24679,Women,60m,Sprints,855.0,2026-02-28,400m Hurdles,Hurdles,834.0,2026-04-11,-21.0
2026,4105,Women,400m,Sprints,759.0,2025-12-06,400m,Sprints,789.0,2026-04-11,30.0
2026,4243,Women,60m,Sprints,786.0,2025-12-06,100m,Sprints,759.0,2026-04-11,-27.0
2026,29710,Women,200m,Sprints,825.0,2026-01-30,100m,Sprints,783.0,2026-04-11,-42.0
2026,3566,Women,60m Hurdles,Hurdles,726.0,2025-12-06,High Jump,Jumps,763.0,2026-04-11,37.0
2026,31202,Women,800m,Distance,797.0,2026-02-20,800m,Distance,861.0,2026-03-20,64.0
2026,1945,Women,Mile,Distance,813.0,2025-12-05,800m,Distance,872.0,2026-03-28,59.0
2026,26947,Women,Mile,Distance,761.0,2026-01-23,1500m,Distance,856.0,2026-03-28,95.0
2026,24949,Women,800m,Distance,803.0,2025-12-06,400m,Sprints,794.0,2026-04-03,-9.0
2026,27617,Women,400m,Sprints,806.0,2026-01-24,400m,Sprints,786.0,2026-04-11,-20.0
2026,27524,Women,800m,Distance,769.0,2026-02-07,1500m,Distance,758.0,2026-03-20,-11.0
2024,3623,Men,60m Hurdles,Hurdles,725.0,2023-12-08,400m Hurdles,Hurdles,776.0,2024-04-13,51.0
2024,4620,Men,60m Hurdles,Hurdles,912.0,2024-02-17,110m Hurdles,Hurdles,890.0,2024-04-25,-22.0
2024,4410,Men,High Jump,Jumps,758.0,2024-02-10,High Jump,Jumps,810.0,2024-03-30,52.0
2025,24575,Men,60m Hurdles,Hurdles,820.0,2024-12-14,110m Hurdles,Hurdles,798.0,2025-03-22,-22.0
2025,24614,Men,High Jump,Jumps,706.0,2025-01-18,Long Jump,Jumps,771.0,2025-03-29,65.0
2025,3845,Men,Long Jump,Jumps,696.0,2025-01-31,Long Jump,Jumps,775.0,2025-03-29,79.0
2025,5252,Men,60m Hurdles,Hurdles,754.0,2025-02-07,110m Hurdles,Hurdles,792.0,2025-03-22,38.0
2025,130,Men,Mile,Distance,763.0,2025-01-25,1500m,Distance,858.0,2025-03-28,95.0
2025,4410,Men,High Jump,Jumps,801.0,2024-12-08,High Jump,Jumps,758.0,2025-04-05,-43.0
2025,3694,Men,High Jump,Jumps,940.0,2024-12-14,Long Jump,Jumps,830.0,2025-03-22,-110.0
2025,24577,Men,Long Jump,Jumps,775.0,2024-12-14,Long Jump,Jumps,788.0,2025-03-22,13.0
2025,24578,Men,Triple Jump,Jumps,726.0,2024-12-14,Triple Jump,Jumps,751.0,2025-03-22,25.0
2026,29746,Men,60m Hurdles,Hurdles,757.0,2026-01-30,400m Hurdles,Hurdles,911.0,2026-03-28,154.0
2026,5500,Men,500m,Sprints,793.0,2025-12-05,1500m,Distance,874.0,2026-03-28,81.0
2024,809,Women,3000m,Distance,770.0,2024-02-11,800m,Distance,763.0,2024-04-14,-7.0
2024,4755,Women,Triple Jump,Jumps,811.0,2024-02-24,Triple Jump,Jumps,871.0,2024-04-06,60.0
2024,4023,Women,400m,Sprints,795.0,2024-02-03,400m Hurdles,Hurdles,860.0,2024-04-06,65.0
2025,24605,Women,High Jump,Jumps,897.0,2025-01-18,Long Jump,Jumps,762.0,2025-03-22,-135.0
2025,1928,Women,Mile,Distance,733.0,2024-12-06,400m Hurdles,Hurdles,832.0,2025-03-29,99.0
2025,3566,Women,60m Hurdles,Hurdles,412.0,2025-01-25,High Jump,Jumps,897.0,2025-03-28,485.0
2026,29451,Women,60m Hurdles,Hurdles,748.0,2025-12-06,400m Hurdles,Hurdles,766.0,2026-03-20,18.0
2026,22369,Women,400m,Sprints,690.0,2026-02-15,400m Hurdles,Hurdles,759.0,2026-03-20,69.0
2026,24605,Women,High Jump,Jumps,820.0,2025-12-06,High Jump,Jumps,820.0,2026-03-20,0.0
2026,29437,Women,Triple Jump,Jumps,819.0,2025-12-06,Triple Jump,Jumps,776.0,2026-04-11,-43.0
2026,1686,Women,5000m,Distance,844.0,2026-01-24,1500m,Distance,856.0,2026-04-03,12.0
2024,4899,Men,Long Jump,Jumps,775.0,2024-02-24,Long Jump,Jumps,786.0,2024-03-16,11.0
2024,4441,Men,High Jump,Jumps,715.0,2024-02-10,High Jump,Jumps,758.0,2024-03-16,43.0
2024,3985,Men,Long Jump,Jumps,820.0,2024-01-27,Long Jump,Jumps,822.0,2024-03-30,2.0
2024,4043,Men,Long Jump,Jumps,759.0,2024-02-03,Long Jump,Jumps,756.0,2024-04-06,-3.0
2024,4033,Men,Long Jump,Jumps,864.0,2024-02-03,Triple Jump,Jumps,878.0,2024-04-13,14.0
2024,3763,Men,Long Jump,Jumps,759.0,2024-01-20,Long Jump,Jumps,822.0,2024-04-13,63.0
2025,25033,Men,Triple Jump,Jumps,629.0,2025-02-07,High Jump,Jumps,758.0,2025-03-22,129.0
2025,4143,Men,High Jump,Jumps,689.0,2025-01-18,High Jump,Jumps,775.0,2025-03-28,86.0
2025,3515,Men,Triple Jump,Jumps,808.0,2024-12-06,Long Jump,Jumps,843.0,2025-04-05,35.0
2025,5606,Men,High Jump,Jumps,689.0,2025-01-25,Triple Jump,Jumps,765.0,2025-04-05,76.0
2025,24372,Men,Triple Jump,Jumps,796.0,2024-12-06,Long Jump,Jumps,816.0,2025-04-05,20.0
2025,25564,Men,Triple Jump,Jumps,684.0,2025-03-01,Long Jump,Jumps,754.0,2025-04-05,70.0
2025,4038,Men,High Jump,Jumps,732.0,2025-02-01,High Jump,Jumps,801.0,2025-04-05,69.0
2025,25284,Men,Long Jump,Jumps,666.0,2025-02-22,Long Jump,Jumps,814.0,2025-04-05,148.0
2025,24559,Men,Long Jump,Jumps,723.0,2024-12-08,Long Jump,Jumps,759.0,2025-04-05,36.0
2025,4033,Men,Long Jump,Jumps,822.0,2025-02-08,Triple Jump,Jumps,940.0,2025-05-09,118.0
2026,3694,Men,High Jump,Jumps,949.0,2025-12-06,High Jump,Jumps,818.0,2026-03-20,-131.0
2026,30068,Men,200m,Sprints,814.0,2026-02-15,Long Jump,Jumps,778.0,2026-03-28,-36.0
2026,25878,Men,Long Jump,Jumps,752.0,2026-02-15,Long Jump,Jumps,886.0,2026-03-07,134.0
2026,29603,Men,Triple Jump,Jumps,777.0,2026-01-17,Long Jump,Jumps,807.0,2026-03-20,30.0
2026,29754,Men,High Jump,Jumps,801.0,2026-01-31,High Jump,Jumps,853.0,2026-04-11,52.0
2026,29866,Men,400m,Sprints,488.0,2026-02-14,High Jump,Jumps,775.0,2026-04-11,287.0
2026,24559,Men,Long Jump,Jumps,691.0,2025-12-06,Long Jump,Jumps,784.0,2026-04-11,93.0
2024,3717,Women,Long Jump,Jumps,955.0,2024-01-13,Long Jump,Jumps,947.0,2024-03-30,-8.0
2024,3664,Women,Triple Jump,Jumps,779.0,2023-12-09,Triple Jump,Jumps,810.0,2024-04-06,31.0
2025,3664,Women,Long Jump,Jumps,711.0,2025-01-10,Triple Jump,Jumps,781.0,2025-03-08,70.0
2025,24472,Women,200m,Sprints,629.0,2024-12-08,High Jump,Jumps,801.0,2025-03-22,172.0
2026,24567,Women,Triple Jump,Jumps,779.0,2025-12-06,Triple Jump,Jumps,754.0,2026-03-20,-25.0
2026,24969,Women,High Jump,Jumps,678.0,2026-01-31,High Jump,Jumps,782.0,2026-03-20,104.0
2024,3692,Men,Shot Put,Throws,777.0,2023-12-09,Shot Put,Throws,789.0,2024-03-16,12.0
2024,3706,Men,Shot Put,Throws,732.0,2023-12-09,Discus,Throws,811.0,2024-03-16,79.0
2024,4850,Men,Shot Put,Throws,632.0,2024-02-24,Discus,Throws,765.0,2024-04-06,133.0
2025,3706,Men,Shot Put,Throws,762.0,2024-12-14,Shot Put,Throws,777.0,2025-03-22,15.0
2025,5722,Men,Shot Put,Throws,757.0,2025-02-09,Shot Put,Throws,809.0,2025-04-05,52.0
2025,25555,Men,Shot Put,Throws,799.0,2025-03-01,Shot Put,Throws,781.0,2025-04-05,-18.0
2026,24862,Men,Shot Put,Throws,625.0,2026-01-17,Discus,Throws,754.0,2026-03-20,129.0
2026,3692,Men,Shot Put,Throws,756.0,2025-12-06,Shot Put,Throws,755.0,2026-03-20,-1.0
2026,3706,Men,Shot Put,Throws,730.0,2026-01-24,Shot Put,Throws,752.0,2026-03-20,22.0
2026,25555,Men,Shot Put,Throws,762.0,2026-02-14,Discus,Throws,886.0,2026-03-28,124.0
2026,5722,Men,Shot Put,Throws,747.0,2026-02-15,Shot Put,Throws,779.0,2026-04-11,32.0
2024,3861,Men,400m,Sprints,809.0,2024-01-26,800m,Distance,758.0,2024-03-30,-51.0
2024,530,Men,Mile,Distance,625.0,2024-01-20,800m,Distance,829.0,2024-04-06,204.0
2024,505,Men,Mile,Distance,791.0,2024-01-20,5000m,Distance,831.0,2024-04-06,40.0
2024,3286,Men,800m,Distance,652.0,2024-02-03,800m,Distance,767.0,2024-03-08,115.0
2024,466,Men,3000m,Distance,730.0,2024-01-13,1500m,Distance,837.0,2024-03-15,107.0
2024,4056,Men,400m,Sprints,781.0,2024-02-03,800m,Distance,783.0,2024-03-16,2.0
2024,2950,Men,3000m,Distance,757.0,2024-02-03,800m,Distance,786.0,2024-03-16,29.0
2024,666,Men,5000m,Distance,900.0,2024-02-03,800m,Distance,812.0,2024-03-16,-88.0
2024,676,Men,Mile,Distance,694.0,2024-02-10,1500m,Distance,781.0,2024-03-16,87.0
2024,4014,Men,800m,Distance,926.0,2024-02-02,800m,Distance,888.0,2024-03-16,-38.0
2024,451,Men,3000m,Distance,779.0,2024-02-02,5000m,Distance,828.0,2024-03-22,49.0
2024,3266,Men,3000m,Distance,759.0,2024-02-10,5000m,Distance,754.0,2024-03-22,-5.0
2024,3274,Men,1500m,Distance,711.0,2024-02-10,1500m,Distance,819.0,2024-03-22,108.0
2024,145,Men,Mile,Distance,793.0,2024-01-27,1500m,Distance,769.0,2024-03-22,-24.0
2024,123,Men,Mile,Distance,812.0,2024-02-03,1500m,Distance,764.0,2024-03-22,-48.0
2024,363,Men,Mile,Distance,724.0,2024-01-19,800m,Distance,801.0,2024-03-30,77.0
2024,2193,Men,Mile,Distance,749.0,2024-02-10,1500m,Distance,811.0,2024-03-30,62.0
2024,2860,Men,400m,Sprints,755.0,2024-01-20,800m,Distance,804.0,2024-03-30,49.0
2024,1998,Men,3000m,Distance,776.0,2024-01-20,3000m Steeplechase,Distance,809.0,2024-03-30,33.0
2024,2855,Men,3000m,Distance,774.0,2024-02-24,1500m,Distance,796.0,2024-03-30,22.0
2024,2007,Men,3000m,Distance,844.0,2024-01-20,3000m Steeplechase,Distance,799.0,2024-03-30,-45.0
2024,3743,Men,800m,Distance,878.0,2024-01-19,800m,Distance,831.0,2024-04-06,-47.0
2024,2896,Men,100m,Sprints,901.0,2024-02-24,800m,Distance,787.0,2024-04-06,-114.0
2024,3269,Men,800m,Distance,773.0,2024-02-10,800m,Distance,785.0,2024-04-06,12.0
2024,2003,Men,Mile,Distance,836.0,2024-01-26,800m,Distance,763.0,2024-04-06,-73.0
2024,1715,Men,800m,Distance,784.0,2024-02-10,800m,Distance,755.0,2024-04-06,-29.0
2024,1989,Men,3000m,Distance,855.0,2024-01-20,1500m,Distance,827.0,2024-04-06,-28.0
2024,2108,Men,Mile,Distance,763.0,2024-02-25,1500m,Distance,777.0,2024-04-06,14.0
2024,1815,Men,800m,Distance,625.0,2024-02-10,5000m,Distance,781.0,2024-04-06,156.0
2024,3,Men,3000m,Distance,744.0,2024-01-27,5000m,Distance,773.0,2024-04-06,29.0
2024,1999,Men,3000m,Distance,809.0,2024-01-20,5000m,Distance,768.0,2024-04-06,-41.0
2024,1522,Men,5000m,Distance,825.0,2024-01-14,5000m,Distance,817.0,2024-03-16,-8.0
2024,3633,Men,3000m,Distance,756.0,2023-12-08,1500m,Distance,760.0,2024-04-12,4.0
2024,3762,Men,800m,Distance,801.0,2024-01-20,800m,Distance,799.0,2024-04-13,-2.0
2024,2192,Men,3000m,Distance,792.0,2024-02-24,5000m,Distance,750.0,2024-04-20,-42.0
2024,2111,Men,Mile,Distance,683.0,2024-03-03,1500m,Distance,759.0,2024-04-21,76.0
2024,18,Men,800m,Distance,621.0,2024-01-20,800m,Distance,831.0,2024-04-26,210.0
2025,2492,Men,Mile,Distance,729.0,2025-01-25,800m,Distance,852.0,2025-03-14,123.0
2025,2855,Men,3000m,Distance,919.0,2025-01-31,800m,Distance,843.0,2025-03-29,-76.0
2025,5500,Men,Mile,Distance,675.0,2025-01-31,800m,Distance,836.0,2025-03-29,161.0
2025,2007,Men,3000m,Distance,856.0,2025-01-24,3000m Steeplechase,Distance,806.0,2025-03-29,-50.0
2025,24595,Men,1000m,Distance,865.0,2025-01-17,1500m,Distance,831.0,2025-03-20,-34.0
2025,468,Men,800m,Distance,831.0,2025-02-07,800m,Distance,781.0,2025-03-22,-50.0
2025,18964,Men,3000m,Distance,828.0,2025-02-07,5000m,Distance,794.0,2025-03-28,-34.0
2025,683,Men,3000m,Distance,834.0,2025-02-07,5000m,Distance,761.0,2025-03-28,-73.0
2025,530,Men,1000m,Distance,830.0,2025-01-17,800m,Distance,774.0,2025-03-22,-56.0
2025,467,Men,1000m,Distance,875.0,2025-02-07,800m,Distance,813.0,2025-03-28,-62.0
2025,466,Men,3000m,Distance,835.0,2024-12-05,800m,Distance,824.0,2025-03-22,-11.0
2025,25000,Men,800m,Distance,836.0,2025-02-08,Mile,Distance,761.0,2025-03-22,-75.0
2025,2,Men,3000m,Distance,964.0,2024-12-06,5000m,Distance,844.0,2025-03-21,-120.0
2025,666,Men,5000m,Distance,908.0,2025-02-07,1500m,Distance,799.0,2025-03-22,-109.0
2025,669,Men,3000m,Distance,732.0,2025-02-07,1500m,Distance,777.0,2025-03-22,45.0
2025,24640,Men,Mile,Distance,699.0,2025-01-18,800m,Distance,816.0,2025-03-28,117.0
2025,24637,Men,800m,Distance,726.0,2025-01-18,800m,Distance,758.0,2025-03-28,32.0
2025,4910,Men,Mile,Distance,746.0,2025-01-18,1500m,Distance,790.0,2025-03-28,44.0
2025,123,Men,3000m,Distance,746.0,2025-01-25,1500m,Distance,836.0,2025-03-28,90.0
2025,127,Men,3000m,Distance,784.0,2025-02-08,5000m,Distance,766.0,2025-03-28,-18.0
2025,2193,Men,3000m,Distance,786.0,2025-02-15,5000m,Distance,773.0,2025-03-28,-13.0
2025,8038,Men,3000m,Distance,602.0,2025-02-15,1500m,Distance,775.0,2025-03-29,173.0
2025,539,Men,1000m,Distance,901.0,2025-01-17,800m,Distance,928.0,2025-04-05,27.0
2025,2259,Men,5000m,Distance,615.0,2025-02-08,1500m,Distance,770.0,2025-04-05,155.0
2025,8146,Men,3000m,Distance,792.0,2025-02-01,1500m,Distance,754.0,2025-04-05,-38.0
2025,382,Men,Mile,Distance,736.0,2025-02-01,1500m,Distance,792.0,2025-04-05,56.0
2025,1715,Men,3000m,Distance,716.0,2025-01-25,1500m,Distance,807.0,2025-04-05,91.0
2025,395,Men,800m,Distance,753.0,2025-02-09,1500m,Distance,786.0,2025-04-05,33.0
2025,11483,Men,Mile,Distance,770.0,2025-01-17,1500m,Distance,781.0,2025-04-05,11.0
2025,22384,Men,3000m,Distance,725.0,2025-02-09,1500m,Distance,776.0,2025-04-05,51.0
2025,700,Men,800m,Distance,509.0,2025-01-31,800m,Distance,786.0,2025-04-05,277.0
2025,18865,Men,800m,Distance,902.0,2025-02-09,800m,Distance,832.0,2025-04-05,-70.0
2025,22379,Men,800m,Distance,910.0,2025-02-07,800m,Distance,804.0,2025-04-05,-106.0
2025,2723,Men,5000m,Distance,798.0,2025-02-07,3000m Steeplechase,Distance,809.0,2025-04-05,11.0
2025,21471,Men,800m,Distance,695.0,2025-02-01,1500m,Distance,769.0,2025-04-05,74.0
2026,28361,Men,Mile,Distance,771.0,2026-01-30,800m,Distance,794.0,2026-03-06,23.0
2026,22588,Men,Mile,Distance,758.0,2026-01-30,1500m,Distance,761.0,2026-03-06,3.0
2026,29751,Men,800m,Distance,734.0,2026-01-31,800m,Distance,807.0,2026-03-20,73.0
2026,27000,Men,3000m,Distance,705.0,2026-02-08,800m,Distance,758.0,2026-03-13,53.0
2026,28312,Men,800m,Distance,935.0,2026-01-23,800m,Distance,865.0,2026-03-21,-70.0
2026,18979,Men,Mile,Distance,757.0,2026-01-30,5000m,Distance,764.0,2026-03-21,7.0
2026,26993,Men,3000m,Distance,794.0,2026-01-30,5000m,Distance,787.0,2026-03-21,-7.0
2026,467,Men,Mile,Distance,759.0,2026-02-14,800m,Distance,789.0,2026-03-21,30.0
2026,666,Men,3000m,Distance,932.0,2026-01-23,5000m,Distance,789.0,2026-03-07,-143.0
2026,19411,Men,800m,Distance,719.0,2026-01-30,800m,Distance,795.0,2026-03-28,76.0
2026,2855,Men,3000m,Distance,774.0,2026-01-23,1500m,Distance,816.0,2026-03-28,42.0
2026,4910,Men,Mile,Distance,651.0,2026-01-17,1500m,Distance,831.0,2026-03-28,180.0
2026,26507,Men,3000m,Distance,659.0,2026-01-17,1500m,Distance,751.0,2026-03-28,92.0
2026,673,Men,3000m,Distance,852.0,2026-01-23,5000m,Distance,764.0,2026-03-21,-88.0
2026,7975,Men,3000m,Distance,803.0,2026-01-17,5000m,Distance,819.0,2026-03-28,16.0
2026,2003,Men,Mile,Distance,830.0,2026-01-23,1500m,Distance,874.0,2026-04-03,44.0
2026,27294,Men,Mile,Distance,843.0,2026-01-30,5000m,Distance,825.0,2026-04-03,-18.0
2026,420,Men,Mile,Distance,690.0,2026-01-30,800m,Distance,754.0,2026-04-03,64.0
2026,24595,Men,1000m,Distance,917.0,2025-12-07,1500m,Distance,907.0,2026-03-26,-10.0
2026,1715,Men,Mile,Distance,858.0,2026-01-30,1500m,Distance,820.0,2026-03-28,-38.0
2026,2896,Men,800m,Distance,933.0,2026-02-15,1500m,Distance,809.0,2026-03-07,-124.0
2026,8038,Men,3000m,Distance,726.0,2026-02-14,1500m,Distance,874.0,2026-03-28,148.0
2026,27555,Men,Mile,Distance,718.0,2026-02-28,1500m,Distance,754.0,2026-03-28,36.0
2026,135,Men,Mile,Distance,852.0,2026-02-14,1500m,Distance,885.0,2026-03-28,33.0
2026,23472,Men,Mile,Distance,748.0,2026-02-14,1500m,Distance,814.0,2026-03-28,66.0
2026,2258,Men,3000m,Distance,824.0,2026-01-31,1500m,Distance,847.0,2026-04-11,23.0
2026,27114,Men,3000m,Distance,788.0,2026-02-07,1500m,Distance,761.0,2026-04-11,-27.0
2026,26902,Men,Mile,Distance,693.0,2026-01-24,1500m,Distance,753.0,2026-04-11,60.0
2026,3393,Men,Mile,Distance,908.0,2026-01-16,1500m,Distance,942.0,2026-04-11,34.0
2026,27690,Men,2 Mile,Distance,776.0,2026-03-08,5000m,Distance,826.0,2026-04-11,50.0
2026,2260,Men,3000m,Distance,750.0,2026-01-31,1500m,Distance,788.0,2026-04-11,38.0
2026,19539,Men,Mile,Distance,815.0,2026-02-21,1500m,Distance,781.0,2026-04-11,-34.0
2026,2111,Men,Mile,Distance,673.0,2026-03-08,1500m,Distance,755.0,2026-04-11,82.0
2026,530,Men,1000m,Distance,796.0,2026-01-16,800m,Distance,790.0,2026-04-11,-6.0
2026,2193,Men,3000m,Distance,725.0,2026-02-07,5000m,Distance,821.0,2026-04-11,96.0
2026,29780,Men,3000m,Distance,815.0,2026-02-07,5000m,Distance,780.0,2026-04-11,-35.0
2026,27989,Men,Mile,Distance,645.0,2026-01-31,5000m,Distance,765.0,2026-04-11,120.0
2026,128,Men,800m,Distance,879.0,2026-01-24,800m,Distance,870.0,2026-04-11,-9.0
2026,18865,Men,800m,Distance,867.0,2026-03-08,800m,Distance,833.0,2026-04-11,-34.0
2026,129,Men,Mile,Distance,817.0,2026-01-24,800m,Distance,781.0,2026-04-11,-36.0
2026,27295,Men,3000m,Distance,710.0,2026-02-14,3000m Steeplechase,Distance,807.0,2026-04-11,97.0
2026,130,Men,3000m,Distance,736.0,2026-01-24,3000m Steeplechase,Distance,754.0,2026-04-11,18.0
2026,27214,Men,800m,Distance,808.0,2026-02-21,800m,Distance,779.0,2026-04-03,-29.0
2026,8146,Men,3000m,Distance,786.0,2026-02-07,5000m,Distance,851.0,2026-04-10,65.0
2026,31227,Men,Mile,Distance,750.0,2026-02-19,Mile,Distance,762.0,2026-05-01,12.0
2024,3359,Women,3000m,Distance,778.0,2024-02-24,3000m,Distance,750.0,2024-03-16,-28.0
2024,2499,Women,5000m,Distance,857.0,2024-01-13,5000m,Distance,866.0,2024-03-16,9.0
2024,3740,Women,5000m,Distance,817.0,2024-01-14,5000m,Distance,803.0,2024-03-16,-14.0
2024,65,Women,5000m,Distance,724.0,2024-01-27,5000m,Distance,769.0,2024-03-22,45.0
2024,567,Women,3000m,Distance,735.0,2024-02-03,5000m,Distance,763.0,2024-03-23,28.0
2024,568,Women,Mile,Distance,686.0,2024-02-03,5000m,Distance,759.0,2024-03-23,73.0
2024,573,Women,Mile,Distance,468.0,2024-02-03,5000m,Distance,754.0,2024-03-23,286.0
2024,607,Women,Mile,Distance,781.0,2024-02-10,1500m,Distance,804.0,2024-03-23,23.0
2024,246,Women,Mile,Distance,642.0,2023-12-02,800m,Distance,797.0,2024-03-30,155.0
2024,1020,Women,Mile,Distance,770.0,2024-02-10,1500m,Distance,780.0,2024-03-30,10.0
2024,1928,Women,800m,Distance,918.0,2024-01-26,800m,Distance,788.0,2024-03-30,-130.0
2024,3862,Women,Mile,Distance,732.0,2024-01-26,800m,Distance,775.0,2024-03-30,43.0
2024,1967,Women,800m,Distance,686.0,2024-01-20,1500m,Distance,793.0,2024-03-30,107.0
2024,1930,Women,Mile,Distance,780.0,2024-01-26,1500m,Distance,751.0,2024-03-30,-29.0
2024,1929,Women,Mile,Distance,758.0,2024-01-20,1500m,Distance,765.0,2024-04-06,7.0
2024,2160,Women,1500m,Distance,717.0,2024-02-24,1500m,Distance,751.0,2024-04-06,34.0
2024,234,Women,Mile,Distance,719.0,2024-01-27,3000m Steeplechase,Distance,820.0,2024-04-06,101.0
2024,282,Women,3000m,Distance,750.0,2024-02-02,5000m,Distance,786.0,2024-04-06,36.0
2024,4292,Women,3000m,Distance,681.0,2024-02-10,5000m,Distance,754.0,2024-04-06,73.0
2024,583,Women,5000m,Distance,705.0,2024-02-24,5000m,Distance,752.0,2024-04-06,47.0
2024,4025,Women,Mile,Distance,857.0,2024-02-03,5000m,Distance,801.0,2024-04-12,-56.0
2024,404,Women,Mile,Distance,861.0,2024-01-26,1500m,Distance,796.0,2024-04-13,-65.0
2024,231,Women,5000m,Distance,748.0,2024-01-27,5000m,Distance,789.0,2024-04-20,41.0
2024,825,Women,3000m,Distance,643.0,2024-02-25,3000m Steeplechase,Distance,789.0,2024-04-21,146.0
2025,18777,Women,Mile,Distance,784.0,2025-02-14,3000m,Distance,850.0,2025-03-07,66.0
2025,7999,Women,800m,Distance,709.0,2025-01-25,800m,Distance,751.0,2025-03-14,42.0
2025,25098,Women,Mile,Distance,728.0,2025-02-15,1500m,Distance,806.0,2025-03-14,78.0
2025,4655,Women,Mile,Distance,692.0,2025-01-25,1500m,Distance,750.0,2025-03-14,58.0
2025,1967,Women,3000m,Distance,664.0,2025-01-24,1500m,Distance,838.0,2025-03-29,174.0
2025,570,Women,3000m,Distance,764.0,2025-02-07,5000m,Distance,793.0,2025-03-22,29.0
2025,25022,Women,800m,Distance,763.0,2025-02-07,1500m,Distance,804.0,2025-03-28,41.0
2025,577,Women,Mile,Distance,716.0,2025-02-07,1500m,Distance,786.0,2025-03-22,70.0
2025,18726,Women,Mile,Distance,810.0,2025-02-22,1500m,Distance,788.0,2025-03-21,-22.0
2025,282,Women,3000m,Distance,805.0,2025-01-18,1500m,Distance,869.0,2025-03-28,64.0
2025,583,Women,Mile,Distance,642.0,2025-02-09,3000m Steeplechase,Distance,754.0,2025-03-28,112.0
2025,19595,Women,600m,Sprints,682.0,2024-12-07,800m,Distance,784.0,2025-03-28,102.0
2025,24683,Women,800m,Distance,748.0,2025-01-25,800m,Distance,771.0,2025-03-28,23.0
2025,2239,Women,3000m,Distance,788.0,2025-02-08,5000m,Distance,844.0,2025-04-11,56.0
2025,2241,Women,Mile,Distance,777.0,2025-02-01,5000m,Distance,819.0,2025-04-11,42.0
2025,3862,Women,Mile,Distance,838.0,2024-12-06,1500m,Distance,917.0,2025-04-05,79.0
2025,23882,Women,3000m,Distance,896.0,2025-01-24,1500m,Distance,915.0,2025-04-05,19.0
2025,23462,Women,3000m,Distance,886.0,2025-01-31,1500m,Distance,869.0,2025-04-05,-17.0
2025,18911,Women,3000m,Distance,713.0,2025-01-25,1500m,Distance,836.0,2025-04-05,123.0
2025,20764,Women,Mile,Distance,759.0,2025-02-09,1500m,Distance,822.0,2025-04-05,63.0
2025,246,Women,Mile,Distance,765.0,2025-01-25,1500m,Distance,807.0,2025-04-05,42.0
2025,19447,Women,Mile,Distance,751.0,2025-03-01,1500m,Distance,757.0,2025-04-05,6.0
2025,24627,Women,800m,Distance,693.0,2025-01-31,800m,Distance,763.0,2025-04-05,70.0
2025,568,Women,5000m,Distance,724.0,2025-02-07,3000m Steeplechase,Distance,792.0,2025-04-05,68.0
2025,2245,Women,400m,Sprints,648.0,2025-02-08,3000m Steeplechase,Distance,778.0,2025-04-05,130.0
2026,28355,Women,Mile,Distance,694.0,2026-01-30,1500m,Distance,767.0,2026-03-06,73.0
2026,2380,Women,3000m,Distance,812.0,2026-02-15,5000m,Distance,803.0,2026-03-15,-9.0
2026,575,Women,Mile,Distance,758.0,2026-01-30,5000m,Distance,751.0,2026-03-21,-7.0
2026,567,Women,Mile,Distance,775.0,2026-01-30,3000m,Distance,808.0,2026-03-21,33.0
2026,20764,Women,3000m,Distance,780.0,2026-01-31,1500m,Distance,810.0,2026-03-20,30.0
2026,26946,Women,Mile,Distance,801.0,2025-12-05,800m,Distance,829.0,2026-03-28,28.0
2026,26873,Women,Mile,Distance,668.0,2026-01-17,1500m,Distance,753.0,2026-03-28,85.0
2026,18922,Women,3000m,Distance,839.0,2026-01-23,5000m,Distance,848.0,2026-03-21,9.0
2026,29851,Women,3000m,Distance,743.0,2026-02-14,3000m,Distance,770.0,2026-03-21,27.0
2026,27229,Women,1000m,Distance,817.0,2026-01-23,800m,Distance,803.0,2026-03-21,-14.0
2026,27747,Women,Mile,Distance,861.0,2026-02-07,5000m,Distance,883.0,2026-03-20,22.0
2026,25098,Women,Mile,Distance,720.0,2026-02-07,1500m,Distance,757.0,2026-03-20,37.0
2026,1930,Women,Mile,Distance,785.0,2026-01-23,1500m,Distance,792.0,2026-03-28,7.0
2026,29712,Women,800m,Distance,710.0,2026-01-30,800m,Distance,763.0,2026-03-20,53.0
2026,26944,Women,Mile,Distance,903.0,2025-12-05,1500m,Distance,919.0,2026-04-03,16.0
2026,26852,Women,3000m,Distance,716.0,2026-02-21,1500m,Distance,758.0,2026-04-03,42.0
2026,19449,Women,5000m,Distance,641.0,2026-02-21,1500m,Distance,779.0,2026-04-03,138.0
2026,404,Women,3000m,Distance,898.0,2026-02-07,5000m,Distance,865.0,2026-04-03,-33.0
2026,27101,Women,5000m,Distance,765.0,2026-01-30,1500m,Distance,804.0,2026-03-28,39.0
2026,231,Women,5000m,Distance,801.0,2026-02-14,5000m,Distance,765.0,2026-03-28,-36.0
2026,1754,Women,800m,Distance,828.0,2026-02-15,1500m,Distance,819.0,2026-04-11,-9.0
2026,4790,Women,Mile,Distance,728.0,2026-01-24,1500m,Distance,756.0,2026-04-11,28.0
2026,27420,Women,3000m,Distance,676.0,2026-02-15,5000m,Distance,753.0,2026-04-11,77.0
2026,1725,Women,Mile,Distance,846.0,2026-02-15,1500m,Distance,877.0,2026-04-11,31.0
2026,18822,Women,Mile,Distance,742.0,2026-03-08,1500m,Distance,758.0,2026-04-11,16.0
2026,25139,Women,3000m,Distance,650.0,2026-02-07,5000m,Distance,750.0,2026-04-11,100.0
2026,3179,Women,2 Mile,Distance,814.0,2026-03-08,5000m,Distance,810.0,2026-04-11,-4.0
2026,19447,Women,5000m,Distance,787.0,2026-01-30,5000m,Distance,768.0,2026-04-11,-19.0
2026,23462,Women,Mile,Distance,851.0,2026-01-30,5000m,Distance,933.0,2026-04-11,82.0
2026,570,Women,3000m,Distance,757.0,2026-02-28,5000m,Distance,765.0,2026-04-11,8.0
2026,30420,Women,Mile,Distance,644.0,2026-02-28,5000m,Distance,760.0,2026-04-11,116.0
2026,19505,Women,Mile,Distance,766.0,2026-01-31,5000m,Distance,857.0,2026-04-10,91.0
