year,athlete_id,gender,pair_label,indoor_event,outdoor_event,indoor_opener_date,outdoor_opener_date,indoor_wa,outdoor_wa,delta_outdoor_minus_indoor,outdoor_higher,n_indoor_meets,n_outdoor_meets
2024,1522,Men,5000m → 5000m,5000m,5000m,2024-01-14,2024-03-16,825.0,817.0,-8.0,False,2,2
2024,363,Men,800m → 800m,800m,800m,2024-01-19,2024-03-30,674.0,801.0,127.0,True,2,5
2024,1552,Men,800m → 800m,800m,800m,2024-01-19,2024-03-22,623.0,802.0,179.0,True,2,6
2024,3762,Men,800m → 800m,800m,800m,2024-01-20,2024-04-13,801.0,799.0,-2.0,False,2,2
2024,18,Men,800m → 800m,800m,800m,2024-01-20,2024-04-26,621.0,831.0,210.0,True,3,2
2024,1989,Men,3000m → 5000m,3000m,5000m,2024-01-20,2024-04-06,855.0,827.0,-28.0,False,4,2
2024,3,Men,3000m → 5000m,3000m,5000m,2024-01-27,2024-04-06,744.0,773.0,29.0,True,3,2
2024,4014,Men,800m → 800m,800m,800m,2024-02-02,2024-03-16,926.0,888.0,-38.0,False,3,2
2024,451,Men,3000m → 5000m,3000m,5000m,2024-02-02,2024-03-22,779.0,828.0,49.0,True,2,4
2024,451,Men,5000m → 5000m,5000m,5000m,2024-02-02,2024-03-22,767.0,828.0,61.0,True,2,4
2024,123,Men,Mile → 1500m,Mile,1500m,2024-02-03,2024-03-22,812.0,764.0,-48.0,False,3,3
2024,676,Men,Mile → 1500m,Mile,1500m,2024-02-10,2024-03-16,694.0,781.0,87.0,True,2,4
2024,3809,Men,60m → 100m,60m,100m,2024-01-20,2024-04-06,724.0,848.0,124.0,True,4,2
2024,3809,Men,200m → 200m,200m,200m,2024-01-20,2024-04-06,761.0,787.0,26.0,True,4,2
2024,2193,Men,Mile → 1500m,Mile,1500m,2024-02-10,2024-03-30,749.0,811.0,62.0,True,3,4
2024,2499,Women,5000m → 5000m,5000m,5000m,2024-01-13,2024-03-16,857.0,866.0,9.0,True,3,3
2024,404,Women,Mile → 1500m,Mile,1500m,2024-01-26,2024-04-13,861.0,796.0,-65.0,False,2,2
2024,1930,Women,Mile → 1500m,Mile,1500m,2024-01-26,2024-03-30,780.0,751.0,-29.0,False,2,2
2024,1928,Women,800m → 800m,800m,800m,2024-01-26,2024-03-30,918.0,788.0,-130.0,False,3,2
2024,65,Women,5000m → 5000m,5000m,5000m,2024-01-27,2024-03-22,724.0,769.0,45.0,True,3,2
2024,567,Women,3000m → 5000m,3000m,5000m,2024-02-03,2024-03-23,735.0,763.0,28.0,True,3,2
2024,282,Women,3000m → 5000m,3000m,5000m,2024-02-02,2024-04-06,750.0,786.0,36.0,True,2,2
2024,4410,Men,High Jump → High Jump,High Jump,High Jump,2024-02-10,2024-03-30,758.0,810.0,52.0,True,3,2
2024,4623,Men,200m → 200m,200m,200m,2024-02-17,2024-04-13,836.0,798.0,-38.0,False,2,4
2024,3795,Women,60m → 100m,60m,100m,2024-01-20,2024-03-22,846.0,832.0,-14.0,False,4,3
2024,3566,Women,High Jump → High Jump,High Jump,High Jump,2023-12-02,2024-03-22,820.0,820.0,0.0,False,6,4
2024,3889,Women,60mH → 100mH,60m Hurdles,100m Hurdles,2024-01-26,2024-04-13,833.0,823.0,-10.0,False,5,4
2024,4023,Women,60mH → 100mH,60m Hurdles,100m Hurdles,2024-02-03,2024-04-06,770.0,843.0,73.0,True,3,2
2024,3515,Men,Triple Jump → Triple Jump,Triple Jump,Triple Jump,2023-12-01,2024-04-06,816.0,819.0,3.0,True,2,2
2024,3694,Men,High Jump → High Jump,High Jump,High Jump,2023-12-09,2024-03-16,836.0,905.0,69.0,True,4,7
2024,3763,Men,Long Jump → Long Jump,Long Jump,Long Jump,2024-01-20,2024-04-13,759.0,822.0,63.0,True,2,2
2024,3900,Men,High Jump → High Jump,High Jump,High Jump,2024-01-26,2024-04-13,732.0,801.0,69.0,True,3,4
2024,3929,Men,Long Jump → Long Jump,Long Jump,Long Jump,2024-01-27,2024-04-21,735.0,782.0,47.0,True,3,2
2024,3985,Men,Long Jump → Long Jump,Long Jump,Long Jump,2024-01-27,2024-03-30,820.0,822.0,2.0,True,3,2
2024,4043,Men,Long Jump → Long Jump,Long Jump,Long Jump,2024-02-03,2024-04-06,759.0,756.0,-3.0,False,2,2
2024,4083,Men,60m → 100m,60m,100m,2024-02-03,2024-04-13,760.0,775.0,15.0,True,4,3
2024,4419,Men,Long Jump → Long Jump,Long Jump,Long Jump,2024-02-10,2024-04-06,727.0,775.0,48.0,True,3,3
2024,4444,Men,Long Jump → Long Jump,Long Jump,Long Jump,2024-02-10,2024-04-19,780.0,765.0,-15.0,False,2,2
2024,3983,Men,60m → 100m,60m,100m,2024-01-27,2024-03-22,918.0,825.0,-93.0,False,3,5
2024,4621,Men,60m → 100m,60m,100m,2024-02-17,2024-04-06,840.0,928.0,88.0,True,2,2
2024,4413,Men,60m → 100m,60m,100m,2024-02-10,2024-03-30,765.0,794.0,29.0,True,4,4
2024,3664,Women,Triple Jump → Triple Jump,Triple Jump,Triple Jump,2023-12-09,2024-04-06,779.0,810.0,31.0,True,3,2
2024,3717,Women,Long Jump → Long Jump,Long Jump,Long Jump,2024-01-13,2024-03-30,955.0,947.0,-8.0,False,2,5
2024,3966,Women,High Jump → High Jump,High Jump,High Jump,2024-01-27,2024-03-22,631.0,773.0,142.0,True,2,3
2024,4018,Women,Long Jump → Long Jump,Long Jump,Long Jump,2024-02-03,2024-04-13,833.0,786.0,-47.0,False,3,2
2024,4290,Women,Long Jump → Long Jump,Long Jump,Long Jump,2024-02-10,2024-04-06,709.0,798.0,89.0,True,4,3
2024,4268,Women,Long Jump → Long Jump,Long Jump,Long Jump,2024-02-10,2024-04-06,688.0,779.0,91.0,True,2,2
2024,3513,Men,60m → 100m,60m,100m,2023-12-01,2024-04-06,742.0,783.0,41.0,True,2,2
2024,3513,Men,200m → 200m,200m,200m,2023-12-01,2024-04-06,665.0,825.0,160.0,True,2,2
2024,3622,Men,200m → 200m,200m,200m,2023-12-08,2024-04-13,850.0,866.0,16.0,True,7,3
2024,3642,Men,60m → 100m,60m,100m,2023-12-08,2024-03-22,859.0,845.0,-14.0,False,4,3
2024,3689,Men,60m → 100m,60m,100m,2023-12-09,2024-03-16,747.0,761.0,14.0,True,4,6
2024,3690,Men,200m → 200m,200m,200m,2023-12-09,2024-03-16,735.0,833.0,98.0,True,5,5
2024,3698,Men,60m → 100m,60m,100m,2023-12-09,2024-03-16,874.0,780.0,-94.0,False,3,6
2024,3698,Men,200m → 200m,200m,200m,2023-12-09,2024-03-16,797.0,763.0,-34.0,False,3,6
2024,3719,Men,60m → 100m,60m,100m,2024-01-13,2024-03-30,807.0,863.0,56.0,True,3,5
2024,3843,Men,60m → 100m,60m,100m,2024-01-20,2024-03-30,797.0,919.0,122.0,True,3,3
2024,3843,Men,200m → 200m,200m,200m,2024-01-20,2024-03-30,840.0,916.0,76.0,True,3,3
2024,3871,Men,200m → 200m,200m,200m,2024-01-26,2024-03-30,818.0,831.0,13.0,True,2,2
2024,3896,Men,60m → 100m,60m,100m,2024-01-26,2024-04-13,751.0,825.0,74.0,True,5,4
2024,3899,Men,60m → 100m,60m,100m,2024-01-26,2024-04-25,689.0,758.0,69.0,True,5,2
2024,3899,Men,200m → 200m,200m,200m,2024-01-26,2024-04-25,687.0,768.0,81.0,True,5,2
2024,3908,Men,60m → 100m,60m,100m,2024-01-26,2024-04-13,613.0,761.0,148.0,True,3,4
2024,3926,Men,60m → 100m,60m,100m,2024-01-27,2024-04-12,572.0,764.0,192.0,True,3,2
2024,3944,Men,60m → 100m,60m,100m,2024-01-27,2024-03-22,859.0,786.0,-73.0,False,5,5
2024,3996,Men,200m → 200m,200m,200m,2024-01-27,2024-03-22,694.0,777.0,83.0,True,3,3
2024,1622,Men,60m → 100m,60m,100m,2024-02-03,2024-04-13,774.0,845.0,71.0,True,2,4
2024,4405,Men,60m → 100m,60m,100m,2024-02-10,2024-03-30,869.0,892.0,23.0,True,3,4
2024,3532,Women,400m → 400m,400m,400m,2023-12-02,2024-04-06,771.0,777.0,6.0,True,5,3
2024,3658,Women,60m → 100m,60m,100m,2023-12-09,2024-03-16,875.0,895.0,20.0,True,3,2
2024,3658,Women,200m → 200m,200m,200m,2023-12-09,2024-03-16,808.0,877.0,69.0,True,3,2
2024,3650,Women,200m → 200m,200m,200m,2023-12-09,2024-03-16,776.0,792.0,16.0,True,4,6
2024,3650,Women,400m → 400m,400m,400m,2023-12-09,2024-03-16,840.0,850.0,10.0,True,4,6
2024,3753,Women,60m → 100m,60m,100m,2024-01-20,2024-04-13,809.0,756.0,-53.0,False,3,2
2024,3888,Women,60m → 100m,60m,100m,2024-01-26,2024-04-13,783.0,787.0,4.0,True,5,4
2024,3972,Women,60m → 100m,60m,100m,2024-01-27,2024-03-22,780.0,792.0,12.0,True,2,3
2024,3972,Women,200m → 200m,200m,200m,2024-01-27,2024-03-22,776.0,790.0,14.0,True,2,3
2024,3973,Women,60m → 100m,60m,100m,2024-01-27,2024-03-22,745.0,766.0,21.0,True,2,3
2024,4016,Women,60m → 100m,60m,100m,2024-02-03,2024-04-06,797.0,825.0,28.0,True,3,3
2024,4016,Women,200m → 200m,200m,200m,2024-02-03,2024-04-06,824.0,831.0,7.0,True,3,3
2024,4016,Women,400m → 400m,400m,400m,2024-02-03,2024-04-06,805.0,776.0,-29.0,False,3,3
2024,4017,Women,60m → 100m,60m,100m,2024-02-03,2024-04-13,778.0,807.0,29.0,True,2,2
2024,4242,Women,60m → 100m,60m,100m,2024-02-10,2024-03-30,875.0,902.0,27.0,True,4,4
2024,4243,Women,60m → 100m,60m,100m,2024-02-10,2024-03-30,834.0,882.0,48.0,True,4,4
2024,3692,Men,Shot Put → Shot Put,Shot Put,Shot Put,2023-12-09,2024-03-16,777.0,789.0,12.0,True,4,6
2025,2193,Men,3000m → 5000m,3000m,5000m,2025-02-15,2025-03-28,786.0,773.0,-13.0,False,3,2
2025,4910,Men,Mile → 1500m,Mile,1500m,2025-01-18,2025-03-28,746.0,790.0,44.0,True,5,2
2025,24637,Men,800m → 800m,800m,800m,2025-01-18,2025-03-28,726.0,758.0,32.0,True,5,2
2025,382,Men,Mile → 1500m,Mile,1500m,2025-02-01,2025-04-05,736.0,792.0,56.0,True,4,4
2025,8038,Men,Mile → 1500m,Mile,1500m,2025-02-15,2025-03-29,601.0,775.0,174.0,True,2,2
2025,2492,Men,Mile → 1500m,Mile,1500m,2025-01-25,2025-03-14,729.0,828.0,99.0,True,2,3
2025,18726,Women,Mile → 1500m,Mile,1500m,2025-02-22,2025-03-21,810.0,788.0,-22.0,False,2,2
2025,577,Women,Mile → 1500m,Mile,1500m,2025-02-07,2025-03-22,716.0,786.0,70.0,True,3,3
2025,570,Women,3000m → 5000m,3000m,5000m,2025-02-07,2025-03-22,764.0,793.0,29.0,True,3,2
2025,3532,Women,400m → 400m,400m,400m,2024-12-08,2025-03-22,740.0,767.0,27.0,True,4,3
2025,4655,Women,Mile → 1500m,Mile,1500m,2025-01-25,2025-03-14,692.0,750.0,58.0,True,2,2
2025,4457,Men,60mH → 110mH,60m Hurdles,110m Hurdles,2025-02-22,2025-03-28,837.0,863.0,26.0,True,2,2
2025,24415,Men,60mH → 110mH,60m Hurdles,110m Hurdles,2024-12-06,2025-03-29,840.0,844.0,4.0,True,5,2
2025,24575,Men,60mH → 110mH,60m Hurdles,110m Hurdles,2024-12-14,2025-03-22,820.0,798.0,-22.0,False,5,2
2025,24614,Men,Long Jump → Long Jump,Long Jump,Long Jump,2025-01-18,2025-03-29,683.0,771.0,88.0,True,2,2
2025,24614,Men,High Jump → High Jump,High Jump,High Jump,2025-01-18,2025-03-29,706.0,766.0,60.0,True,2,2
2025,25031,Men,60mH → 110mH,60m Hurdles,110m Hurdles,2025-02-07,2025-03-22,857.0,814.0,-43.0,False,2,3
2025,5252,Men,60mH → 110mH,60m Hurdles,110m Hurdles,2025-02-07,2025-03-22,754.0,792.0,38.0,True,2,3
2025,4023,Women,60mH → 100mH,60m Hurdles,100m Hurdles,2025-02-08,2025-04-24,696.0,863.0,167.0,True,3,2
2025,3825,Women,60mH → 100mH,60m Hurdles,100m Hurdles,2024-12-06,2025-03-29,819.0,775.0,-44.0,False,3,2
2025,4143,Men,High Jump → High Jump,High Jump,High Jump,2025-01-18,2025-03-28,689.0,775.0,86.0,True,3,2
2025,3845,Men,Long Jump → Long Jump,Long Jump,Long Jump,2025-01-31,2025-03-29,696.0,775.0,79.0,True,2,2
2025,24577,Men,Long Jump → Long Jump,Long Jump,Long Jump,2024-12-14,2025-03-22,775.0,788.0,13.0,True,4,4
2025,24578,Men,Triple Jump → Triple Jump,Triple Jump,Triple Jump,2024-12-14,2025-03-22,726.0,751.0,25.0,True,5,4
2025,3698,Men,60m → 100m,60m,100m,2025-01-18,2025-03-22,835.0,842.0,7.0,True,4,3
2025,3541,Men,60m → 100m,60m,100m,2024-12-08,2025-03-22,840.0,828.0,-12.0,False,4,2
2025,3541,Men,200m → 200m,200m,200m,2024-12-08,2025-03-22,801.0,834.0,33.0,True,4,2
2025,5250,Men,Long Jump → Long Jump,Long Jump,Long Jump,2025-02-07,2025-03-22,633.0,769.0,136.0,True,2,3
2025,5250,Men,Triple Jump → Triple Jump,Triple Jump,Triple Jump,2025-02-07,2025-03-22,696.0,779.0,83.0,True,2,3
2025,5246,Men,60m → 100m,60m,100m,2025-02-07,2025-03-22,807.0,863.0,56.0,True,2,3
2025,5246,Men,200m → 200m,200m,200m,2025-02-07,2025-03-22,845.0,923.0,78.0,True,2,3
2025,25136,Women,200m → 200m,200m,200m,2025-02-22,2025-03-28,794.0,794.0,0.0,False,2,2
2025,24411,Women,200m → 200m,200m,200m,2024-12-06,2025-03-29,878.0,888.0,10.0,True,4,2
2025,3657,Women,Triple Jump → Triple Jump,Triple Jump,Triple Jump,2024-12-14,2025-03-29,730.0,765.0,35.0,True,5,3
2025,24391,Men,60m → 100m,60m,100m,2024-12-07,2025-03-28,894.0,907.0,13.0,True,3,2
2025,24391,Men,200m → 200m,200m,200m,2024-12-07,2025-03-28,840.0,885.0,45.0,True,3,2
2025,24984,Men,200m → 200m,200m,200m,2025-02-08,2025-03-28,700.0,809.0,109.0,True,4,2
2025,3843,Men,60m → 100m,60m,100m,2024-12-06,2025-03-29,969.0,898.0,-71.0,False,2,2
2025,24442,Men,60m → 100m,60m,100m,2024-12-08,2025-03-22,769.0,780.0,11.0,True,3,3
2025,4944,Men,200m → 200m,200m,200m,2025-02-01,2025-04-05,797.0,849.0,52.0,True,4,4
2025,29817,Men,60m → 100m,60m,100m,2024-12-14,2025-03-22,849.0,901.0,52.0,True,2,4
2025,24580,Men,200m → 200m,200m,200m,2024-12-14,2025-03-22,860.0,881.0,21.0,True,6,4
2025,24460,Men,60m → 100m,60m,100m,2024-12-08,2025-03-08,680.0,845.0,165.0,True,3,3
2025,24434,Men,400m → 400m,400m,400m,2024-12-07,2025-03-22,753.0,751.0,-2.0,False,2,2
2025,4073,Men,60m → 100m,60m,100m,2024-12-08,2025-03-29,898.0,794.0,-104.0,False,3,3
2025,4073,Men,200m → 200m,200m,200m,2024-12-08,2025-03-29,818.0,797.0,-21.0,False,3,3
2025,3701,Men,60m → 100m,60m,100m,2024-12-14,2025-03-22,788.0,766.0,-22.0,False,5,4
2025,3719,Men,60m → 100m,60m,100m,2024-12-14,2025-03-22,788.0,789.0,1.0,True,5,4
2025,24581,Men,200m → 200m,200m,200m,2024-12-14,2025-03-29,829.0,795.0,-34.0,False,3,3
2025,4393,Men,60m → 100m,60m,100m,2025-01-18,2025-03-29,879.0,910.0,31.0,True,3,2
2025,4393,Men,200m → 200m,200m,200m,2025-01-18,2025-03-29,779.0,905.0,126.0,True,3,2
2025,25023,Men,200m → 200m,200m,200m,2025-02-07,2025-03-22,791.0,818.0,27.0,True,2,2
2025,3796,Women,60m → 100m,60m,100m,2025-01-25,2025-03-28,800.0,845.0,45.0,True,5,2
2025,3796,Women,200m → 200m,200m,200m,2025-01-25,2025-03-28,816.0,818.0,2.0,True,5,2
2025,24410,Women,60m → 100m,60m,100m,2024-12-06,2025-03-29,869.0,904.0,35.0,True,4,2
2025,3581,Women,60m → 100m,60m,100m,2024-12-08,2025-03-08,797.0,796.0,-1.0,False,2,3
2025,24572,Women,60m → 100m,60m,100m,2024-12-14,2025-03-29,820.0,899.0,79.0,True,4,2
2025,3706,Men,Shot Put → Shot Put,Shot Put,Shot Put,2024-12-14,2025-03-22,762.0,777.0,15.0,True,3,4
2026,24914,Men,800m → 800m,800m,800m,2026-01-17,2026-03-20,891.0,863.0,-28.0,False,2,3
2026,29607,Men,400m → 400m,400m,400m,2026-01-17,2026-03-20,779.0,785.0,6.0,True,2,3
2026,4910,Men,Mile → 1500m,Mile,1500m,2026-01-17,2026-03-28,651.0,831.0,180.0,True,4,2
2026,7975,Men,3000m → 5000m,3000m,5000m,2026-01-17,2026-03-28,803.0,819.0,16.0,True,5,2
2026,27299,Men,Mile → 1500m,Mile,1500m,2025-12-05,2026-03-28,738.0,775.0,37.0,True,5,3
2026,666,Men,3000m → 5000m,3000m,5000m,2026-01-23,2026-03-07,932.0,789.0,-143.0,False,3,3
2026,2003,Men,Mile → 1500m,Mile,1500m,2026-01-23,2026-04-03,830.0,874.0,44.0,True,2,2
2026,2855,Men,3000m → 5000m,3000m,5000m,2026-01-23,2026-03-28,774.0,758.0,-16.0,False,2,2
2026,673,Men,3000m → 5000m,3000m,5000m,2026-01-23,2026-03-21,852.0,764.0,-88.0,False,3,3
2026,28312,Men,800m → 800m,800m,800m,2026-01-23,2026-03-21,935.0,865.0,-70.0,False,2,3
2026,1715,Men,Mile → 1500m,Mile,1500m,2026-01-30,2026-03-28,858.0,820.0,-38.0,False,2,2
2026,29751,Men,800m → 800m,800m,800m,2026-01-31,2026-03-20,734.0,807.0,73.0,True,2,3
2026,135,Men,800m → 800m,800m,800m,2026-02-14,2026-03-28,840.0,793.0,-47.0,False,2,2
2026,135,Men,Mile → 1500m,Mile,1500m,2026-02-14,2026-03-28,852.0,885.0,33.0,True,2,2
2026,8038,Men,Mile → 1500m,Mile,1500m,2026-02-14,2026-03-28,716.0,874.0,158.0,True,2,3
2026,8038,Men,3000m → 5000m,3000m,5000m,2026-02-14,2026-03-28,726.0,789.0,63.0,True,2,3
2026,23472,Men,Mile → 1500m,Mile,1500m,2026-02-14,2026-03-28,748.0,814.0,66.0,True,2,2
2026,24949,Women,800m → 800m,800m,800m,2025-12-06,2026-04-03,803.0,765.0,-38.0,False,5,2
2026,26947,Women,Mile → 1500m,Mile,1500m,2026-01-23,2026-03-28,761.0,856.0,95.0,True,5,3
2026,26873,Women,Mile → 1500m,Mile,1500m,2026-01-17,2026-03-28,668.0,753.0,85.0,True,3,2
2026,26944,Women,Mile → 1500m,Mile,1500m,2025-12-05,2026-04-03,903.0,919.0,16.0,True,2,3
2026,26946,Women,Mile → 1500m,Mile,1500m,2025-12-05,2026-03-28,801.0,811.0,10.0,True,4,4
2026,1930,Women,Mile → 1500m,Mile,1500m,2026-01-23,2026-03-28,785.0,792.0,7.0,True,3,2
2026,18922,Women,3000m → 5000m,3000m,5000m,2026-01-23,2026-03-21,839.0,848.0,9.0,True,3,3
2026,29712,Women,800m → 800m,800m,800m,2026-01-30,2026-03-20,710.0,763.0,53.0,True,3,3
2026,20764,Women,Mile → 1500m,Mile,1500m,2026-01-31,2026-03-20,748.0,810.0,62.0,True,2,3
2026,27524,Women,Mile → 1500m,Mile,1500m,2026-02-07,2026-03-20,704.0,758.0,54.0,True,2,3
2026,231,Women,3000m → 5000m,3000m,5000m,2026-02-14,2026-03-28,758.0,765.0,7.0,True,2,2
2026,231,Women,5000m → 5000m,5000m,5000m,2026-02-14,2026-03-28,801.0,765.0,-36.0,False,2,2
2026,24575,Men,60mH → 110mH,60m Hurdles,110m Hurdles,2025-12-06,2026-03-20,815.0,888.0,73.0,True,5,3
2026,3733,Men,60m → 100m,60m,100m,2026-01-17,2026-04-03,756.0,766.0,10.0,True,3,2
2026,24415,Men,200m → 200m,200m,200m,2025-12-05,2026-03-28,907.0,823.0,-84.0,False,5,3
2026,24415,Men,60mH → 110mH,60m Hurdles,110m Hurdles,2025-12-05,2026-03-28,912.0,870.0,-42.0,False,5,3
2026,25031,Men,60mH → 110mH,60m Hurdles,110m Hurdles,2026-01-23,2026-03-21,871.0,915.0,44.0,True,3,3
2026,3694,Men,High Jump → High Jump,High Jump,High Jump,2025-12-06,2026-03-20,949.0,818.0,-131.0,False,5,4
2026,24605,Women,High Jump → High Jump,High Jump,High Jump,2025-12-06,2026-03-20,820.0,820.0,0.0,False,5,3
2026,3710,Men,Long Jump → Long Jump,Long Jump,Long Jump,2025-12-06,2026-03-20,643.0,835.0,192.0,True,5,3
2026,3710,Men,Triple Jump → Triple Jump,Triple Jump,Triple Jump,2025-12-06,2026-03-20,717.0,791.0,74.0,True,5,3
2026,29669,Men,400m → 400m,400m,400m,2026-01-17,2026-03-20,917.0,935.0,18.0,True,4,2
2026,29817,Men,200m → 200m,200m,200m,2026-02-14,2026-03-28,705.0,827.0,122.0,True,2,2
2026,3522,Men,200m → 200m,200m,200m,2026-01-17,2026-03-20,796.0,879.0,83.0,True,2,2
2026,3522,Men,400m → 400m,400m,400m,2026-01-17,2026-03-20,808.0,837.0,29.0,True,2,2
2026,5246,Men,60m → 100m,60m,100m,2026-01-23,2026-03-21,845.0,825.0,-20.0,False,3,3
2026,5246,Men,200m → 200m,200m,200m,2026-01-23,2026-03-21,862.0,908.0,46.0,True,3,3
2026,25878,Men,Long Jump → Long Jump,Long Jump,Long Jump,2026-02-15,2026-03-07,752.0,886.0,134.0,True,2,2
2026,24567,Women,Long Jump → Long Jump,Long Jump,Long Jump,2025-12-06,2026-03-20,715.0,751.0,36.0,True,5,4
2026,24567,Women,Triple Jump → Triple Jump,Triple Jump,Triple Jump,2025-12-06,2026-03-20,779.0,754.0,-25.0,False,5,4
2026,4073,Men,60m → 100m,60m,100m,2025-12-07,2026-03-21,816.0,761.0,-55.0,False,4,2
2026,4073,Men,200m → 200m,200m,200m,2025-12-07,2026-03-21,872.0,899.0,27.0,True,4,2
2026,3698,Men,60m → 100m,60m,100m,2025-12-06,2026-03-20,854.0,886.0,32.0,True,3,3
2026,24880,Men,60m → 100m,60m,100m,2026-01-17,2026-03-20,680.0,775.0,95.0,True,3,4
2026,29632,Men,200m → 200m,200m,200m,2025-12-05,2026-04-03,866.0,806.0,-60.0,False,4,2
2026,29630,Men,60m → 100m,60m,100m,2025-12-05,2026-03-28,840.0,777.0,-63.0,False,5,3
2026,29630,Men,200m → 200m,200m,200m,2025-12-05,2026-03-28,777.0,759.0,-18.0,False,5,3
2026,29660,Men,60m → 100m,60m,100m,2026-01-23,2026-03-28,849.0,845.0,-4.0,False,2,2
2026,29660,Men,200m → 200m,200m,200m,2026-01-23,2026-03-28,863.0,870.0,7.0,True,2,2
2026,3719,Men,200m → 200m,200m,200m,2026-01-24,2026-03-20,810.0,795.0,-15.0,False,2,4
2026,25023,Men,60m → 100m,60m,100m,2026-01-23,2026-03-21,898.0,857.0,-41.0,False,3,2
2026,29696,Men,400m → 400m,400m,400m,2026-01-23,2026-03-27,810.0,768.0,-42.0,False,2,2
2026,24676,Men,200m → 200m,200m,200m,2026-01-30,2026-03-20,781.0,825.0,44.0,True,2,3
2026,24676,Men,400m → 400m,400m,400m,2026-01-30,2026-03-20,837.0,823.0,-14.0,False,2,3
2026,29747,Men,60m → 100m,60m,100m,2026-01-31,2026-03-28,793.0,791.0,-2.0,False,2,2
2026,24670,Men,200m → 200m,200m,200m,2026-02-07,2026-03-20,753.0,776.0,23.0,True,2,3
2026,29818,Men,60m → 100m,60m,100m,2026-02-14,2026-03-28,821.0,851.0,30.0,True,2,2
2026,29818,Men,200m → 200m,200m,200m,2026-02-14,2026-03-28,815.0,850.0,35.0,True,2,2
2026,24460,Men,60m → 100m,60m,100m,2026-02-08,2026-03-21,715.0,761.0,46.0,True,2,3
2026,24572,Women,60m → 100m,60m,100m,2025-12-06,2026-03-20,902.0,925.0,23.0,True,4,4
2026,29644,Women,60m → 100m,60m,100m,2026-01-23,2026-04-03,828.0,776.0,-52.0,False,5,2
2026,29644,Women,400m → 400m,400m,400m,2026-01-23,2026-04-03,838.0,858.0,20.0,True,5,2
2026,24625,Women,400m → 400m,400m,400m,2026-01-17,2026-03-28,728.0,822.0,94.0,True,3,2
2026,29777,Women,60m → 100m,60m,100m,2026-02-07,2026-04-03,849.0,764.0,-85.0,False,2,2
2026,24687,Women,60m → 100m,60m,100m,2026-02-14,2026-03-28,893.0,830.0,-63.0,False,2,2
2026,24687,Women,200m → 200m,200m,200m,2026-02-14,2026-03-28,866.0,832.0,-34.0,False,2,2
2026,3692,Men,Shot Put → Shot Put,Shot Put,Shot Put,2025-12-06,2026-03-20,756.0,755.0,-1.0,False,3,4
2026,3706,Men,Shot Put → Shot Put,Shot Put,Shot Put,2026-01-24,2026-03-20,730.0,752.0,22.0,True,2,4
