band,band_basis,gender,event_group,from_event,to_event,n_athletes,r,pooled_model,cv_medae,full_medae,formula,indoor_wa_median
750-950,indoor_from_event_season_best_wa,Men,Sprints,Indoor 60m,Outdoor 100m,130,0.5477,median_ratio,0.1801,0.1755,Outdoor 100m = 1.5681 × Indoor 60m,807.0
750-950,indoor_from_event_season_best_wa,Men,Sprints,Indoor 200m,Outdoor 200m,91,0.3627,median_ratio,0.3396,0.3306,Outdoor 200m = 0.9845 × Indoor 200m,810.0
750-950,indoor_from_event_season_best_wa,Men,Sprints,Indoor 400m,Outdoor 400m,53,0.6539,log_linear,0.6629,0.6702,Outdoor 400m = exp(-0.697 + 1.177×log(Indoor 400m)),803.0
750-950,indoor_from_event_season_best_wa,Men,Distance,Indoor 800m,Outdoor 800m,64,0.5523,median_ratio,1.3818,1.2592,Outdoor 800m = 1.0024 × Indoor 800m,829.0
750-950,indoor_from_event_season_best_wa,Men,Distance,Indoor Mile,Outdoor 1500m,62,0.3578,median_ratio,3.3006,3.3478,Outdoor 1500m = 0.9209 × Indoor Mile,795.0
750-950,indoor_from_event_season_best_wa,Men,Distance,Indoor 3000m,Outdoor 5000m,66,0.5555,robust_trimmed_linear,11.5813,11.5438,Outdoor 5000m = 326.0793 + 1.1207 × Indoor 3000m,803.0
750-950,indoor_from_event_season_best_wa,Men,Distance,Indoor 3000m,Outdoor 1500m,48,0.2983,linear_ols,3.6691,3.4608,Outdoor 1500m = 107.2455 + 0.2627 × Indoor 3000m,791.0
750-950,indoor_from_event_season_best_wa,Men,Distance,Indoor 5000m,Outdoor 5000m,21,0.5291,median_ratio,9.0505,8.0731,Outdoor 5000m = 1.0028 × Indoor 5000m,792.0
750-950,indoor_from_event_season_best_wa,Men,Jumps,Indoor Long Jump,Outdoor Long Jump,29,0.4634,log_linear,0.1897,0.1721,Outdoor Long Jump = exp(0.867 + 0.540×log(Indoor Long Jump)),794.0
750-950,indoor_from_event_season_best_wa,Men,Hurdles,Indoor 60m Hurdles,Outdoor 110m Hurdles,35,0.6776,log_linear,0.3116,0.3016,Outdoor 110m Hurdles = exp(-0.443 + 1.480×log(Indoor 60m Hurdles)),787.0
750-950,indoor_from_event_season_best_wa,Women,Sprints,Indoor 60m,Outdoor 100m,73,0.7148,median_ratio,0.1771,0.1724,Outdoor 100m = 1.5821 × Indoor 60m,823.0
750-950,indoor_from_event_season_best_wa,Women,Sprints,Indoor 200m,Outdoor 200m,54,0.7956,log_linear,0.2999,0.3125,Outdoor 200m = exp(-0.698 + 1.208×log(Indoor 200m)),810.0
750-950,indoor_from_event_season_best_wa,Women,Sprints,Indoor 400m,Outdoor 400m,30,0.58,robust_trimmed_linear,0.5546,0.5805,Outdoor 400m = 22.1300 + 0.6317 × Indoor 400m,813.0
750-950,indoor_from_event_season_best_wa,Women,Distance,Indoor 800m,Outdoor 800m,27,0.3103,linear_ols,3.412,3.111,Outdoor 800m = 88.5118 + 0.3875 × Indoor 800m,799.0
750-950,indoor_from_event_season_best_wa,Women,Distance,Indoor Mile,Outdoor 1500m,37,0.7455,median_ratio,4.0231,4.2005,Outdoor 1500m = 0.9227 × Indoor Mile,783.0
750-950,indoor_from_event_season_best_wa,Women,Distance,Indoor 3000m,Outdoor 5000m,30,0.6959,median_ratio,15.74,13.367,Outdoor 5000m = 1.7053 × Indoor 3000m,782.5
750-950,indoor_from_event_season_best_wa,Women,Distance,Indoor 3000m,Outdoor 1500m,24,0.6539,linear_ols,4.526,4.3362,Outdoor 1500m = 17.4106 + 0.4324 × Indoor 3000m,787.5
