year,athlete_id,gender,metric,indoor_first_event,indoor_first_group,indoor_first_score,indoor_first_date,outdoor_first_event,outdoor_first_group,outdoor_first_score,outdoor_first_date,outdoor_first_wa,delta_out_minus_in
2024,3622,Men,vdot,200m,Sprints,93.83,2023-12-08,200m,Sprints,96.85,2024-04-13,866.0,3.02
2024,4268,Women,vdot,200m,Sprints,73.45,2024-02-10,100m,Sprints,74.78,2024-04-06,685.0,1.33
2024,4290,Women,vdot,200m,Sprints,69.01,2024-02-10,100m,Sprints,77.24,2024-04-06,743.0,8.23
2024,3723,Men,vdot,400m,Sprints,85.19,2024-02-02,200m,Sprints,97.84,2024-03-30,890.0,12.65
2024,976,Women,vdot,200m,Sprints,69.25,2024-02-09,200m,Sprints,71.67,2024-04-06,643.0,2.42
2024,4018,Women,vdot,200m,Sprints,74.37,2024-02-17,100m,Sprints,76.38,2024-04-13,723.0,2.01
2024,3996,Men,vdot,200m,Sprints,87.79,2024-01-27,200m,Sprints,93.22,2024-03-22,777.0,5.43
2024,3,Men,vdot,3000m,Distance,66.16,2024-01-27,5000m,Distance,68.51,2024-04-06,773.0,2.35
2024,3861,Men,vdot,400m,Sprints,82.25,2024-01-26,800m,Distance,71.46,2024-03-30,758.0,-10.79
2024,3269,Men,vdot,800m,Distance,70.54,2024-02-10,800m,Distance,72.21,2024-04-06,785.0,1.67
2024,1715,Men,vdot,800m,Distance,70.85,2024-02-10,800m,Distance,71.37,2024-04-06,755.0,0.52
2024,3972,Women,vdot,200m,Sprints,74.77,2024-01-27,100m,Sprints,79.32,2024-03-22,792.0,4.55
2024,3928,Men,vdot,200m,Sprints,86.76,2024-01-27,100m,Sprints,100.17,2024-04-12,928.0,13.41
2024,3740,Women,vdot,5000m,Distance,54.87,2024-01-14,5000m,Distance,54.98,2024-03-16,803.0,0.11
2024,4265,Women,vdot,200m,Sprints,75.31,2024-02-10,100m,Sprints,82.56,2024-04-06,867.0,7.25
2024,3630,Men,vdot,200m,Sprints,93.68,2023-12-08,100m,Sprints,94.48,2024-04-12,780.0,0.8
2024,1999,Men,vdot,3000m,Distance,67.97,2024-01-20,5000m,Distance,68.35,2024-04-06,768.0,0.38
2024,3642,Men,vdot,200m,Sprints,93.12,2024-02-10,100m,Sprints,96.97,2024-03-22,845.0,3.85
2024,4083,Men,vdot,200m,Sprints,86.94,2024-02-10,100m,Sprints,94.27,2024-04-13,775.0,7.33
2024,676,Men,vdot,Mile,Distance,65.71,2024-02-10,1500m,Distance,68.06,2024-03-16,781.0,2.35
2024,4242,Women,vdot,200m,Sprints,80.33,2024-02-10,100m,Sprints,84.15,2024-03-30,902.0,3.82
2024,4292,Women,vdot,3000m,Distance,50.49,2024-02-10,5000m,Distance,53.24,2024-04-06,754.0,2.75
2024,1929,Women,vdot,Mile,Distance,54.32,2024-01-20,800m,Distance,55.22,2024-04-06,691.0,0.9
2024,1945,Women,vdot,400m,Sprints,67.77,2024-01-20,100m,Sprints,78.72,2024-04-06,778.0,10.95
2024,3719,Men,vdot,200m,Sprints,94.19,2024-02-02,100m,Sprints,97.64,2024-03-30,863.0,3.45
2024,3359,Women,vdot,3000m,Distance,53.59,2024-02-24,3000m,Distance,53.17,2024-03-16,750.0,-0.42
2024,505,Men,vdot,Mile,Distance,68.41,2024-01-20,5000m,Distance,70.25,2024-04-06,831.0,1.84
2024,4056,Men,vdot,400m,Sprints,81.29,2024-02-03,800m,Distance,72.17,2024-03-16,783.0,-9.12
2024,4509,Men,vdot,400m,Sprints,83.34,2024-02-16,200m,Sprints,95.98,2024-04-06,845.0,12.64
2024,3796,Women,vdot,200m,Sprints,74.67,2024-01-20,100m,Sprints,80.56,2024-04-06,821.0,5.89
2024,3581,Women,vdot,100m,Sprints,81.03,2024-02-24,200m,Sprints,76.23,2024-03-23,753.0,-4.8
2024,825,Women,vdot,800m,Distance,51.34,2024-02-25,3000m Steeplechase,Distance,46.54,2024-04-21,789.0,-4.8
2024,3623,Men,vdot,400m,Sprints,78.15,2024-02-16,400m Hurdles,Hurdles,72.1,2024-04-13,776.0,-6.05
2024,65,Women,vdot,5000m,Distance,51.65,2024-01-27,5000m,Distance,53.76,2024-03-22,769.0,2.11
2024,4112,Men,vdot,200m,Sprints,87.79,2024-02-03,400m,Sprints,83.36,2024-03-30,782.0,-4.43
2024,2858,Men,vdot,Mile,Distance,69.54,2024-02-24,200m,Sprints,86.41,2024-03-30,606.0,16.87
2024,4260,Women,vdot,200m,Sprints,68.47,2024-02-10,100m,Sprints,71.89,2024-03-22,614.0,3.42
2024,4419,Men,vdot,200m,Sprints,86.01,2024-02-10,200m,Sprints,89.98,2024-04-06,696.0,3.97
2024,1998,Men,vdot,3000m,Distance,67.05,2024-01-20,800m,Distance,67.92,2024-03-30,634.0,0.87
2024,3899,Men,vdot,200m,Sprints,87.52,2024-01-26,100m,Sprints,93.65,2024-04-25,758.0,6.13
2024,231,Women,vdot,5000m,Distance,52.48,2024-01-27,event_18,Distance,54.18,2024-03-22,817.0,1.7
2024,4870,Men,vdot,200m,Sprints,84.55,2024-02-03,100m,Sprints,88.43,2024-04-06,620.0,3.88
2024,3841,Men,vdot,200m,Sprints,91.47,2024-01-20,400m,Sprints,82.33,2024-03-30,753.0,-9.14
2024,809,Women,vdot,800m,Distance,55.55,2024-02-11,800m,Distance,57.49,2024-04-14,763.0,1.94
2024,666,Men,vdot,5000m,Distance,71.16,2024-02-03,800m,Distance,72.98,2024-03-16,812.0,1.82
2024,1020,Women,vdot,Mile,Distance,54.7,2024-02-10,800m,Distance,56.91,2024-03-30,745.0,2.21
2024,3929,Men,vdot,200m,Sprints,81.02,2024-02-10,100m,Sprints,91.02,2024-05-03,689.0,10.0
2024,1928,Women,vdot,800m,Distance,61.09,2024-01-26,800m,Distance,58.3,2024-03-30,788.0,-2.79
2024,2950,Men,vdot,3000m,Distance,66.54,2024-02-03,800m,Distance,72.24,2024-03-16,786.0,5.7
2024,3658,Women,vdot,200m,Sprints,76.13,2023-12-09,100m,Sprints,83.81,2024-03-16,895.0,7.68
2024,1989,Men,vdot,3000m,Distance,69.28,2024-01-20,5000m,Distance,70.11,2024-04-06,827.0,0.83
2024,282,Women,vdot,3000m,Distance,52.68,2024-02-02,5000m,Distance,54.35,2024-04-06,786.0,1.67
2024,3393,Men,vdot,Mile,Distance,67.34,2024-02-24,800m,Distance,71.12,2024-03-16,747.0,3.78
2024,4462,Men,vdot,200m,Sprints,89.18,2024-02-10,100m,Sprints,93.65,2024-04-06,758.0,4.47
2024,3753,Women,vdot,200m,Sprints,75.1,2024-01-20,100m,Sprints,77.75,2024-04-13,756.0,2.65
2024,607,Women,vdot,Mile,Distance,55.06,2024-02-10,1500m,Distance,55.51,2024-03-23,804.0,0.45
2024,2499,Women,vdot,5000m,Distance,56.31,2024-01-13,5000m,Distance,57.29,2024-03-16,866.0,0.98
2024,4405,Men,vdot,200m,Sprints,86.76,2024-03-03,100m,Sprints,98.78,2024-03-30,892.0,12.02
2024,451,Men,vdot,5000m,Distance,67.37,2024-02-02,5000m,Distance,70.16,2024-03-22,828.0,2.79
2024,3896,Men,vdot,400m,Sprints,75.29,2024-01-26,100m,Sprints,96.2,2024-04-13,825.0,20.91
2024,2111,Men,vdot,Mile,Distance,65.42,2024-03-03,1500m,Distance,67.44,2024-04-21,759.0,2.02
2024,1552,Men,vdot,800m,Distance,66.41,2024-01-19,800m,Distance,72.72,2024-03-22,802.0,6.31
2024,3843,Men,vdot,200m,Sprints,93.42,2024-01-20,100m,Sprints,99.82,2024-03-30,919.0,6.4
2024,567,Women,vdot,3000m,Distance,52.18,2024-02-03,5000m,Distance,53.54,2024-03-23,763.0,1.36
2024,3690,Men,vdot,200m,Sprints,89.36,2023-12-09,200m,Sprints,95.5,2024-03-16,833.0,6.14
2024,3701,Men,vdot,400m,Sprints,72.71,2023-12-09,200m,Sprints,92.61,2024-03-16,762.0,19.9
2024,2860,Men,vdot,400m,Sprints,80.39,2024-01-20,800m,Distance,72.77,2024-03-30,804.0,-7.62
2024,3793,Women,vdot,200m,Sprints,77.01,2024-02-10,100m,Sprints,84.07,2024-04-06,900.0,7.06
2024,2855,Men,vdot,3000m,Distance,67.0,2024-02-24,1500m,Distance,68.46,2024-03-30,796.0,1.46
2024,3633,Men,vdot,3000m,Distance,66.5,2023-12-08,1500m,Distance,67.45,2024-04-12,760.0,0.95
2024,1815,Men,vdot,800m,Distance,66.46,2024-02-10,5000m,Distance,68.76,2024-04-06,781.0,2.3
2024,466,Men,vdot,3000m,Distance,65.78,2024-01-13,1500m,Distance,69.6,2024-03-15,837.0,3.82
2024,4341,Men,vdot,200m,Sprints,88.71,2024-02-10,100m,Sprints,94.38,2024-04-20,777.0,5.67
2024,3532,Women,vdot,400m,Sprints,64.83,2023-12-02,400m,Sprints,66.44,2024-04-06,777.0,1.61
2024,4017,Women,vdot,200m,Sprints,73.09,2024-02-03,100m,Sprints,79.94,2024-04-13,807.0,6.85
2024,2192,Men,vdot,3000m,Distance,67.52,2024-02-24,5000m,Distance,67.83,2024-04-20,750.0,0.31
2024,4289,Women,vdot,200m,Sprints,75.58,2024-02-10,200m,Sprints,74.5,2024-03-22,711.0,-1.08
2024,2918,Men,vdot,400m,Sprints,75.55,2023-12-01,400m,Sprints,82.64,2024-04-20,762.0,7.09
2024,145,Men,vdot,Mile,Distance,68.44,2024-01-27,1500m,Distance,67.71,2024-03-22,769.0,-0.73
2024,2003,Men,vdot,Mile,Distance,69.66,2024-01-26,800m,Distance,71.6,2024-04-06,763.0,1.94
2024,1930,Women,vdot,Mile,Distance,55.03,2024-01-26,1500m,Distance,53.81,2024-03-30,751.0,-1.22
2024,539,Men,vdot,800m,Distance,71.05,2023-12-03,400m,Sprints,80.31,2024-04-06,696.0,9.26
2024,3809,Men,vdot,200m,Sprints,90.36,2024-01-20,100m,Sprints,97.08,2024-04-06,848.0,6.72
2024,3689,Men,vdot,200m,Sprints,88.02,2024-01-13,100m,Sprints,93.75,2024-03-16,761.0,5.73
2024,3650,Women,vdot,200m,Sprints,74.73,2023-12-09,200m,Sprints,77.9,2024-03-16,792.0,3.17
2024,2108,Men,vdot,Mile,Distance,67.62,2024-02-25,1500m,Distance,67.94,2024-04-06,777.0,0.32
2024,3762,Men,vdot,400m,Sprints,80.5,2024-01-20,800m,Distance,72.62,2024-04-13,799.0,-7.88
2024,3274,Men,vdot,1500m,Distance,66.1,2024-02-10,1500m,Distance,69.1,2024-03-22,819.0,3.0
2024,363,Men,vdot,800m,Distance,67.83,2024-01-19,800m,Distance,72.69,2024-03-30,801.0,4.86
2024,3926,Men,vdot,200m,Sprints,86.1,2024-03-23,100m,Sprints,93.85,2024-04-12,764.0,7.75
2024,404,Women,vdot,Mile,Distance,57.65,2024-01-26,1500m,Distance,55.25,2024-04-13,796.0,-2.4
2024,128,Men,vdot,800m,Distance,72.56,2024-02-10,400m,Sprints,85.44,2024-03-30,841.0,12.88
2024,1967,Women,vdot,800m,Distance,53.29,2024-01-20,1500m,Distance,55.15,2024-03-30,793.0,1.86
2024,3783,Men,vdot,200m,Sprints,86.45,2024-01-20,100m,Sprints,94.8,2024-04-26,789.0,8.35
2024,3266,Men,vdot,3000m,Distance,66.59,2024-02-10,5000m,Distance,67.94,2024-03-22,754.0,1.35
2024,4162,Women,vdot,200m,Sprints,76.48,2024-02-10,100m,Sprints,80.25,2024-04-06,814.0,3.77
2024,234,Women,vdot,Mile,Distance,53.09,2024-01-27,1500m,Distance,52.56,2024-04-06,711.0,-0.53
2024,573,Women,vdot,Mile,Distance,45.64,2024-02-03,5000m,Distance,53.23,2024-03-23,754.0,7.59
2024,568,Women,vdot,Mile,Distance,52.1,2024-02-03,5000m,Distance,53.41,2024-03-23,759.0,1.31
2024,4623,Men,vdot,200m,Sprints,93.27,2024-02-17,200m,Sprints,94.09,2024-04-13,798.0,0.82
2024,3862,Women,vdot,Mile,Distance,53.52,2024-01-26,800m,Distance,57.87,2024-03-30,775.0,4.35
2024,1216,Men,vdot,800m,Distance,74.6,2024-02-10,800m,Distance,73.23,2024-03-16,820.0,-1.37
2024,2057,Men,vdot,Mile,Distance,71.11,2024-01-27,5000m,Distance,68.81,2024-03-22,783.0,-2.3
2024,4023,Women,vdot,400m,Sprints,65.78,2024-02-03,100m Hurdles,Hurdles,64.4,2024-04-06,843.0,-1.38
2024,5041,Men,vdot,200m,Sprints,86.41,2024-03-03,100m,Sprints,91.21,2024-04-21,694.0,4.8
2024,2160,Women,vdot,1500m,Distance,52.77,2024-02-24,1500m,Distance,53.82,2024-04-06,751.0,1.05
2024,3966,Women,vdot,200m,Sprints,61.09,2024-01-27,200m,Sprints,64.67,2024-03-22,468.0,3.58
2024,18,Men,vdot,800m,Distance,66.37,2024-01-20,800m,Distance,73.53,2024-04-26,831.0,7.16
2024,2492,Men,vdot,800m,Distance,75.74,2024-01-19,800m,Distance,72.07,2024-03-22,780.0,-3.67
2024,3795,Women,vdot,200m,Sprints,74.53,2024-01-20,100m,Sprints,81.03,2024-03-22,832.0,6.5
2024,3624,Men,vdot,400m,Sprints,84.45,2023-12-08,200m,Sprints,95.93,2024-04-13,844.0,11.48
2024,3888,Women,vdot,200m,Sprints,71.83,2024-01-26,100m,Sprints,79.09,2024-04-13,787.0,7.26
2024,1522,Men,vdot,5000m,Distance,69.01,2024-01-14,5000m,Distance,69.82,2024-03-16,817.0,0.81
2024,583,Women,vdot,5000m,Distance,51.05,2024-02-24,5000m,Distance,53.17,2024-04-06,752.0,2.12
2024,123,Men,vdot,Mile,Distance,69.0,2024-02-03,800m,Distance,70.02,2024-03-22,708.0,1.02
2024,4727,Men,vdot,100m,Sprints,98.09,2024-02-24,100m,Sprints,96.2,2024-04-06,825.0,-1.89
2024,3846,Men,vdot,400m,Sprints,86.18,2024-01-20,200m,Sprints,100.23,2024-03-30,947.0,14.05
2024,3698,Men,vdot,200m,Sprints,91.77,2023-12-09,100m,Sprints,94.48,2024-03-16,780.0,2.71
2024,3784,Men,vdot,200m,Sprints,88.66,2024-01-20,100m,Sprints,95.02,2024-04-06,794.0,6.36
2024,246,Women,vdot,Mile,Distance,50.75,2023-12-02,800m,Distance,58.57,2024-03-30,797.0,7.82
2024,3518,Men,vdot,200m,Sprints,90.12,2024-02-17,200m,Sprints,92.56,2024-04-06,761.0,2.44
2024,4147,Men,vdot,400m,Sprints,80.22,2024-02-02,200m,Sprints,92.36,2024-04-06,756.0,12.14
2024,3743,Men,vdot,800m,Distance,73.47,2024-01-19,800m,Distance,73.56,2024-04-06,831.0,0.09
2024,3286,Men,vdot,800m,Distance,67.22,2024-02-03,800m,Distance,71.71,2024-03-08,767.0,4.49
2024,678,Men,vdot,1500m,Distance,69.34,2024-02-24,400m,Sprints,80.37,2024-03-23,697.0,11.03
2024,4243,Women,vdot,200m,Sprints,74.5,2024-02-16,100m,Sprints,83.23,2024-03-30,882.0,8.73
2024,4014,Men,vdot,800m,Distance,74.83,2024-02-02,800m,Distance,75.19,2024-03-16,888.0,0.36
2024,3944,Men,vdot,200m,Sprints,89.6,2024-01-27,100m,Sprints,94.7,2024-03-22,786.0,5.1
2024,4025,Women,vdot,800m,Distance,58.4,2024-02-03,5000m,Distance,54.89,2024-04-12,801.0,-3.51
2024,4127,Women,vdot,400m,Sprints,56.8,2024-02-03,100m,Sprints,79.25,2024-04-06,791.0,22.45
2024,4621,Men,vdot,200m,Sprints,91.77,2024-02-17,100m,Sprints,100.17,2024-04-06,928.0,8.4
2024,4522,Men,vdot,200m,Sprints,86.99,2024-02-16,200m,Sprints,94.35,2024-04-13,805.0,7.36
2024,3513,Men,vdot,200m,Sprints,86.67,2023-12-01,200m,Sprints,95.19,2024-04-06,825.0,8.52
2024,4073,Men,vdot,200m,Sprints,87.79,2024-02-03,100m,Sprints,94.17,2024-03-14,772.0,6.38
2024,2193,Men,vdot,800m,Distance,68.22,2024-02-10,1500m,Distance,68.88,2024-03-30,811.0,0.66
2024,4016,Women,vdot,200m,Sprints,76.83,2024-02-03,100m,Sprints,80.72,2024-04-06,825.0,3.89
2024,2896,Men,vdot,100m,Sprints,99.12,2024-02-24,800m,Distance,72.28,2024-04-06,787.0,-26.84
2024,3889,Women,vdot,200m,Sprints,71.21,2024-01-26,100m,Sprints,76.1,2024-04-13,716.0,4.89
2024,2007,Men,vdot,3000m,Distance,68.98,2024-01-20,5000m,Distance,64.35,2024-03-30,632.0,-4.63
2024,530,Men,vdot,Mile,Distance,63.84,2024-01-20,800m,Distance,73.48,2024-04-06,829.0,9.64
2024,3871,Men,vdot,200m,Sprints,92.56,2024-01-26,200m,Sprints,95.4,2024-03-30,831.0,2.84
2025,3578,Men,vdot,200m,Sprints,99.65,2024-12-07,400m,Sprints,87.83,2025-03-28,907.0,-11.82
2025,3533,Women,vdot,200m,Sprints,74.93,2025-02-08,200m,Sprints,78.19,2025-04-05,799.0,3.26
2025,24984,Men,vdot,200m,Sprints,88.02,2025-02-08,200m,Sprints,94.5,2025-03-28,809.0,6.48
2025,3848,Women,vdot,200m,Sprints,72.84,2024-12-08,100m,Sprints,79.17,2025-03-22,789.0,6.33
2025,4475,Men,vdot,200m,Sprints,88.53,2025-03-09,100m,Sprints,95.44,2025-03-22,805.0,6.91
2025,5246,Men,vdot,200m,Sprints,93.63,2025-02-07,200m,Sprints,99.19,2025-03-22,923.0,5.56
2025,18964,Men,vdot,3000m,Distance,68.52,2025-02-07,5000m,Distance,69.13,2025-03-28,794.0,0.61
2025,468,Men,vdot,800m,Distance,72.17,2025-02-07,800m,Distance,72.1,2025-03-22,781.0,-0.07
2025,2245,Women,vdot,400m,Sprints,60.15,2025-02-08,3000m Steeplechase,Distance,46.16,2025-04-05,778.0,-13.99
2025,18777,Women,vdot,Mile,Distance,55.14,2025-02-14,3000m,Distance,56.57,2025-03-07,850.0,1.43
2025,3541,Men,vdot,200m,Sprints,91.91,2024-12-08,100m,Sprints,96.31,2025-03-22,828.0,4.4
2025,18911,Women,vdot,Mile,Distance,52.43,2025-01-25,1500m,Distance,56.54,2025-04-05,836.0,4.11
2025,2492,Men,vdot,Mile,Distance,66.69,2025-01-25,800m,Distance,74.15,2025-03-14,852.0,7.46
2025,3795,Women,vdot,200m,Sprints,74.4,2025-02-08,100m,Sprints,80.64,2025-04-05,823.0,6.24
2025,2259,Men,vdot,5000m,Distance,63.09,2025-02-08,1500m,Distance,67.73,2025-04-05,770.0,4.64
2025,24640,Men,vdot,Mile,Distance,65.85,2025-01-18,800m,Distance,73.12,2025-03-28,816.0,7.27
2025,466,Men,vdot,3000m,Distance,68.7,2024-12-05,800m,Distance,73.34,2025-03-22,824.0,4.64
2025,127,Men,vdot,3000m,Distance,67.28,2025-02-08,800m,Distance,71.59,2025-03-28,763.0,4.31
2025,3532,Women,vdot,400m,Sprints,63.61,2024-12-08,400m,Sprints,66.03,2025-03-22,767.0,2.42
2025,395,Men,vdot,800m,Distance,70.0,2025-02-09,800m,Distance,71.45,2025-04-05,758.0,1.45
2025,11483,Men,vdot,Mile,Distance,67.81,2025-01-17,1500m,Distance,68.05,2025-04-05,781.0,0.24
2025,4740,Women,vdot,400m,Sprints,56.93,2025-01-31,400m,Sprints,64.14,2025-04-05,719.0,7.21
2025,3951,Men,vdot,200m,Sprints,98.23,2025-02-15,100m,Sprints,95.99,2025-04-05,820.0,-2.24
2025,3796,Women,vdot,200m,Sprints,76.48,2025-01-25,100m,Sprints,81.59,2025-03-28,845.0,5.11
2025,4655,Women,vdot,Mile,Distance,52.27,2025-01-25,1500m,Distance,53.78,2025-03-14,750.0,1.51
2025,3581,Women,vdot,200m,Sprints,73.32,2024-12-08,100m,Sprints,79.48,2025-03-08,796.0,6.16
2025,24687,Women,vdot,200m,Sprints,77.29,2025-01-25,200m,Sprints,79.45,2025-04-05,828.0,2.16
2025,18865,Men,vdot,800m,Distance,74.15,2025-02-09,800m,Distance,73.57,2025-04-05,832.0,-0.58
2025,24683,Women,vdot,800m,Distance,55.3,2025-01-25,800m,Distance,57.73,2025-03-28,771.0,2.43
2025,25022,Women,vdot,800m,Distance,55.78,2025-02-07,1500m,Distance,55.49,2025-03-28,804.0,-0.29
2025,24634,Men,vdot,200m,Sprints,91.23,2025-01-18,200m,Sprints,90.31,2025-04-05,704.0,-0.92
2025,669,Men,vdot,3000m,Distance,65.84,2025-02-07,1500m,Distance,67.93,2025-03-22,777.0,2.09
2025,25023,Men,vdot,200m,Sprints,91.52,2025-02-07,200m,Sprints,94.87,2025-03-22,818.0,3.35
2025,683,Men,vdot,3000m,Distance,68.67,2025-02-07,5000m,Distance,68.17,2025-03-28,761.0,-0.5
2025,24637,Men,vdot,800m,Distance,69.24,2025-01-18,800m,Distance,71.44,2025-03-28,758.0,2.2
2025,24627,Women,vdot,800m,Distance,53.51,2025-01-31,800m,Distance,57.48,2025-04-05,763.0,3.97
2025,583,Women,vdot,Mile,Distance,50.77,2025-02-09,3000m Steeplechase,Distance,45.33,2025-03-28,754.0,-5.44
2025,5252,Men,vdot,200m,Sprints,86.15,2025-02-07,110m Hurdles,Hurdles,71.46,2025-03-22,792.0,-14.69
2025,24370,Men,vdot,400m,Sprints,80.2,2025-02-22,200m,Sprints,89.36,2025-04-05,681.0,9.16
2025,22384,Men,vdot,3000m,Distance,65.63,2025-02-09,800m,Distance,69.96,2025-04-05,706.0,4.33
2025,4461,Men,vdot,200m,Sprints,87.75,2025-02-22,200m,Sprints,92.11,2025-03-28,749.0,4.36
2025,123,Men,vdot,3000m,Distance,66.24,2025-01-25,800m,Distance,72.86,2025-03-28,807.0,6.62
2025,4727,Men,vdot,400m,Sprints,78.19,2024-12-08,100m,Sprints,96.31,2025-03-08,828.0,18.12
2025,5500,Men,vdot,Mile,Distance,65.2,2025-01-31,800m,Distance,73.68,2025-03-29,836.0,8.48
2025,25667,Men,vdot,200m,Sprints,86.81,2025-03-02,100m,Sprints,95.77,2025-03-08,814.0,8.96
2025,1715,Men,vdot,3000m,Distance,65.39,2025-01-25,800m,Distance,72.3,2025-04-05,788.0,6.91
2025,19447,Women,vdot,Mile,Distance,54.11,2025-03-01,800m,Distance,55.46,2025-04-05,699.0,1.35
2025,24540,Men,vdot,200m,Sprints,93.68,2024-12-08,400m,Sprints,84.96,2025-04-05,828.0,-8.72
2025,3698,Men,vdot,200m,Sprints,93.42,2025-01-25,100m,Sprints,96.86,2025-03-22,842.0,3.44
2025,467,Men,vdot,400m,Sprints,79.37,2025-02-07,800m,Distance,73.03,2025-03-28,813.0,-6.34
2025,246,Women,vdot,Mile,Distance,54.53,2025-01-25,800m,Distance,58.56,2025-04-05,796.0,4.03
2025,577,Women,vdot,Mile,Distance,53.02,2025-02-07,800m,Distance,56.07,2025-03-22,718.0,3.05
2025,24577,Men,vdot,200m,Sprints,87.84,2024-12-14,400m Hurdles,Hurdles,68.06,2025-05-03,665.0,-19.78
2025,666,Men,vdot,5000m,Distance,71.4,2025-02-07,1500m,Distance,68.55,2025-03-22,799.0,-2.85
2025,539,Men,vdot,800m,Distance,74.62,2025-02-07,800m,Distance,76.39,2025-04-05,928.0,1.77
2025,25136,Women,vdot,200m,Sprints,75.51,2025-02-22,100m,Sprints,80.01,2025-03-28,808.0,4.5
2025,4910,Men,vdot,Mile,Distance,67.14,2025-01-18,1500m,Distance,68.31,2025-03-28,790.0,1.17
2025,18726,Women,vdot,Mile,Distance,55.99,2025-02-22,800m,Distance,56.96,2025-03-21,747.0,0.97
2025,24442,Men,vdot,200m,Sprints,88.39,2024-12-08,100m,Sprints,94.48,2025-03-22,780.0,6.09
2025,4944,Men,vdot,200m,Sprints,91.77,2025-02-01,100m,Sprints,98.21,2025-04-05,877.0,6.44
2025,7999,Women,vdot,800m,Distance,54.03,2025-01-25,800m,Distance,57.09,2025-03-14,751.0,3.06
2025,23462,Women,vdot,Mile,Distance,58.17,2025-01-31,1500m,Distance,57.64,2025-04-05,869.0,-0.53
2025,1928,Women,vdot,Mile,Distance,53.55,2024-12-06,400m Hurdles,Hurdles,60.49,2025-03-29,832.0,6.94
2025,24415,Men,vdot,200m,Sprints,91.57,2024-12-06,110m Hurdles,Hurdles,73.39,2025-03-29,844.0,-18.18
2025,23882,Women,vdot,3000m,Distance,57.59,2025-01-24,1500m,Distance,59.2,2025-04-05,915.0,1.61
2025,8038,Men,vdot,Mile,Distance,63.18,2025-02-15,1500m,Distance,67.89,2025-03-29,775.0,4.71
2025,2,Men,vdot,3000m,Distance,72.4,2024-12-06,5000m,Distance,70.63,2025-03-21,844.0,-1.77
2025,24391,Men,vdot,200m,Sprints,93.42,2024-12-07,100m,Sprints,99.36,2025-03-28,907.0,5.94
2025,282,Women,vdot,3000m,Distance,54.48,2025-01-18,1500m,Distance,57.65,2025-03-28,869.0,3.17
2025,5250,Men,vdot,200m,Sprints,87.12,2025-02-07,100m,Sprints,92.31,2025-03-22,723.0,5.19
2025,4111,Men,vdot,400m,Sprints,76.78,2025-02-08,100m,Sprints,97.42,2025-03-28,857.0,20.64
2025,24574,Men,vdot,200m,Sprints,97.01,2025-02-09,100m,Sprints,97.2,2025-03-22,851.0,0.19
2025,19595,Women,vdot,Mile,Distance,51.33,2024-12-07,800m,Distance,58.15,2025-03-28,784.0,6.82
2025,25017,Women,vdot,400m,Sprints,63.64,2025-02-07,400m,Sprints,65.49,2025-03-08,753.0,1.85
2025,24869,Men,vdot,200m,Sprints,92.11,2025-02-09,400m,Sprints,85.72,2025-03-28,849.0,-6.39
2025,25098,Women,vdot,Mile,Distance,53.37,2025-02-15,1500m,Distance,55.57,2025-03-14,806.0,2.2
2025,24829,Women,vdot,200m,Sprints,72.2,2025-01-31,100m,Sprints,75.12,2025-03-28,693.0,2.92
2025,24460,Men,vdot,200m,Sprints,89.22,2024-12-08,100m,Sprints,96.97,2025-03-08,845.0,7.75
2025,24581,Men,vdot,200m,Sprints,93.01,2024-12-14,100m,Sprints,98.66,2025-03-29,889.0,5.65
2025,1967,Women,vdot,3000m,Distance,49.93,2025-01-24,1500m,Distance,56.62,2025-03-29,838.0,6.69
2025,22379,Men,vdot,800m,Distance,74.37,2025-02-07,800m,Distance,72.77,2025-04-05,804.0,-1.6
2025,4393,Men,vdot,200m,Sprints,91.08,2025-01-18,100m,Sprints,99.47,2025-03-29,910.0,8.39
2025,29817,Men,vdot,200m,Sprints,90.21,2024-12-14,100m,Sprints,99.12,2025-03-22,901.0,8.91
2025,24580,Men,vdot,200m,Sprints,94.24,2024-12-14,100m,Sprints,99.47,2025-03-22,910.0,5.23
2025,24914,Men,vdot,800m,Distance,74.22,2025-02-09,800m,Distance,72.8,2025-03-29,805.0,-1.42
2025,24625,Women,vdot,200m,Sprints,76.37,2025-01-18,200m,Sprints,78.3,2025-04-05,801.0,1.93
2025,382,Men,vdot,Mile,Distance,66.86,2025-02-01,1500m,Distance,68.34,2025-04-05,792.0,1.48
2025,3843,Men,vdot,400m,Sprints,80.5,2025-02-21,100m,Sprints,99.01,2025-03-29,898.0,18.51
2025,8146,Men,vdot,3000m,Distance,67.51,2025-02-01,1500m,Distance,67.3,2025-04-05,754.0,-0.21
2025,24946,Women,vdot,200m,Sprints,77.61,2024-12-08,100m,Sprints,77.46,2025-04-05,749.0,-0.15
2025,20764,Women,vdot,Mile,Distance,54.37,2025-02-09,800m,Distance,56.68,2025-04-05,738.0,2.31
2025,3513,Men,vdot,200m,Sprints,91.77,2024-12-06,100m,Sprints,93.34,2025-04-05,750.0,1.57
2025,24434,Men,vdot,400m,Sprints,80.31,2024-12-07,200m,Sprints,88.62,2025-03-22,662.0,8.31
2025,21471,Men,vdot,800m,Distance,68.39,2025-02-01,800m,Distance,68.42,2025-04-05,652.0,0.03
2025,700,Men,vdot,800m,Distance,63.28,2025-01-31,800m,Distance,72.26,2025-04-05,786.0,8.98
2025,3690,Men,vdot,200m,Sprints,89.83,2024-12-14,200m,Sprints,93.88,2025-03-29,793.0,4.05
2025,3701,Men,vdot,200m,Sprints,92.06,2024-12-14,100m,Sprints,93.96,2025-03-22,766.0,1.9
2025,568,Women,vdot,5000m,Distance,51.67,2025-02-07,3000m Steeplechase,Distance,46.67,2025-04-05,792.0,-5.0
2025,2239,Women,vdot,3000m,Distance,53.9,2025-02-08,5000m,Distance,56.46,2025-04-11,844.0,2.56
2025,4073,Men,vdot,200m,Sprints,92.56,2024-12-08,100m,Sprints,95.02,2025-03-29,794.0,2.46
2025,2193,Men,vdot,3000m,Distance,67.33,2025-02-15,5000m,Distance,68.52,2025-03-28,773.0,1.19
2025,570,Women,vdot,3000m,Distance,53.15,2025-02-07,5000m,Distance,54.6,2025-03-22,793.0,1.45
2025,2855,Men,vdot,3000m,Distance,71.09,2025-01-31,800m,Distance,73.9,2025-03-29,843.0,2.81
2025,3862,Women,vdot,Mile,Distance,56.91,2024-12-06,800m,Distance,59.64,2025-04-05,830.0,2.73
2025,2896,Men,vdot,Mile,Distance,68.66,2025-01-19,800m,Distance,73.75,2025-03-08,838.0,5.09
2025,3719,Men,vdot,200m,Sprints,90.84,2024-12-14,100m,Sprints,94.8,2025-03-22,789.0,3.96
2025,24602,Women,vdot,400m,Sprints,64.9,2025-01-18,100m,Sprints,79.78,2025-03-22,803.0,14.88
2025,130,Men,vdot,Mile,Distance,67.63,2025-01-25,1500m,Distance,70.2,2025-03-28,858.0,2.57
2025,4023,Women,vdot,200m,Sprints,72.33,2025-02-08,100m Hurdles,Hurdles,65.29,2025-04-24,863.0,-7.04
2025,24679,Women,vdot,200m,Sprints,73.03,2025-01-25,100m,Sprints,82.07,2025-03-28,856.0,9.04
2025,3691,Men,vdot,400m,Sprints,79.98,2025-01-18,200m,Sprints,94.04,2025-03-22,797.0,14.06
2025,24467,Men,vdot,400m,Sprints,80.24,2024-12-08,400m,Sprints,84.29,2025-04-05,809.0,4.05
2025,2241,Women,vdot,Mile,Distance,54.92,2025-02-01,5000m,Distance,55.54,2025-04-11,819.0,0.62
2025,2007,Men,vdot,3000m,Distance,69.31,2025-01-24,3000m Steeplechase,Distance,60.24,2025-03-29,806.0,-9.07
2025,25000,Men,vdot,800m,Distance,72.31,2025-02-08,Mile,Distance,67.57,2025-03-22,761.0,-4.74
2025,2723,Men,vdot,5000m,Distance,68.24,2025-02-07,3000m Steeplechase,Distance,60.33,2025-04-05,809.0,-7.91
2025,24411,Women,vdot,200m,Sprints,79.23,2024-12-06,200m,Sprints,82.13,2025-03-29,888.0,2.9
2025,530,Men,vdot,800m,Distance,71.95,2025-02-07,800m,Distance,71.92,2025-03-22,774.0,-0.03
2025,24863,Men,vdot,400m,Sprints,80.35,2025-02-09,400m,Sprints,79.25,2025-03-28,665.0,-1.1
2026,29744,Men,vdot,200m,Sprints,89.6,2026-01-30,100m,Sprints,95.44,2026-04-11,805.0,5.84
2026,27000,Men,vdot,3000m,Distance,65.1,2026-02-08,800m,Distance,71.44,2026-03-13,758.0,6.34
2026,5246,Men,vdot,200m,Sprints,94.3,2026-01-23,200m,Sprints,98.57,2026-03-21,908.0,4.27
2026,1725,Women,vdot,Mile,Distance,57.17,2026-02-15,1500m,Distance,57.89,2026-04-11,877.0,0.72
2026,30069,Men,vdot,200m,Sprints,91.72,2026-02-15,200m,Sprints,92.96,2026-03-07,771.0,1.24
2026,4790,Women,vdot,Mile,Distance,53.38,2026-01-24,1500m,Distance,53.97,2026-04-11,756.0,0.59
2026,19375,Men,vdot,5000m,Distance,70.5,2026-01-23,200m,Sprints,82.69,2026-03-21,513.0,12.19
2026,29451,Women,vdot,200m,Sprints,70.34,2025-12-06,100m Hurdles,Hurdles,60.32,2026-03-20,749.0,-10.02
2026,28272,Women,vdot,800m,Distance,56.87,2026-01-23,400m,Sprints,65.91,2026-03-21,764.0,9.04
2026,29612,Men,vdot,200m,Sprints,88.11,2026-01-17,100m,Sprints,97.42,2026-03-28,857.0,9.31
2026,29607,Men,vdot,400m,Sprints,81.21,2026-01-17,400m,Sprints,83.44,2026-03-20,785.0,2.23
2026,29439,Women,vdot,200m,Sprints,69.92,2025-12-06,200m,Sprints,73.25,2026-04-11,681.0,3.33
2026,29696,Men,vdot,400m,Sprints,82.29,2026-01-23,400m,Sprints,82.84,2026-03-27,768.0,0.55
2026,3581,Women,vdot,400m,Sprints,62.43,2026-02-08,200m,Sprints,77.4,2026-03-21,780.0,14.97
2026,24687,Women,vdot,200m,Sprints,78.67,2026-02-14,100m,Sprints,80.95,2026-03-28,830.0,2.28
2026,18865,Men,vdot,800m,Distance,73.17,2026-03-08,800m,Distance,73.61,2026-04-11,833.0,0.44
2026,24896,Men,vdot,200m,Sprints,89.98,2026-02-15,100m,Sprints,93.65,2026-03-28,758.0,3.67
2026,24634,Men,vdot,200m,Sprints,94.76,2026-01-30,400m,Sprints,85.38,2026-03-28,839.0,-9.38
2026,26944,Women,vdot,Mile,Distance,59.07,2025-12-05,800m,Distance,61.4,2026-04-03,883.0,2.33
2026,29632,Men,vdot,200m,Sprints,94.45,2025-12-05,200m,Sprints,94.4,2026-04-03,806.0,-0.05
2026,24623,Women,vdot,200m,Sprints,76.23,2026-01-30,100m,Sprints,79.17,2026-03-28,789.0,2.94
2026,29644,Women,vdot,400m,Sprints,67.5,2026-01-23,100m,Sprints,78.64,2026-04-03,776.0,11.14
2026,26902,Men,vdot,Mile,Distance,65.7,2026-01-24,800m,Distance,70.59,2026-04-11,728.0,4.89
2026,31183,Women,vdot,200m,Sprints,75.14,2026-02-20,100m,Sprints,77.53,2026-03-20,750.0,2.39
2026,29749,Men,vdot,200m,Sprints,81.1,2026-01-31,400m,Sprints,83.62,2026-03-28,790.0,2.52
2026,28331,Men,vdot,200m,Sprints,85.88,2026-03-01,100m,Sprints,93.34,2026-03-28,750.0,7.46
2026,2003,Men,vdot,Mile,Distance,69.48,2026-01-23,800m,Distance,72.52,2026-04-03,795.0,3.04
2026,1930,Women,vdot,Mile,Distance,55.2,2026-01-23,1500m,Distance,55.13,2026-03-28,792.0,-0.07
2026,31156,Women,vdot,200m,Sprints,68.99,2026-03-08,100m,Sprints,77.9,2026-04-11,759.0,8.91
2026,3522,Men,vdot,200m,Sprints,91.72,2026-01-17,200m,Sprints,97.4,2026-03-20,879.0,5.68
2026,1754,Women,vdot,800m,Distance,57.97,2026-02-15,800m,Distance,57.18,2026-04-11,753.0,-0.79
2026,29747,Men,vdot,200m,Sprints,89.5,2026-01-31,100m,Sprints,94.91,2026-03-28,791.0,5.41
2026,25883,Women,vdot,200m,Sprints,73.06,2026-03-08,100m,Sprints,78.12,2026-04-11,764.0,5.06
2026,29712,Women,vdot,800m,Distance,54.06,2026-01-30,800m,Distance,57.48,2026-03-20,763.0,3.42
2026,18822,Women,vdot,Mile,Distance,53.82,2026-03-08,1500m,Distance,54.04,2026-04-11,758.0,0.22
2026,4105,Women,vdot,200m,Sprints,71.64,2025-12-06,200m,Sprints,74.67,2026-04-11,715.0,3.03
2026,24880,Men,vdot,200m,Sprints,90.69,2026-01-24,100m,Sprints,94.27,2026-03-20,775.0,3.58
2026,30420,Women,vdot,Mile,Distance,50.82,2026-02-28,5000m,Distance,53.42,2026-04-11,760.0,2.6
2026,28361,Men,vdot,Mile,Distance,67.84,2026-01-30,800m,Distance,72.47,2026-03-06,794.0,4.63
2026,24670,Men,vdot,200m,Sprints,90.07,2026-02-07,200m,Sprints,93.17,2026-03-20,776.0,3.1
2026,5500,Men,vdot,800m,Distance,75.52,2026-01-23,1500m,Distance,70.65,2026-03-28,874.0,-4.87
2026,231,Women,vdot,5000m,Distance,54.29,2026-02-14,5000m,Distance,53.6,2026-03-28,765.0,-0.69
2026,1715,Men,vdot,Mile,Distance,70.28,2026-01-30,1500m,Distance,69.13,2026-03-28,820.0,-1.15
2026,19447,Women,vdot,5000m,Distance,53.83,2026-01-30,5000m,Distance,53.73,2026-04-11,768.0,-0.1
2026,18922,Women,vdot,3000m,Distance,55.62,2026-01-23,5000m,Distance,56.6,2026-03-21,848.0,0.98
2026,467,Men,vdot,Mile,Distance,67.52,2026-02-14,800m,Distance,72.34,2026-03-21,789.0,4.82
2026,27114,Men,vdot,3000m,Distance,67.39,2026-02-07,1500m,Distance,67.48,2026-04-11,761.0,0.09
2026,3784,Men,vdot,200m,Sprints,89.79,2026-01-31,200m,Sprints,92.91,2026-04-11,769.0,3.12
2026,27989,Men,vdot,Mile,Distance,64.37,2026-01-31,5000m,Distance,68.27,2026-04-11,765.0,3.9
2026,2260,Men,vdot,3000m,Distance,66.34,2026-01-31,1500m,Distance,68.24,2026-04-11,788.0,1.9
2026,24635,Men,vdot,200m,Sprints,91.67,2026-01-30,200m,Sprints,92.26,2026-04-11,753.0,0.59
2026,27420,Women,vdot,3000m,Distance,50.32,2026-02-15,800m,Distance,53.23,2026-04-11,626.0,2.91
2026,18979,Men,vdot,Mile,Distance,67.44,2026-01-30,5000m,Distance,68.25,2026-03-21,764.0,0.81
2026,666,Men,vdot,3000m,Distance,71.48,2026-01-23,5000m,Distance,68.97,2026-03-07,789.0,-2.51
2026,30039,Men,vdot,400m,Sprints,82.49,2026-02-15,200m,Sprints,91.82,2026-03-28,742.0,9.33
2026,31178,Men,vdot,200m,Sprints,92.11,2026-02-20,100m,Sprints,94.06,2026-03-20,769.0,1.95
2026,25136,Women,vdot,200m,Sprints,75.82,2025-12-06,100m,Sprints,78.2,2026-04-11,766.0,2.38
2026,29818,Men,vdot,200m,Sprints,92.46,2026-02-14,100m,Sprints,97.2,2026-03-28,851.0,4.74
2026,4910,Men,vdot,Mile,Distance,64.53,2026-01-17,1500m,Distance,69.44,2026-03-28,831.0,4.91
2026,4266,Women,vdot,200m,Sprints,76.44,2026-01-30,100m,Sprints,81.43,2026-03-27,841.0,4.99
2026,28312,Men,vdot,800m,Distance,75.08,2026-01-23,800m,Distance,74.54,2026-03-21,865.0,-0.54
2026,27294,Men,vdot,Mile,Distance,69.86,2026-01-30,5000m,Distance,70.07,2026-04-03,825.0,0.21
2026,23462,Women,vdot,Mile,Distance,57.32,2026-01-30,5000m,Distance,59.83,2026-04-11,933.0,2.51
2026,27299,Men,vdot,Mile,Distance,66.95,2025-12-05,1500m,Distance,67.88,2026-03-28,775.0,0.93
2026,26946,Women,vdot,Mile,Distance,55.7,2025-12-05,800m,Distance,59.63,2026-03-28,829.0,3.93
2026,24415,Men,vdot,200m,Sprints,96.09,2025-12-05,200m,Sprints,95.08,2026-03-28,823.0,-1.01
2026,29630,Men,vdot,200m,Sprints,90.98,2025-12-05,100m,Sprints,94.38,2026-03-28,777.0,3.4
2026,7975,Men,vdot,3000m,Distance,67.8,2026-01-17,5000m,Distance,69.87,2026-03-28,819.0,2.07
2026,31184,Women,vdot,200m,Sprints,76.23,2026-02-20,100m,Sprints,78.12,2026-03-20,764.0,1.89
2026,575,Women,vdot,Mile,Distance,54.34,2026-01-30,5000m,Distance,53.11,2026-03-21,751.0,-1.23
2026,29599,Men,vdot,200m,Sprints,98.4,2026-02-21,100m,Sprints,95.55,2026-03-07,808.0,-2.85
2026,27617,Women,vdot,400m,Sprints,66.24,2026-01-24,400m,Sprints,66.79,2026-04-11,786.0,0.55
2026,3650,Women,vdot,200m,Sprints,73.32,2026-01-24,400m,Sprints,69.12,2026-03-20,843.0,-4.2
2026,8038,Men,vdot,Mile,Distance,66.31,2026-02-14,1500m,Distance,70.65,2026-03-28,874.0,4.34
2026,29679,Men,vdot,200m,Sprints,87.57,2026-01-23,200m,Sprints,95.03,2026-03-28,821.0,7.46
2026,29660,Men,vdot,200m,Sprints,94.35,2026-01-23,200m,Sprints,97.01,2026-03-28,870.0,2.66
2026,24391,Men,vdot,200m,Sprints,98.79,2025-12-06,100m,Sprints,99.59,2026-04-11,913.0,0.8
2026,24727,Women,vdot,400m,Sprints,66.31,2026-01-23,400m,Sprints,66.03,2026-03-28,767.0,-0.28
2026,27690,Men,vdot,Mile,Distance,65.73,2026-03-08,5000m,Distance,70.08,2026-04-11,826.0,4.35
2026,3733,Men,vdot,200m,Sprints,94.24,2026-02-15,100m,Sprints,93.96,2026-04-03,766.0,-0.28
2026,24676,Men,vdot,200m,Sprints,91.13,2026-01-30,200m,Sprints,95.19,2026-03-20,825.0,4.06
2026,29751,Men,vdot,800m,Distance,69.47,2026-01-31,800m,Distance,72.86,2026-03-20,807.0,3.39
2026,22369,Women,vdot,400m,Sprints,61.71,2026-02-15,400m Hurdles,Hurdles,57.56,2026-03-20,759.0,-4.15
2026,673,Men,vdot,3000m,Distance,69.19,2026-01-23,5000m,Distance,68.24,2026-03-21,764.0,-0.95
2026,29864,Men,vdot,400m,Sprints,83.16,2026-02-14,200m,Sprints,94.82,2026-03-07,816.0,11.66
2026,4243,Women,vdot,200m,Sprints,72.52,2026-02-21,100m,Sprints,77.9,2026-04-11,759.0,5.38
2026,24717,Women,vdot,400m,Sprints,66.72,2026-02-20,200m,Sprints,75.75,2026-03-28,741.0,9.03
2026,3393,Men,vdot,Mile,Distance,71.69,2026-01-16,1500m,Distance,72.61,2026-04-11,942.0,0.92
2026,27555,Men,vdot,Mile,Distance,66.38,2026-02-28,800m,Distance,70.96,2026-03-28,741.0,4.58
2026,26504,Men,vdot,400m,Sprints,81.65,2026-02-14,200m,Sprints,98.68,2026-03-28,910.0,17.03
2026,29780,Men,vdot,3000m,Distance,68.16,2026-02-07,5000m,Distance,68.72,2026-04-11,780.0,0.56
2026,23472,Men,vdot,Mile,Distance,67.21,2026-02-14,1500m,Distance,68.96,2026-03-28,814.0,1.75
2026,31088,Men,vdot,200m,Sprints,92.26,2026-03-06,200m,Sprints,94.97,2026-04-11,820.0,2.71
2026,29669,Men,vdot,400m,Sprints,86.03,2026-01-17,200m,Sprints,94.66,2026-03-20,812.0,8.63
2026,19539,Men,vdot,800m,Distance,70.77,2026-02-21,800m,Distance,69.72,2026-04-11,697.0,-1.05
2026,24551,Men,vdot,800m,Distance,66.3,2025-12-06,200m,Sprints,95.66,2026-04-11,837.0,29.36
2026,26852,Women,vdot,3000m,Distance,51.59,2026-02-21,800m,Distance,54.93,2026-04-03,681.0,3.34
2026,27229,Women,vdot,Mile,Distance,53.64,2026-02-14,800m,Distance,58.76,2026-03-21,803.0,5.12
2026,404,Women,vdot,3000m,Distance,57.67,2026-02-07,5000m,Distance,57.26,2026-04-03,865.0,-0.41
2026,24869,Men,vdot,200m,Sprints,92.81,2026-02-15,200m,Sprints,93.88,2026-03-07,793.0,1.07
2026,25098,Women,vdot,Mile,Distance,53.13,2026-02-07,800m,Distance,57.14,2026-03-20,752.0,4.01
2026,27214,Men,vdot,800m,Distance,71.51,2026-02-21,800m,Distance,72.04,2026-04-03,779.0,0.53
2026,26993,Men,vdot,3000m,Distance,67.55,2026-01-30,5000m,Distance,68.93,2026-03-21,787.0,1.38
2026,27295,Men,vdot,3000m,Distance,65.22,2026-02-14,3000m Steeplechase,Distance,60.26,2026-04-11,807.0,-4.96
2026,24460,Men,vdot,200m,Sprints,87.57,2026-02-08,100m,Sprints,93.75,2026-03-21,761.0,6.18
2026,29710,Women,vdot,200m,Sprints,76.87,2026-01-30,100m,Sprints,78.94,2026-04-11,783.0,2.07
2026,31425,Men,vdot,400m,Sprints,84.65,2026-02-20,400m,Sprints,83.22,2026-03-28,778.0,-1.43
2026,128,Men,vdot,800m,Distance,73.51,2026-01-24,800m,Distance,74.68,2026-04-11,870.0,1.17
2026,29574,Women,vdot,200m,Sprints,78.93,2025-12-06,100m,Sprints,82.4,2026-04-11,863.0,3.47
2026,29454,Women,vdot,200m,Sprints,71.77,2025-12-06,100m,Sprints,77.75,2026-03-20,756.0,5.98
2026,27747,Women,vdot,Mile,Distance,57.65,2026-02-07,5000m,Distance,57.93,2026-03-20,883.0,0.28
2026,129,Men,vdot,Mile,Distance,69.13,2026-01-24,800m,Distance,72.11,2026-04-11,781.0,2.98
2026,27097,Men,vdot,200m,Sprints,88.94,2026-02-07,400m,Sprints,83.2,2026-04-11,778.0,-5.74
2026,24595,Men,vdot,3000m,Distance,67.38,2025-12-07,1500m,Distance,71.61,2026-03-26,907.0,4.23
2026,3566,Women,vdot,200m,Sprints,68.27,2025-12-06,100m,Sprints,70.52,2026-04-11,580.0,2.25
2026,2111,Men,vdot,Mile,Distance,65.15,2026-03-08,800m,Distance,69.88,2026-04-11,703.0,4.73
2026,31193,Women,vdot,200m,Sprints,76.2,2026-02-20,100m,Sprints,80.4,2026-03-20,817.0,4.2
2026,19411,Men,vdot,800m,Distance,69.07,2026-01-30,800m,Distance,72.5,2026-03-28,795.0,3.43
2026,29819,Men,vdot,200m,Sprints,86.28,2026-02-14,100m,Sprints,94.38,2026-03-28,777.0,8.1
2026,27524,Women,vdot,800m,Distance,55.98,2026-02-07,1500m,Distance,54.03,2026-03-20,758.0,-1.95
2026,24914,Men,vdot,800m,Distance,73.85,2026-01-17,800m,Distance,74.48,2026-03-20,863.0,0.63
2026,31308,Men,vdot,400m,Sprints,81.23,2026-02-20,400m Hurdles,Hurdles,73.1,2026-03-15,803.0,-8.13
2026,26507,Men,vdot,3000m,Distance,63.82,2026-01-17,1500m,Distance,67.21,2026-03-28,751.0,3.39
2026,24625,Women,vdot,200m,Sprints,75.82,2026-01-17,400m,Sprints,68.25,2026-03-28,822.0,-7.57
2026,27101,Women,vdot,5000m,Distance,53.06,2026-01-30,800m,Distance,56.34,2026-03-28,727.0,3.28
2026,25139,Women,vdot,3000m,Distance,49.51,2026-02-07,5000m,Distance,53.09,2026-04-11,750.0,3.58
2026,24572,Women,vdot,200m,Sprints,81.77,2026-02-15,100m,Sprints,85.18,2026-03-20,925.0,3.41
2026,3843,Men,vdot,200m,Sprints,93.17,2026-01-23,100m,Sprints,95.34,2026-03-28,803.0,2.17
2026,8146,Men,vdot,3000m,Distance,67.33,2026-02-07,5000m,Distance,70.85,2026-04-10,851.0,3.52
2026,567,Women,vdot,Mile,Distance,54.87,2026-01-30,3000m,Distance,55.11,2026-03-21,808.0,0.24
2026,24946,Women,vdot,200m,Sprints,78.16,2026-02-15,200m,Sprints,78.71,2026-04-11,811.0,0.55
2026,28355,Women,vdot,Mile,Distance,52.33,2026-01-30,800m,Distance,54.74,2026-03-06,675.0,2.41
2026,20764,Women,vdot,Mile,Distance,54.02,2026-01-31,800m,Distance,58.65,2026-03-20,799.0,4.63
2026,24434,Men,vdot,400m,Sprints,86.85,2026-03-08,400m,Sprints,86.03,2026-04-11,858.0,-0.82
2026,26947,Women,vdot,Mile,Distance,54.42,2026-01-23,800m,Distance,59.17,2026-03-28,815.0,4.75
2026,2380,Women,vdot,3000m,Distance,54.72,2026-02-15,5000m,Distance,54.98,2026-03-15,803.0,0.26
2026,31182,Women,vdot,200m,Sprints,77.22,2026-02-20,100m,Sprints,81.91,2026-03-20,852.0,4.69
2026,22588,Men,vdot,Mile,Distance,67.49,2026-01-30,1500m,Distance,67.49,2026-03-06,761.0,0.0
2026,3710,Men,vdot,200m,Sprints,88.16,2026-01-24,200m,Sprints,87.25,2026-03-28,628.0,-0.91
2026,3871,Men,vdot,200m,Sprints,92.16,2026-01-23,100m,Sprints,95.44,2026-03-28,805.0,3.28
2026,26873,Women,vdot,Mile,Distance,51.55,2026-01-17,1500m,Distance,53.89,2026-03-28,753.0,2.34
2026,4073,Men,vdot,200m,Sprints,94.71,2025-12-07,200m,Sprints,98.23,2026-03-21,899.0,3.52
2026,2193,Men,vdot,3000m,Distance,65.65,2026-02-07,5000m,Distance,69.94,2026-04-11,821.0,4.29
2026,570,Women,vdot,3000m,Distance,52.91,2026-02-28,5000m,Distance,53.62,2026-04-11,765.0,0.71
2026,2855,Men,vdot,3000m,Distance,67.02,2026-01-23,1500m,Distance,69.04,2026-03-28,816.0,2.02
2026,3179,Women,vdot,Mile,Distance,54.09,2026-03-08,5000m,Distance,55.2,2026-04-11,810.0,1.11
2026,135,Men,vdot,800m,Distance,72.42,2026-02-14,800m,Distance,72.45,2026-03-28,793.0,0.03
2026,19505,Women,vdot,Mile,Distance,54.57,2026-01-31,5000m,Distance,56.94,2026-04-10,857.0,2.37
2026,1945,Women,vdot,Mile,Distance,56.1,2025-12-05,800m,Distance,61.05,2026-03-28,872.0,4.95
2026,29636,Men,vdot,400m,Sprints,86.1,2025-12-05,400m,Sprints,87.54,2026-04-11,900.0,1.44
2026,2258,Men,vdot,3000m,Distance,68.4,2026-01-31,1500m,Distance,69.9,2026-04-11,847.0,1.5
2026,2896,Men,vdot,800m,Distance,75.03,2026-02-15,1500m,Distance,68.83,2026-03-07,809.0,-6.2
2026,3719,Men,vdot,200m,Sprints,92.26,2026-01-24,100m,Sprints,96.86,2026-03-20,842.0,4.6
2026,24602,Women,vdot,400m,Sprints,66.19,2026-02-07,200m,Sprints,75.17,2026-03-20,728.0,8.98
2026,1686,Women,vdot,5000m,Distance,55.82,2026-01-24,1500m,Distance,57.21,2026-04-03,856.0,1.39
2026,24949,Women,vdot,800m,Distance,57.1,2025-12-06,200m,Sprints,73.61,2026-04-03,690.0,16.51
2026,130,Men,vdot,3000m,Distance,65.94,2026-01-24,3000m Steeplechase,Distance,58.63,2026-04-11,754.0,-7.31
2026,31227,Men,vdot,Mile,Distance,67.28,2026-02-19,Mile,Distance,67.6,2026-05-01,762.0,0.32
2026,5234,Men,vdot,200m,Sprints,92.91,2026-02-14,200m,Sprints,97.07,2026-03-21,871.0,4.16
2026,29851,Women,vdot,3000m,Distance,52.44,2026-02-14,3000m,Distance,53.82,2026-03-21,770.0,1.38
2026,29877,Men,vdot,400m,Sprints,84.61,2026-02-14,400m,Sprints,84.29,2026-04-11,809.0,-0.32
2026,26874,Women,vdot,Mile,Distance,49.76,2026-01-30,event_18,Distance,52.02,2026-03-28,756.0,2.26
2026,30384,Women,vdot,200m,Sprints,70.16,2026-03-06,200m,Sprints,75.2,2026-03-28,728.0,5.04
2026,31202,Women,vdot,800m,Distance,56.9,2026-02-20,800m,Distance,60.68,2026-03-20,861.0,3.78
2026,26139,Men,vdot,200m,Sprints,94.04,2026-03-08,200m,Sprints,92.61,2026-04-11,762.0,-1.43
2026,530,Men,vdot,800m,Distance,72.7,2026-02-06,800m,Distance,72.37,2026-04-11,790.0,-0.33
2026,19449,Women,vdot,5000m,Distance,48.94,2026-02-21,1500m,Distance,54.7,2026-04-03,779.0,5.76
2026,420,Men,vdot,Mile,Distance,65.61,2026-01-30,800m,Distance,71.34,2026-04-03,754.0,5.73
