metric,year,athlete_id,gender,pair_label,indoor_event,outdoor_event,indoor_opener_date,outdoor_opener_date,indoor_score,outdoor_score,outdoor_wa,delta_outdoor_minus_indoor,outdoor_higher,n_indoor_meets,n_outdoor_meets
mercier,2024,1522,Men,5000m → 5000m,5000m,5000m,2024-01-14,2024-03-16,657.0,676.0,817.0,19.0,True,2,2
mercier,2024,363,Men,800m → 800m,800m,800m,2024-01-19,2024-03-30,555.0,671.0,801.0,116.0,True,2,5
mercier,2024,1552,Men,800m → 800m,800m,800m,2024-01-19,2024-03-22,520.0,672.0,802.0,152.0,True,2,6
mercier,2024,3762,Men,800m → 800m,800m,800m,2024-01-20,2024-04-13,639.0,670.0,799.0,31.0,True,2,2
mercier,2024,18,Men,800m → 800m,800m,800m,2024-01-20,2024-04-26,519.0,691.0,831.0,172.0,True,3,2
mercier,2024,1989,Men,3000m → 5000m,3000m,5000m,2024-01-20,2024-04-06,672.0,683.0,827.0,11.0,True,4,2
mercier,2024,3,Men,3000m → 5000m,3000m,5000m,2024-01-27,2024-04-06,595.0,645.0,773.0,50.0,True,3,2
mercier,2024,4014,Men,800m → 800m,800m,800m,2024-02-02,2024-03-16,722.0,731.0,888.0,9.0,True,3,2
mercier,2024,451,Men,3000m → 5000m,3000m,5000m,2024-02-02,2024-03-22,619.0,684.0,828.0,65.0,True,2,4
mercier,2024,451,Men,5000m → 5000m,5000m,5000m,2024-02-02,2024-03-22,618.0,684.0,828.0,66.0,True,2,4
mercier,2024,123,Men,Mile → 1500m,Mile,1500m,2024-02-03,2024-03-22,664.0,627.0,764.0,-37.0,False,3,3
mercier,2024,676,Men,Mile → 1500m,Mile,1500m,2024-02-10,2024-03-16,580.0,639.0,781.0,59.0,True,2,4
mercier,2024,3809,Men,200m → 200m,200m,200m,2024-01-20,2024-04-06,560.0,624.0,787.0,64.0,True,4,2
mercier,2024,2193,Men,Mile → 1500m,Mile,1500m,2024-02-10,2024-03-30,619.0,660.0,811.0,41.0,True,3,4
mercier,2024,2499,Women,5000m → 5000m,5000m,5000m,2024-01-13,2024-03-16,654.0,676.0,866.0,22.0,True,3,3
mercier,2024,404,Women,Mile → 1500m,Mile,1500m,2024-01-26,2024-04-13,677.0,617.0,796.0,-60.0,False,2,2
mercier,2024,1930,Women,Mile → 1500m,Mile,1500m,2024-01-26,2024-03-30,615.0,583.0,751.0,-32.0,False,2,2
mercier,2024,1928,Women,800m → 800m,800m,800m,2024-01-26,2024-03-30,687.0,623.0,788.0,-64.0,False,3,2
mercier,2024,65,Women,5000m → 5000m,5000m,5000m,2024-01-27,2024-03-22,551.0,598.0,769.0,47.0,True,3,2
mercier,2024,567,Women,3000m → 5000m,3000m,5000m,2024-02-03,2024-03-23,571.0,593.0,763.0,22.0,True,3,2
mercier,2024,282,Women,3000m → 5000m,3000m,5000m,2024-02-02,2024-04-06,582.0,611.0,786.0,29.0,True,2,2
mercier,2024,4410,Men,High Jump → High Jump,High Jump,High Jump,2024-02-10,2024-03-30,586.0,634.0,810.0,48.0,True,3,2
mercier,2024,4623,Men,200m → 200m,200m,200m,2024-02-17,2024-04-13,617.0,633.0,798.0,16.0,True,2,4
mercier,2024,3566,Women,High Jump → High Jump,High Jump,High Jump,2023-12-02,2024-03-22,685.0,685.0,820.0,0.0,False,6,4
mercier,2024,3515,Men,Triple Jump → Triple Jump,Triple Jump,Triple Jump,2023-12-01,2024-04-06,600.0,603.0,819.0,3.0,True,2,2
mercier,2024,3694,Men,High Jump → High Jump,High Jump,High Jump,2023-12-09,2024-03-16,657.0,719.0,905.0,62.0,True,4,7
mercier,2024,3763,Men,Long Jump → Long Jump,Long Jump,Long Jump,2024-01-20,2024-04-13,545.0,608.0,822.0,63.0,True,2,2
mercier,2024,3900,Men,High Jump → High Jump,High Jump,High Jump,2024-01-26,2024-04-13,562.0,626.0,801.0,64.0,True,3,4
mercier,2024,3929,Men,Long Jump → Long Jump,Long Jump,Long Jump,2024-01-27,2024-04-21,521.0,568.0,782.0,47.0,True,3,2
mercier,2024,3985,Men,Long Jump → Long Jump,Long Jump,Long Jump,2024-01-27,2024-03-30,606.0,608.0,822.0,2.0,True,3,2
mercier,2024,4043,Men,Long Jump → Long Jump,Long Jump,Long Jump,2024-02-03,2024-04-06,545.0,543.0,756.0,-2.0,False,2,2
mercier,2024,4419,Men,Long Jump → Long Jump,Long Jump,Long Jump,2024-02-10,2024-04-06,513.0,562.0,775.0,49.0,True,3,3
mercier,2024,4444,Men,Long Jump → Long Jump,Long Jump,Long Jump,2024-02-10,2024-04-19,566.0,551.0,765.0,-15.0,False,2,2
mercier,2024,3664,Women,Triple Jump → Triple Jump,Triple Jump,Triple Jump,2023-12-09,2024-04-06,612.0,642.0,810.0,30.0,True,3,2
mercier,2024,3717,Women,Long Jump → Long Jump,Long Jump,Long Jump,2024-01-13,2024-03-30,752.0,745.0,947.0,-7.0,False,2,5
mercier,2024,3966,Women,High Jump → High Jump,High Jump,High Jump,2024-01-27,2024-03-22,525.0,646.0,773.0,121.0,True,2,3
mercier,2024,4018,Women,Long Jump → Long Jump,Long Jump,Long Jump,2024-02-03,2024-04-13,638.0,593.0,786.0,-45.0,False,3,2
mercier,2024,4290,Women,Long Jump → Long Jump,Long Jump,Long Jump,2024-02-10,2024-04-06,516.0,605.0,798.0,89.0,True,4,3
mercier,2024,4268,Women,Long Jump → Long Jump,Long Jump,Long Jump,2024-02-10,2024-04-06,494.0,586.0,779.0,92.0,True,2,2
mercier,2024,3513,Men,200m → 200m,200m,200m,2023-12-01,2024-04-06,486.0,655.0,825.0,169.0,True,2,2
mercier,2024,3622,Men,200m → 200m,200m,200m,2023-12-08,2024-04-13,628.0,687.0,866.0,59.0,True,7,3
mercier,2024,3690,Men,200m → 200m,200m,200m,2023-12-09,2024-03-16,540.0,661.0,833.0,121.0,True,5,5
mercier,2024,3698,Men,200m → 200m,200m,200m,2023-12-09,2024-03-16,587.0,605.0,763.0,18.0,True,3,6
mercier,2024,3843,Men,200m → 200m,200m,200m,2024-01-20,2024-03-30,620.0,727.0,916.0,107.0,True,3,3
mercier,2024,3871,Men,200m → 200m,200m,200m,2024-01-26,2024-03-30,603.0,659.0,831.0,56.0,True,2,2
mercier,2024,3899,Men,200m → 200m,200m,200m,2024-01-26,2024-04-25,503.0,609.0,768.0,106.0,True,5,2
mercier,2024,3996,Men,200m → 200m,200m,200m,2024-01-27,2024-03-22,509.0,616.0,777.0,107.0,True,3,3
mercier,2024,3532,Women,400m → 400m,400m,400m,2023-12-02,2024-04-06,577.0,608.0,777.0,31.0,True,5,3
mercier,2024,3658,Women,200m → 200m,200m,200m,2023-12-09,2024-03-16,582.0,684.0,877.0,102.0,True,3,2
mercier,2024,3650,Women,200m → 200m,200m,200m,2023-12-09,2024-03-16,556.0,615.0,792.0,59.0,True,4,6
mercier,2024,3650,Women,400m → 400m,400m,400m,2023-12-09,2024-03-16,630.0,665.0,850.0,35.0,True,4,6
mercier,2024,3972,Women,200m → 200m,200m,200m,2024-01-27,2024-03-22,556.0,614.0,790.0,58.0,True,2,3
mercier,2024,4016,Women,200m → 200m,200m,200m,2024-02-03,2024-04-06,595.0,647.0,831.0,52.0,True,3,3
mercier,2024,4016,Women,400m → 400m,400m,400m,2024-02-03,2024-04-06,603.0,607.0,776.0,4.0,True,3,3
mercier,2024,3692,Men,Shot Put → Shot Put,Shot Put,Shot Put,2023-12-09,2024-03-16,670.0,680.0,789.0,10.0,True,4,6
mercier,2025,2193,Men,3000m → 5000m,3000m,5000m,2025-02-15,2025-03-28,624.0,646.0,773.0,22.0,True,3,2
mercier,2025,4910,Men,Mile → 1500m,Mile,1500m,2025-01-18,2025-03-28,617.0,645.0,790.0,28.0,True,5,2
mercier,2025,24637,Men,800m → 800m,800m,800m,2025-01-18,2025-03-28,589.0,641.0,758.0,52.0,True,5,2
mercier,2025,382,Men,Mile → 1500m,Mile,1500m,2025-02-01,2025-04-05,610.0,646.0,792.0,36.0,True,4,4
mercier,2025,8038,Men,Mile → 1500m,Mile,1500m,2025-02-15,2025-03-29,516.0,635.0,775.0,119.0,True,2,2
mercier,2025,2492,Men,Mile → 1500m,Mile,1500m,2025-01-25,2025-03-14,605.0,672.0,828.0,67.0,True,2,3
mercier,2025,18726,Women,Mile → 1500m,Mile,1500m,2025-02-22,2025-03-21,638.0,611.0,788.0,-27.0,False,2,2
mercier,2025,577,Women,Mile → 1500m,Mile,1500m,2025-02-07,2025-03-22,568.0,609.0,786.0,41.0,True,3,3
mercier,2025,570,Women,3000m → 5000m,3000m,5000m,2025-02-07,2025-03-22,593.0,617.0,793.0,24.0,True,3,2
mercier,2025,3532,Women,400m → 400m,400m,400m,2024-12-08,2025-03-22,553.0,600.0,767.0,47.0,True,4,3
mercier,2025,4655,Women,Mile → 1500m,Mile,1500m,2025-01-25,2025-03-14,550.0,582.0,750.0,32.0,True,2,2
mercier,2025,24614,Men,Long Jump → Long Jump,Long Jump,Long Jump,2025-01-18,2025-03-29,467.0,558.0,771.0,91.0,True,2,2
mercier,2025,24614,Men,High Jump → High Jump,High Jump,High Jump,2025-01-18,2025-03-29,538.0,594.0,766.0,56.0,True,2,2
mercier,2025,4143,Men,High Jump → High Jump,High Jump,High Jump,2025-01-18,2025-03-28,522.0,602.0,775.0,80.0,True,3,2
mercier,2025,3845,Men,Long Jump → Long Jump,Long Jump,Long Jump,2025-01-31,2025-03-29,480.0,562.0,775.0,82.0,True,2,2
mercier,2025,24577,Men,Long Jump → Long Jump,Long Jump,Long Jump,2024-12-14,2025-03-22,562.0,574.0,788.0,12.0,True,4,4
mercier,2025,24578,Men,Triple Jump → Triple Jump,Triple Jump,Triple Jump,2024-12-14,2025-03-22,512.0,537.0,751.0,25.0,True,5,4
mercier,2025,3541,Men,200m → 200m,200m,200m,2024-12-08,2025-03-22,590.0,662.0,834.0,72.0,True,4,2
mercier,2025,5250,Men,Long Jump → Long Jump,Long Jump,Long Jump,2025-02-07,2025-03-22,414.0,555.0,769.0,141.0,True,2,3
mercier,2025,5250,Men,Triple Jump → Triple Jump,Triple Jump,Triple Jump,2025-02-07,2025-03-22,482.0,565.0,779.0,83.0,True,2,3
mercier,2025,5246,Men,200m → 200m,200m,200m,2025-02-07,2025-03-22,624.0,732.0,923.0,108.0,True,2,3
mercier,2025,25136,Women,200m → 200m,200m,200m,2025-02-22,2025-03-28,570.0,616.0,794.0,46.0,True,2,2
mercier,2025,24411,Women,200m → 200m,200m,200m,2024-12-06,2025-03-29,640.0,694.0,888.0,54.0,True,4,2
mercier,2025,3657,Women,Triple Jump → Triple Jump,Triple Jump,Triple Jump,2024-12-14,2025-03-29,561.0,598.0,765.0,37.0,True,5,3
mercier,2025,24391,Men,200m → 200m,200m,200m,2024-12-07,2025-03-28,620.0,702.0,885.0,82.0,True,3,2
mercier,2025,24984,Men,200m → 200m,200m,200m,2025-02-08,2025-03-28,513.0,641.0,809.0,128.0,True,4,2
mercier,2025,4944,Men,200m → 200m,200m,200m,2025-02-01,2025-04-05,587.0,673.0,849.0,86.0,True,4,4
mercier,2025,24580,Men,200m → 200m,200m,200m,2024-12-14,2025-03-22,636.0,699.0,881.0,63.0,True,6,4
mercier,2025,24434,Men,400m → 400m,400m,400m,2024-12-07,2025-03-22,581.0,621.0,751.0,40.0,True,2,2
mercier,2025,4073,Men,200m → 200m,200m,200m,2024-12-08,2025-03-29,603.0,632.0,797.0,29.0,True,3,3
mercier,2025,24581,Men,200m → 200m,200m,200m,2024-12-14,2025-03-29,612.0,630.0,795.0,18.0,True,3,3
mercier,2025,4393,Men,200m → 200m,200m,200m,2025-01-18,2025-03-29,574.0,718.0,905.0,144.0,True,3,2
mercier,2025,25023,Men,200m → 200m,200m,200m,2025-02-07,2025-03-22,583.0,648.0,818.0,65.0,True,2,2
mercier,2025,3796,Women,200m → 200m,200m,200m,2025-01-25,2025-03-28,588.0,636.0,818.0,48.0,True,5,2
mercier,2025,3706,Men,Shot Put → Shot Put,Shot Put,Shot Put,2024-12-14,2025-03-22,658.0,670.0,777.0,12.0,True,3,4
mercier,2026,24914,Men,800m → 800m,800m,800m,2026-01-17,2026-03-20,699.0,714.0,863.0,15.0,True,2,3
mercier,2026,29607,Men,400m → 400m,400m,400m,2026-01-17,2026-03-20,600.0,644.0,785.0,44.0,True,2,3
mercier,2026,4910,Men,Mile → 1500m,Mile,1500m,2026-01-17,2026-03-28,550.0,674.0,831.0,124.0,True,4,2
mercier,2026,7975,Men,3000m → 5000m,3000m,5000m,2026-01-17,2026-03-28,636.0,677.0,819.0,41.0,True,5,2
mercier,2026,27299,Men,Mile → 1500m,Mile,1500m,2025-12-05,2026-03-28,612.0,634.0,775.0,22.0,True,5,3
mercier,2026,666,Men,3000m → 5000m,3000m,5000m,2026-01-23,2026-03-07,726.0,656.0,789.0,-70.0,False,3,3
mercier,2026,2003,Men,Mile → 1500m,Mile,1500m,2026-01-23,2026-04-03,676.0,705.0,874.0,29.0,True,2,2
mercier,2026,2855,Men,3000m → 5000m,3000m,5000m,2026-01-23,2026-03-28,616.0,635.0,758.0,19.0,True,2,2
mercier,2026,673,Men,3000m → 5000m,3000m,5000m,2026-01-23,2026-03-21,670.0,639.0,764.0,-31.0,False,3,3
mercier,2026,28312,Men,800m → 800m,800m,800m,2026-01-23,2026-03-21,728.0,715.0,865.0,-13.0,False,2,3
mercier,2026,1715,Men,Mile → 1500m,Mile,1500m,2026-01-30,2026-03-28,696.0,666.0,820.0,-30.0,False,2,2
mercier,2026,29751,Men,800m → 800m,800m,800m,2026-01-31,2026-03-20,594.0,675.0,807.0,81.0,True,2,3
mercier,2026,135,Men,800m → 800m,800m,800m,2026-02-14,2026-03-28,665.0,666.0,793.0,1.0,True,2,2
mercier,2026,135,Men,Mile → 1500m,Mile,1500m,2026-02-14,2026-03-28,691.0,712.0,885.0,21.0,True,2,2
mercier,2026,8038,Men,Mile → 1500m,Mile,1500m,2026-02-14,2026-03-28,596.0,704.0,874.0,108.0,True,2,3
mercier,2026,8038,Men,3000m → 5000m,3000m,5000m,2026-02-14,2026-03-28,583.0,657.0,789.0,74.0,True,2,3
mercier,2026,23472,Men,Mile → 1500m,Mile,1500m,2026-02-14,2026-03-28,618.0,662.0,814.0,44.0,True,2,2
mercier,2026,24949,Women,800m → 800m,800m,800m,2025-12-06,2026-04-03,596.0,606.0,765.0,10.0,True,5,2
mercier,2026,26947,Women,Mile → 1500m,Mile,1500m,2026-01-23,2026-03-28,601.0,663.0,856.0,62.0,True,5,3
mercier,2026,26873,Women,Mile → 1500m,Mile,1500m,2026-01-17,2026-03-28,532.0,585.0,753.0,53.0,True,3,2
mercier,2026,26944,Women,Mile → 1500m,Mile,1500m,2025-12-05,2026-04-03,710.0,713.0,919.0,3.0,True,2,3
mercier,2026,26946,Women,Mile → 1500m,Mile,1500m,2025-12-05,2026-03-28,631.0,629.0,811.0,-2.0,False,4,4
mercier,2026,1930,Women,Mile → 1500m,Mile,1500m,2026-01-23,2026-03-28,619.0,614.0,792.0,-5.0,False,3,2
mercier,2026,18922,Women,3000m → 5000m,3000m,5000m,2026-01-23,2026-03-21,648.0,661.0,848.0,13.0,True,3,3
mercier,2026,29712,Women,800m → 800m,800m,800m,2026-01-30,2026-03-20,526.0,605.0,763.0,79.0,True,3,3
mercier,2026,20764,Women,Mile → 1500m,Mile,1500m,2026-01-31,2026-03-20,591.0,628.0,810.0,37.0,True,2,3
mercier,2026,27524,Women,Mile → 1500m,Mile,1500m,2026-02-07,2026-03-20,559.0,588.0,758.0,29.0,True,2,3
mercier,2026,231,Women,3000m → 5000m,3000m,5000m,2026-02-14,2026-03-28,588.0,594.0,765.0,6.0,True,2,2
mercier,2026,231,Women,5000m → 5000m,5000m,5000m,2026-02-14,2026-03-28,610.0,594.0,765.0,-16.0,False,2,2
mercier,2026,24415,Men,200m → 200m,200m,200m,2025-12-05,2026-03-28,672.0,653.0,823.0,-19.0,False,5,3
mercier,2026,3694,Men,High Jump → High Jump,High Jump,High Jump,2025-12-06,2026-03-20,756.0,641.0,818.0,-115.0,False,5,4
mercier,2026,24605,Women,High Jump → High Jump,High Jump,High Jump,2025-12-06,2026-03-20,685.0,685.0,820.0,0.0,False,5,3
mercier,2026,3710,Men,Long Jump → Long Jump,Long Jump,Long Jump,2025-12-06,2026-03-20,425.0,620.0,835.0,195.0,True,5,3
mercier,2026,3710,Men,Triple Jump → Triple Jump,Triple Jump,Triple Jump,2025-12-06,2026-03-20,503.0,576.0,791.0,73.0,True,5,3
mercier,2026,29669,Men,400m → 400m,400m,400m,2026-01-17,2026-03-20,696.0,751.0,935.0,55.0,True,4,2
mercier,2026,29817,Men,200m → 200m,200m,200m,2026-02-14,2026-03-28,517.0,656.0,827.0,139.0,True,2,2
mercier,2026,3522,Men,200m → 200m,200m,200m,2026-01-17,2026-03-20,587.0,698.0,879.0,111.0,True,2,2
mercier,2026,3522,Men,400m → 400m,400m,400m,2026-01-17,2026-03-20,620.0,681.0,837.0,61.0,True,2,2
mercier,2026,5246,Men,200m → 200m,200m,200m,2026-01-23,2026-03-21,637.0,720.0,908.0,83.0,True,3,3
mercier,2026,25878,Men,Long Jump → Long Jump,Long Jump,Long Jump,2026-02-15,2026-03-07,538.0,669.0,886.0,131.0,True,2,2
mercier,2026,24567,Women,Long Jump → Long Jump,Long Jump,Long Jump,2025-12-06,2026-03-20,522.0,559.0,751.0,37.0,True,5,4
mercier,2026,24567,Women,Triple Jump → Triple Jump,Triple Jump,Triple Jump,2025-12-06,2026-03-20,612.0,587.0,754.0,-25.0,False,5,4
mercier,2026,4073,Men,200m → 200m,200m,200m,2025-12-07,2026-03-21,645.0,714.0,899.0,69.0,True,4,2
mercier,2026,29632,Men,200m → 200m,200m,200m,2025-12-05,2026-04-03,640.0,639.0,806.0,-1.0,False,4,2
mercier,2026,29630,Men,200m → 200m,200m,200m,2025-12-05,2026-03-28,572.0,602.0,759.0,30.0,True,5,3
mercier,2026,29660,Men,200m → 200m,200m,200m,2026-01-23,2026-03-28,638.0,690.0,870.0,52.0,True,2,2
mercier,2026,3719,Men,200m → 200m,200m,200m,2026-01-24,2026-03-20,597.0,630.0,795.0,33.0,True,2,4
mercier,2026,29696,Men,400m → 400m,400m,400m,2026-01-23,2026-03-27,621.0,632.0,768.0,11.0,True,2,2
mercier,2026,24676,Men,200m → 200m,200m,200m,2026-01-30,2026-03-20,575.0,655.0,825.0,80.0,True,2,3
mercier,2026,24676,Men,400m → 400m,400m,400m,2026-01-30,2026-03-20,640.0,672.0,823.0,32.0,True,2,3
mercier,2026,24670,Men,200m → 200m,200m,200m,2026-02-07,2026-03-20,554.0,615.0,776.0,61.0,True,2,3
mercier,2026,29818,Men,200m → 200m,200m,200m,2026-02-14,2026-03-28,601.0,674.0,850.0,73.0,True,2,2
mercier,2026,29644,Women,400m → 400m,400m,400m,2026-01-23,2026-04-03,628.0,671.0,858.0,43.0,True,5,2
mercier,2026,24625,Women,400m → 400m,400m,400m,2026-01-17,2026-03-28,544.0,642.0,822.0,98.0,True,3,2
mercier,2026,24687,Women,200m → 200m,200m,200m,2026-02-14,2026-03-28,629.0,647.0,832.0,18.0,True,2,2
mercier,2026,3692,Men,Shot Put → Shot Put,Shot Put,Shot Put,2025-12-06,2026-03-20,653.0,652.0,755.0,-1.0,False,3,4
mercier,2026,3706,Men,Shot Put → Shot Put,Shot Put,Shot Put,2026-01-24,2026-03-20,631.0,649.0,752.0,18.0,True,2,4
