year,athlete_id,gender,metric,outdoor_first_event,outdoor_first_group,outdoor_first_score,outdoor_first_date,outdoor_first_wa
2024,3622,Men,mercier,200m,Sprints,687.0,2024-04-13,866.0
2024,4268,Women,mercier,Long Jump,Jumps,586.0,2024-04-06,779.0
2024,4290,Women,mercier,Long Jump,Jumps,605.0,2024-04-06,798.0
2024,3723,Men,mercier,200m,Sprints,706.0,2024-03-30,890.0
2024,976,Women,mercier,400m,Sprints,598.0,2024-04-06,765.0
2024,4018,Women,mercier,Long Jump,Jumps,593.0,2024-04-13,786.0
2024,3763,Men,mercier,Long Jump,Jumps,608.0,2024-04-13,822.0
2024,3996,Men,mercier,200m,Sprints,616.0,2024-03-22,777.0
2024,3,Men,mercier,5000m,Distance,645.0,2024-04-06,773.0
2024,3861,Men,mercier,800m,Distance,642.0,2024-03-30,758.0
2024,3269,Men,mercier,800m,Distance,660.0,2024-04-06,785.0
2024,1715,Men,mercier,800m,Distance,640.0,2024-04-06,755.0
2024,3972,Women,mercier,200m,Sprints,614.0,2024-03-22,790.0
2024,3928,Men,mercier,100m,Sprints,715.0,2024-04-12,928.0
2024,3740,Women,mercier,5000m,Distance,625.0,2024-03-16,803.0
2024,4265,Women,mercier,100m,Sprints,639.0,2024-04-06,867.0
2024,3630,Men,mercier,100m,Sprints,591.0,2024-04-12,780.0
2024,3983,Men,mercier,200m,Sprints,656.0,2024-03-22,827.0
2024,4441,Men,mercier,High Jump,Jumps,586.0,2024-03-16,758.0
2024,1999,Men,mercier,5000m,Distance,641.0,2024-04-06,768.0
2024,3642,Men,mercier,100m,Sprints,645.0,2024-03-22,845.0
2024,4259,Women,mercier,Long Jump,Jumps,655.0,2024-03-16,850.0
2024,4083,Men,mercier,100m,Sprints,586.0,2024-04-13,775.0
2024,3664,Women,mercier,Triple Jump,Jumps,642.0,2024-04-06,810.0
2024,676,Men,mercier,1500m,Distance,639.0,2024-03-16,781.0
2024,4242,Women,mercier,100m,Sprints,672.0,2024-03-30,902.0
2024,4292,Women,mercier,5000m,Distance,586.0,2024-04-06,754.0
2024,1929,Women,mercier,1500m,Distance,594.0,2024-04-06,765.0
2024,1945,Women,mercier,400m,Sprints,589.0,2024-04-06,752.0
2024,3719,Men,mercier,200m,Sprints,689.0,2024-03-30,869.0
2024,3359,Women,mercier,3000m,Distance,593.0,2024-03-16,750.0
2024,4410,Men,mercier,High Jump,Jumps,634.0,2024-03-30,810.0
2024,3692,Men,mercier,Shot Put,Throws,680.0,2024-03-16,789.0
2024,505,Men,mercier,5000m,Distance,687.0,2024-04-06,831.0
2024,4056,Men,mercier,800m,Distance,659.0,2024-03-16,783.0
2024,4509,Men,mercier,200m,Sprints,670.0,2024-04-06,845.0
2024,3796,Women,mercier,200m,Sprints,618.0,2024-04-06,796.0
2024,3581,Women,mercier,200m,Sprints,584.0,2024-03-23,753.0
2024,825,Women,mercier,3000m Steeplechase,Distance,617.0,2024-04-21,789.0
2024,3623,Men,mercier,400m Hurdles,Hurdles,636.0,2024-04-13,776.0
2024,65,Women,mercier,5000m,Distance,598.0,2024-03-22,769.0
2024,4112,Men,mercier,400m,Sprints,643.0,2024-03-30,782.0
2024,2858,Men,mercier,800m,Distance,667.0,2024-03-30,794.0
2024,4260,Women,mercier,Triple Jump,Jumps,602.0,2024-03-22,769.0
2024,4419,Men,mercier,Long Jump,Jumps,562.0,2024-04-06,775.0
2024,1998,Men,mercier,3000m Steeplechase,Distance,643.0,2024-03-30,809.0
2024,3899,Men,mercier,200m,Sprints,609.0,2024-04-25,768.0
2024,231,Women,mercier,event_18,Distance,648.0,2024-03-22,817.0
2024,4870,Men,mercier,Shot Put,Throws,668.0,2024-04-06,774.0
2024,3841,Men,mercier,400m,Sprints,622.0,2024-03-30,753.0
2024,809,Women,mercier,800m,Distance,605.0,2024-04-14,763.0
2024,666,Men,mercier,800m,Distance,678.0,2024-03-16,812.0
2024,1020,Women,mercier,1500m,Distance,604.0,2024-03-30,780.0
2024,3929,Men,mercier,Long Jump,Jumps,568.0,2024-04-21,782.0
2024,1928,Women,mercier,800m,Distance,623.0,2024-03-30,788.0
2024,2950,Men,mercier,800m,Distance,661.0,2024-03-16,786.0
2024,3658,Women,mercier,200m,Sprints,684.0,2024-03-16,877.0
2024,1989,Men,mercier,5000m,Distance,683.0,2024-04-06,827.0
2024,282,Women,mercier,5000m,Distance,611.0,2024-04-06,786.0
2024,3393,Men,mercier,800m,Distance,634.0,2024-03-16,747.0
2024,4462,Men,mercier,Long Jump,Jumps,637.0,2024-04-06,852.0
2024,3753,Women,mercier,200m,Sprints,577.0,2024-04-13,744.0
2024,607,Women,mercier,1500m,Distance,623.0,2024-03-23,804.0
2024,2499,Women,mercier,5000m,Distance,676.0,2024-03-16,866.0
2024,4405,Men,mercier,100m,Sprints,685.0,2024-03-30,892.0
2024,451,Men,mercier,5000m,Distance,684.0,2024-03-22,828.0
2024,3896,Men,mercier,200m,Sprints,643.0,2024-04-13,811.0
2024,2111,Men,mercier,1500m,Distance,623.0,2024-04-21,759.0
2024,1552,Men,mercier,800m,Distance,672.0,2024-03-22,802.0
2024,3843,Men,mercier,200m,Sprints,727.0,2024-03-30,916.0
2024,567,Women,mercier,5000m,Distance,593.0,2024-03-23,763.0
2024,4413,Men,mercier,100m,Sprints,602.0,2024-03-30,794.0
2024,3690,Men,mercier,200m,Sprints,661.0,2024-03-16,833.0
2024,3701,Men,mercier,200m,Sprints,604.0,2024-03-16,762.0
2024,2860,Men,mercier,800m,Distance,673.0,2024-03-30,804.0
2024,3793,Women,mercier,Triple Jump,Jumps,740.0,2024-04-06,912.0
2024,2855,Men,mercier,1500m,Distance,649.0,2024-03-30,796.0
2024,3633,Men,mercier,1500m,Distance,624.0,2024-04-12,760.0
2024,3694,Men,mercier,High Jump,Jumps,719.0,2024-03-16,905.0
2024,4177,Women,mercier,Long Jump,Jumps,618.0,2024-04-06,811.0
2024,1815,Men,mercier,5000m,Distance,651.0,2024-04-06,781.0
2024,4620,Men,mercier,110m Hurdles,Hurdles,730.0,2024-04-25,890.0
2024,4043,Men,mercier,Long Jump,Jumps,543.0,2024-04-06,756.0
2024,466,Men,mercier,1500m,Distance,678.0,2024-03-15,837.0
2024,4341,Men,mercier,100m,Sprints,588.0,2024-04-20,777.0
2024,3532,Women,mercier,400m,Sprints,608.0,2024-04-06,777.0
2024,3717,Women,mercier,Triple Jump,Jumps,761.0,2024-03-30,935.0
2024,3900,Men,mercier,High Jump,Jumps,626.0,2024-04-13,801.0
2024,4017,Women,mercier,100m,Sprints,585.0,2024-04-13,807.0
2024,2192,Men,mercier,5000m,Distance,629.0,2024-04-20,750.0
2024,4289,Women,mercier,400m,Sprints,610.0,2024-03-22,780.0
2024,2918,Men,mercier,400m,Sprints,628.0,2024-04-20,762.0
2024,145,Men,mercier,1500m,Distance,630.0,2024-03-22,769.0
2024,2003,Men,mercier,800m,Distance,645.0,2024-04-06,763.0
2024,1930,Women,mercier,1500m,Distance,583.0,2024-03-30,751.0
2024,539,Men,mercier,800m,Distance,725.0,2024-04-06,880.0
2024,3809,Men,mercier,100m,Sprints,648.0,2024-04-06,848.0
2024,3689,Men,mercier,100m,Sprints,574.0,2024-03-16,761.0
2024,3650,Women,mercier,400m,Sprints,665.0,2024-03-16,850.0
2024,2108,Men,mercier,1500m,Distance,636.0,2024-04-06,777.0
2024,3762,Men,mercier,800m,Distance,670.0,2024-04-13,799.0
2024,3274,Men,mercier,1500m,Distance,665.0,2024-03-22,819.0
2024,363,Men,mercier,800m,Distance,671.0,2024-03-30,801.0
2024,3926,Men,mercier,100m,Sprints,577.0,2024-04-12,764.0
2024,404,Women,mercier,1500m,Distance,617.0,2024-04-13,796.0
2024,4755,Women,mercier,Triple Jump,Jumps,701.0,2024-04-06,871.0
2024,128,Men,mercier,400m,Sprints,684.0,2024-03-30,841.0
2024,1967,Women,mercier,1500m,Distance,615.0,2024-03-30,793.0
2024,3783,Men,mercier,100m,Sprints,598.0,2024-04-26,789.0
2024,3266,Men,mercier,5000m,Distance,632.0,2024-03-22,754.0
2024,4033,Men,mercier,Triple Jump,Jumps,660.0,2024-04-13,878.0
2024,4162,Women,mercier,200m,Sprints,612.0,2024-04-06,788.0
2024,234,Women,mercier,3000m Steeplechase,Distance,642.0,2024-04-06,820.0
2024,573,Women,mercier,5000m,Distance,586.0,2024-03-23,754.0
2024,568,Women,mercier,5000m,Distance,590.0,2024-03-23,759.0
2024,4623,Men,mercier,400m Hurdles,Hurdles,734.0,2024-04-13,916.0
2024,3862,Women,mercier,800m,Distance,614.0,2024-03-30,775.0
2024,1216,Men,mercier,800m,Distance,684.0,2024-03-16,820.0
2024,2057,Men,mercier,5000m,Distance,652.0,2024-03-22,783.0
2024,4899,Men,mercier,Long Jump,Jumps,572.0,2024-03-16,786.0
2024,4023,Women,mercier,400m Hurdles,Hurdles,663.0,2024-04-06,860.0
2024,3515,Men,mercier,Triple Jump,Jumps,603.0,2024-04-06,819.0
2024,5041,Men,mercier,Long Jump,Jumps,545.0,2024-04-21,759.0
2024,2160,Women,mercier,1500m,Distance,583.0,2024-04-06,751.0
2024,3966,Women,mercier,High Jump,Jumps,646.0,2024-03-22,773.0
2024,18,Men,mercier,800m,Distance,691.0,2024-04-26,831.0
2024,2492,Men,mercier,800m,Distance,657.0,2024-03-22,780.0
2024,3795,Women,mercier,100m,Sprints,608.0,2024-03-22,832.0
2024,3624,Men,mercier,200m,Sprints,669.0,2024-04-13,844.0
2024,3888,Women,mercier,100m,Sprints,567.0,2024-04-13,787.0
2024,3706,Men,mercier,Discus,Throws,698.0,2024-03-16,811.0
2024,1522,Men,mercier,5000m,Distance,676.0,2024-03-16,817.0
2024,583,Women,mercier,5000m,Distance,585.0,2024-04-06,752.0
2024,123,Men,mercier,1500m,Distance,627.0,2024-03-22,764.0
2024,4727,Men,mercier,100m,Sprints,628.0,2024-04-06,825.0
2024,3846,Men,mercier,200m,Sprints,752.0,2024-03-30,947.0
2024,3698,Men,mercier,200m,Sprints,605.0,2024-03-16,763.0
2024,3784,Men,mercier,100m,Sprints,602.0,2024-04-06,794.0
2024,246,Women,mercier,800m,Distance,630.0,2024-03-30,797.0
2024,3518,Men,mercier,200m,Sprints,603.0,2024-04-06,761.0
2024,4147,Men,mercier,200m,Sprints,599.0,2024-04-06,756.0
2024,3743,Men,mercier,800m,Distance,692.0,2024-04-06,831.0
2024,3286,Men,mercier,800m,Distance,648.0,2024-03-08,767.0
2024,678,Men,mercier,800m,Distance,707.0,2024-03-23,853.0
2024,4243,Women,mercier,100m,Sprints,653.0,2024-03-30,882.0
2024,4850,Men,mercier,Discus,Throws,662.0,2024-04-06,765.0
2024,3985,Men,mercier,Long Jump,Jumps,608.0,2024-03-30,822.0
2024,4014,Men,mercier,800m,Distance,731.0,2024-03-16,888.0
2024,3944,Men,mercier,100m,Sprints,595.0,2024-03-22,786.0
2024,4025,Women,mercier,5000m,Distance,623.0,2024-04-12,801.0
2024,4127,Women,mercier,100m,Sprints,570.0,2024-04-06,791.0
2024,4621,Men,mercier,100m,Sprints,715.0,2024-04-06,928.0
2024,3566,Women,mercier,High Jump,Jumps,685.0,2024-03-22,820.0
2024,4522,Men,mercier,200m,Sprints,638.0,2024-04-13,805.0
2024,3513,Men,mercier,200m,Sprints,655.0,2024-04-06,825.0
2024,4073,Men,mercier,200m,Sprints,587.0,2024-03-14,740.0
2024,2193,Men,mercier,1500m,Distance,660.0,2024-03-30,811.0
2024,4016,Women,mercier,200m,Sprints,647.0,2024-04-06,831.0
2024,2896,Men,mercier,800m,Distance,662.0,2024-04-06,787.0
2024,3889,Women,mercier,100m Hurdles,Hurdles,602.0,2024-04-13,823.0
2024,2007,Men,mercier,3000m Steeplechase,Distance,636.0,2024-03-30,799.0
2024,530,Men,mercier,800m,Distance,690.0,2024-04-06,829.0
2024,3871,Men,mercier,200m,Sprints,659.0,2024-03-30,831.0
2025,3578,Men,mercier,400m,Sprints,732.0,2025-03-28,907.0
2025,3533,Women,mercier,200m,Sprints,621.0,2025-04-05,799.0
2025,24984,Men,mercier,200m,Sprints,641.0,2025-03-28,809.0
2025,3848,Women,mercier,100m,Sprints,569.0,2025-03-22,789.0
2025,4475,Men,mercier,100m,Sprints,612.0,2025-03-22,805.0
2025,5246,Men,mercier,200m,Sprints,732.0,2025-03-22,923.0
2025,18964,Men,mercier,5000m,Distance,660.0,2025-03-28,794.0
2025,468,Men,mercier,800m,Distance,657.0,2025-03-22,781.0
2025,4410,Men,mercier,High Jump,Jumps,586.0,2025-04-05,758.0
2025,3845,Men,mercier,Long Jump,Jumps,562.0,2025-03-29,775.0
2025,2245,Women,mercier,3000m Steeplechase,Distance,609.0,2025-04-05,778.0
2025,18777,Women,mercier,3000m,Distance,669.0,2025-03-07,850.0
2025,3541,Men,mercier,200m,Sprints,662.0,2025-03-22,834.0
2025,18911,Women,mercier,1500m,Distance,648.0,2025-04-05,836.0
2025,2492,Men,mercier,800m,Distance,706.0,2025-03-14,852.0
2025,3657,Women,mercier,Triple Jump,Jumps,598.0,2025-03-29,765.0
2025,3795,Women,mercier,100m,Sprints,599.0,2025-04-05,823.0
2025,2259,Men,mercier,1500m,Distance,631.0,2025-04-05,770.0
2025,24640,Men,mercier,800m,Distance,682.0,2025-03-28,816.0
2025,466,Men,mercier,800m,Distance,687.0,2025-03-22,824.0
2025,127,Men,mercier,800m,Distance,645.0,2025-03-28,763.0
2025,3532,Women,mercier,400m,Sprints,600.0,2025-03-22,767.0
2025,395,Men,mercier,1500m,Distance,642.0,2025-04-05,786.0
2025,24614,Men,mercier,High Jump,Jumps,594.0,2025-03-29,766.0
2025,11483,Men,mercier,1500m,Distance,639.0,2025-04-05,781.0
2025,4740,Women,mercier,400m Hurdles,Hurdles,611.0,2025-04-05,796.0
2025,3951,Men,mercier,200m,Sprints,639.0,2025-04-05,806.0
2025,3796,Women,mercier,200m,Sprints,636.0,2025-03-28,818.0
2025,4655,Women,mercier,1500m,Distance,582.0,2025-03-14,750.0
2025,3581,Women,mercier,200m,Sprints,579.0,2025-03-08,746.0
2025,3706,Men,mercier,Shot Put,Throws,670.0,2025-03-22,777.0
2025,24687,Women,mercier,200m,Sprints,644.0,2025-04-05,828.0
2025,18865,Men,mercier,800m,Distance,692.0,2025-04-05,832.0
2025,24683,Women,mercier,800m,Distance,611.0,2025-03-28,771.0
2025,25022,Women,mercier,1500m,Distance,623.0,2025-03-28,804.0
2025,4038,Men,mercier,High Jump,Jumps,626.0,2025-04-05,801.0
2025,24634,Men,mercier,400m,Sprints,710.0,2025-04-05,877.0
2025,669,Men,mercier,1500m,Distance,636.0,2025-03-22,777.0
2025,25023,Men,mercier,200m,Sprints,648.0,2025-03-22,818.0
2025,683,Men,mercier,5000m,Distance,637.0,2025-03-28,761.0
2025,24852,Men,mercier,110m Hurdles,Hurdles,693.0,2025-04-05,836.0
2025,24637,Men,mercier,800m,Distance,641.0,2025-03-28,758.0
2025,24559,Men,mercier,Long Jump,Jumps,545.0,2025-04-05,759.0
2025,3512,Men,mercier,200m,Sprints,551.0,2025-04-05,695.0
2025,24627,Women,mercier,800m,Distance,605.0,2025-04-05,763.0
2025,583,Women,mercier,3000m Steeplechase,Distance,590.0,2025-03-28,754.0
2025,5252,Men,mercier,110m Hurdles,Hurdles,664.0,2025-03-22,792.0
2025,24370,Men,mercier,400m,Sprints,652.0,2025-04-05,795.0
2025,22384,Men,mercier,1500m,Distance,635.0,2025-04-05,776.0
2025,25284,Men,mercier,Long Jump,Jumps,600.0,2025-04-05,814.0
2025,4461,Men,mercier,400m Hurdles,Hurdles,619.0,2025-03-28,751.0
2025,123,Men,mercier,1500m,Distance,678.0,2025-03-28,836.0
2025,4727,Men,mercier,400m,Sprints,658.0,2025-03-08,803.0
2025,5500,Men,mercier,800m,Distance,695.0,2025-03-29,836.0
2025,25667,Men,mercier,100m,Sprints,619.0,2025-03-08,814.0
2025,4143,Men,mercier,High Jump,Jumps,602.0,2025-03-28,775.0
2025,1715,Men,mercier,800m,Distance,662.0,2025-04-05,788.0
2025,19447,Women,mercier,1500m,Distance,588.0,2025-04-05,757.0
2025,25033,Men,mercier,High Jump,Jumps,586.0,2025-03-22,758.0
2025,24540,Men,mercier,400m,Sprints,675.0,2025-04-05,828.0
2025,3698,Men,mercier,100m,Sprints,643.0,2025-03-22,842.0
2025,467,Men,mercier,800m,Distance,679.0,2025-03-28,813.0
2025,5606,Men,mercier,High Jump,Jumps,586.0,2025-04-05,758.0
2025,246,Women,mercier,800m,Distance,629.0,2025-04-05,796.0
2025,577,Women,mercier,1500m,Distance,609.0,2025-03-22,786.0
2025,24577,Men,mercier,Long Jump,Jumps,574.0,2025-03-22,788.0
2025,666,Men,mercier,1500m,Distance,651.0,2025-03-22,799.0
2025,539,Men,mercier,800m,Distance,759.0,2025-04-05,928.0
2025,25136,Women,mercier,200m,Sprints,616.0,2025-03-28,794.0
2025,24410,Women,mercier,100m,Sprints,674.0,2025-03-29,904.0
2025,4910,Men,mercier,1500m,Distance,645.0,2025-03-28,790.0
2025,18726,Women,mercier,1500m,Distance,611.0,2025-03-21,788.0
2025,24442,Men,mercier,100m,Sprints,591.0,2025-03-22,780.0
2025,4944,Men,mercier,200m,Sprints,673.0,2025-04-05,849.0
2025,25555,Men,mercier,Shot Put,Throws,674.0,2025-04-05,781.0
2025,7999,Women,mercier,800m,Distance,596.0,2025-03-14,751.0
2025,23462,Women,mercier,1500m,Distance,674.0,2025-04-05,869.0
2025,1928,Women,mercier,400m Hurdles,Hurdles,639.0,2025-03-29,832.0
2025,24415,Men,mercier,110m Hurdles,Hurdles,699.0,2025-03-29,844.0
2025,23882,Women,mercier,1500m,Distance,710.0,2025-04-05,915.0
2025,8038,Men,mercier,1500m,Distance,635.0,2025-03-29,775.0
2025,2,Men,mercier,5000m,Distance,696.0,2025-03-21,844.0
2025,24391,Men,mercier,200m,Sprints,702.0,2025-03-28,885.0
2025,282,Women,mercier,1500m,Distance,674.0,2025-03-28,869.0
2025,5250,Men,mercier,200m,Sprints,582.0,2025-03-22,733.0
2025,24578,Men,mercier,Triple Jump,Jumps,537.0,2025-03-22,751.0
2025,4111,Men,mercier,200m,Sprints,691.0,2025-03-28,871.0
2025,24574,Men,mercier,200m,Sprints,660.0,2025-03-22,832.0
2025,19595,Women,mercier,800m,Distance,620.0,2025-03-28,784.0
2025,25017,Women,mercier,400m,Sprints,589.0,2025-03-08,753.0
2025,3664,Women,mercier,Triple Jump,Jumps,614.0,2025-03-08,781.0
2025,24869,Men,mercier,400m,Sprints,690.0,2025-03-28,849.0
2025,25098,Women,mercier,1500m,Distance,625.0,2025-03-14,806.0
2025,24829,Women,mercier,400m,Sprints,608.0,2025-03-28,778.0
2025,24460,Men,mercier,100m,Sprints,645.0,2025-03-08,845.0
2025,24581,Men,mercier,100m,Sprints,682.0,2025-03-29,889.0
2025,24472,Women,mercier,High Jump,Jumps,670.0,2025-03-22,801.0
2025,1967,Women,mercier,1500m,Distance,649.0,2025-03-29,838.0
2025,25564,Men,mercier,Long Jump,Jumps,541.0,2025-04-05,754.0
2025,22379,Men,mercier,800m,Distance,673.0,2025-04-05,804.0
2025,4393,Men,mercier,200m,Sprints,718.0,2025-03-29,905.0
2025,4033,Men,mercier,Triple Jump,Jumps,717.0,2025-05-09,940.0
2025,3566,Women,mercier,High Jump,Jumps,746.0,2025-03-28,897.0
2025,29817,Men,mercier,100m,Sprints,692.0,2025-03-22,901.0
2025,24580,Men,mercier,100m,Sprints,700.0,2025-03-22,910.0
2025,24914,Men,mercier,800m,Distance,674.0,2025-03-29,805.0
2025,24625,Women,mercier,400m,Sprints,638.0,2025-04-05,817.0
2025,382,Men,mercier,1500m,Distance,646.0,2025-04-05,792.0
2025,3843,Men,mercier,100m,Sprints,690.0,2025-03-29,898.0
2025,8146,Men,mercier,1500m,Distance,620.0,2025-04-05,754.0
2025,24946,Women,mercier,400m Hurdles,Hurdles,624.0,2025-04-05,812.0
2025,20764,Women,mercier,1500m,Distance,637.0,2025-04-05,822.0
2025,3513,Men,mercier,200m,Sprints,571.0,2025-04-05,720.0
2025,24434,Men,mercier,400m,Sprints,621.0,2025-03-22,751.0
2025,21471,Men,mercier,1500m,Distance,630.0,2025-04-05,769.0
2025,3825,Women,mercier,100m Hurdles,Hurdles,561.0,2025-03-29,775.0
2025,700,Men,mercier,800m,Distance,661.0,2025-04-05,786.0
2025,3690,Men,mercier,200m,Sprints,629.0,2025-03-29,793.0
2025,3701,Men,mercier,100m,Sprints,579.0,2025-03-22,766.0
2025,568,Women,mercier,3000m Steeplechase,Distance,620.0,2025-04-05,792.0
2025,2239,Women,mercier,5000m,Distance,658.0,2025-04-11,844.0
2025,3793,Women,mercier,Triple Jump,Jumps,715.0,2025-04-05,885.0
2025,4073,Men,mercier,200m,Sprints,632.0,2025-03-29,797.0
2025,2193,Men,mercier,5000m,Distance,646.0,2025-03-28,773.0
2025,570,Women,mercier,5000m,Distance,617.0,2025-03-22,793.0
2025,2855,Men,mercier,800m,Distance,700.0,2025-03-29,843.0
2025,3862,Women,mercier,1500m,Distance,712.0,2025-04-05,917.0
2025,5722,Men,mercier,Shot Put,Throws,696.0,2025-04-05,809.0
2025,2896,Men,mercier,800m,Distance,697.0,2025-03-08,838.0
2025,24372,Men,mercier,Long Jump,Jumps,602.0,2025-04-05,816.0
2025,3719,Men,mercier,100m,Sprints,598.0,2025-03-22,789.0
2025,24602,Women,mercier,100m,Sprints,582.0,2025-03-22,803.0
2025,130,Men,mercier,1500m,Distance,693.0,2025-03-28,858.0
2025,4457,Men,mercier,110m Hurdles,Hurdles,712.0,2025-03-28,863.0
2025,3694,Men,mercier,Long Jump,Jumps,616.0,2025-03-22,830.0
2025,4023,Women,mercier,400m Hurdles,Hurdles,702.0,2025-04-24,907.0
2025,24679,Women,mercier,400m Hurdles,Hurdles,646.0,2025-03-28,839.0
2025,3691,Men,mercier,200m,Sprints,632.0,2025-03-22,797.0
2025,24605,Women,mercier,Long Jump,Jumps,569.0,2025-03-22,762.0
2025,24467,Men,mercier,400m Hurdles,Hurdles,678.0,2025-04-05,836.0
2025,2241,Women,mercier,5000m,Distance,637.0,2025-04-11,819.0
2025,3515,Men,mercier,Long Jump,Jumps,629.0,2025-04-05,843.0
2025,2007,Men,mercier,3000m Steeplechase,Distance,641.0,2025-03-29,806.0
2025,25000,Men,mercier,Mile,Distance,628.0,2025-03-22,761.0
2025,2723,Men,mercier,3000m Steeplechase,Distance,643.0,2025-04-05,809.0
2025,24411,Women,mercier,400m,Sprints,699.0,2025-03-29,893.0
2025,530,Men,mercier,800m,Distance,653.0,2025-03-22,774.0
2025,24863,Men,mercier,800m,Distance,648.0,2025-03-28,767.0
2026,29744,Men,mercier,100m,Sprints,612.0,2026-04-11,805.0
2026,27000,Men,mercier,800m,Distance,642.0,2026-03-13,758.0
2026,5246,Men,mercier,200m,Sprints,720.0,2026-03-21,908.0
2026,1725,Women,mercier,3000m Steeplechase,Distance,682.0,2026-04-11,869.0
2026,25878,Men,mercier,Long Jump,Jumps,669.0,2026-03-07,886.0
2026,3845,Men,mercier,Long Jump,Jumps,551.0,2026-03-28,765.0
2026,3692,Men,mercier,Shot Put,Throws,652.0,2026-03-20,755.0
2026,30069,Men,mercier,200m,Sprints,611.0,2026-03-07,771.0
2026,4790,Women,mercier,1500m,Distance,587.0,2026-04-11,756.0
2026,19375,Men,mercier,3000m,Distance,690.0,2026-03-21,863.0
2026,29451,Women,mercier,400m Hurdles,Hurdles,588.0,2026-03-20,766.0
2026,28272,Women,mercier,400m,Sprints,597.0,2026-03-21,764.0
2026,29612,Men,mercier,100m,Sprints,655.0,2026-03-28,857.0
2026,29607,Men,mercier,400m,Sprints,644.0,2026-03-20,785.0
2026,29439,Women,mercier,400m,Sprints,598.0,2026-04-11,765.0
2026,29696,Men,mercier,400m,Sprints,632.0,2026-03-27,768.0
2026,30068,Men,mercier,Long Jump,Jumps,564.0,2026-03-28,778.0
2026,3581,Women,mercier,200m,Sprints,606.0,2026-03-21,780.0
2026,3706,Men,mercier,Shot Put,Throws,649.0,2026-03-20,752.0
2026,24687,Women,mercier,400m,Sprints,650.0,2026-03-28,832.0
2026,18865,Men,mercier,800m,Distance,693.0,2026-04-11,833.0
2026,24862,Men,mercier,Discus,Throws,654.0,2026-03-20,754.0
2026,24896,Men,mercier,100m,Sprints,572.0,2026-03-28,758.0
2026,29866,Men,mercier,High Jump,Jumps,602.0,2026-04-11,775.0
2026,24634,Men,mercier,400m,Sprints,683.0,2026-03-28,839.0
2026,26944,Women,mercier,1500m,Distance,713.0,2026-04-03,919.0
2026,24969,Women,mercier,High Jump,Jumps,654.0,2026-03-20,782.0
2026,29632,Men,mercier,200m,Sprints,639.0,2026-04-03,806.0
2026,24623,Women,mercier,200m,Sprints,624.0,2026-03-28,803.0
2026,29644,Women,mercier,400m,Sprints,671.0,2026-04-03,858.0
2026,26902,Men,mercier,800m,Distance,621.0,2026-04-11,728.0
2026,31183,Women,mercier,100m,Sprints,535.0,2026-03-20,750.0
2026,24852,Men,mercier,110m Hurdles,Hurdles,622.0,2026-04-11,729.0
2026,24559,Men,mercier,Long Jump,Jumps,570.0,2026-04-11,784.0
2026,29749,Men,mercier,400m,Sprints,648.0,2026-03-28,790.0
2026,28331,Men,mercier,100m,Sprints,565.0,2026-03-28,750.0
2026,2003,Men,mercier,1500m,Distance,705.0,2026-04-03,874.0
2026,1930,Women,mercier,1500m,Distance,614.0,2026-03-28,792.0
2026,31156,Women,mercier,200m,Sprints,604.0,2026-04-11,778.0
2026,3522,Men,mercier,200m,Sprints,698.0,2026-03-20,879.0
2026,1754,Women,mercier,1500m,Distance,634.0,2026-04-11,819.0
2026,29747,Men,mercier,100m,Sprints,600.0,2026-03-28,791.0
2026,25883,Women,mercier,200m,Sprints,574.0,2026-04-11,741.0
2026,29712,Women,mercier,800m,Distance,605.0,2026-03-20,763.0
2026,18822,Women,mercier,1500m,Distance,588.0,2026-04-11,758.0
2026,29437,Women,mercier,Triple Jump,Jumps,609.0,2026-04-11,776.0
2026,4105,Women,mercier,400m,Sprints,617.0,2026-04-11,789.0
2026,24880,Men,mercier,100m,Sprints,586.0,2026-03-20,775.0
2026,30420,Women,mercier,5000m,Distance,590.0,2026-04-11,760.0
2026,28361,Men,mercier,800m,Distance,666.0,2026-03-06,794.0
2026,24670,Men,mercier,200m,Sprints,615.0,2026-03-20,776.0
2026,5500,Men,mercier,1500m,Distance,704.0,2026-03-28,874.0
2026,231,Women,mercier,5000m,Distance,594.0,2026-03-28,765.0
2026,30137,Men,mercier,Long Jump,Jumps,659.0,2026-04-11,875.0
2026,1715,Men,mercier,1500m,Distance,666.0,2026-03-28,820.0
2026,30380,Men,mercier,400m Hurdles,Hurdles,714.0,2026-04-11,888.0
2026,19447,Women,mercier,5000m,Distance,597.0,2026-04-11,768.0
2026,24540,Men,mercier,200m,Sprints,676.0,2026-04-11,853.0
2026,18922,Women,mercier,5000m,Distance,661.0,2026-03-21,848.0
2026,467,Men,mercier,800m,Distance,663.0,2026-03-21,789.0
2026,27114,Men,mercier,1500m,Distance,624.0,2026-04-11,761.0
2026,3784,Men,mercier,200m,Sprints,610.0,2026-04-11,769.0
2026,27989,Men,mercier,5000m,Distance,639.0,2026-04-11,765.0
2026,2260,Men,mercier,1500m,Distance,643.0,2026-04-11,788.0
2026,24635,Men,mercier,200m,Sprints,597.0,2026-04-11,753.0
2026,27420,Women,mercier,5000m,Distance,585.0,2026-04-11,753.0
2026,31219,Men,mercier,Shot Put,Throws,739.0,2026-03-20,863.0
2026,18979,Men,mercier,5000m,Distance,639.0,2026-03-21,764.0
2026,666,Men,mercier,5000m,Distance,656.0,2026-03-07,789.0
2026,30039,Men,mercier,400m,Sprints,641.0,2026-03-28,780.0
2026,31178,Men,mercier,200m,Sprints,622.0,2026-03-20,784.0
2026,25136,Women,mercier,200m,Sprints,602.0,2026-04-11,776.0
2026,29818,Men,mercier,200m,Sprints,674.0,2026-03-28,850.0
2026,4910,Men,mercier,1500m,Distance,674.0,2026-03-28,831.0
2026,4266,Women,mercier,100m,Sprints,616.0,2026-03-27,841.0
2026,28312,Men,mercier,800m,Distance,715.0,2026-03-21,865.0
2026,27294,Men,mercier,5000m,Distance,682.0,2026-04-03,825.0
2026,25555,Men,mercier,Discus,Throws,756.0,2026-03-28,886.0
2026,23462,Women,mercier,5000m,Distance,732.0,2026-04-11,933.0
2026,27299,Men,mercier,1500m,Distance,634.0,2026-03-28,775.0
2026,26946,Women,mercier,800m,Distance,654.0,2026-03-28,829.0
2026,24415,Men,mercier,110m Hurdles,Hurdles,716.0,2026-03-28,870.0
2026,29630,Men,mercier,200m,Sprints,602.0,2026-03-28,759.0
2026,7975,Men,mercier,5000m,Distance,677.0,2026-03-28,819.0
2026,31184,Women,mercier,200m,Sprints,587.0,2026-03-20,757.0
2026,575,Women,mercier,5000m,Distance,583.0,2026-03-21,751.0
2026,29599,Men,mercier,Long Jump,Jumps,657.0,2026-03-07,873.0
2026,27617,Women,mercier,400m,Sprints,614.0,2026-04-11,786.0
2026,3650,Women,mercier,400m,Sprints,658.0,2026-03-20,843.0
2026,8038,Men,mercier,1500m,Distance,704.0,2026-03-28,874.0
2026,29679,Men,mercier,200m,Sprints,651.0,2026-03-28,821.0
2026,29660,Men,mercier,200m,Sprints,690.0,2026-03-28,870.0
2026,24391,Men,mercier,200m,Sprints,722.0,2026-04-11,910.0
2026,24727,Women,mercier,400m,Sprints,600.0,2026-03-28,767.0
2026,27690,Men,mercier,5000m,Distance,682.0,2026-04-11,826.0
2026,3733,Men,mercier,110m Hurdles,Hurdles,614.0,2026-04-03,717.0
2026,24676,Men,mercier,400m,Sprints,672.0,2026-03-20,823.0
2026,29751,Men,mercier,800m,Distance,675.0,2026-03-20,807.0
2026,22369,Women,mercier,400m Hurdles,Hurdles,582.0,2026-03-20,759.0
2026,673,Men,mercier,5000m,Distance,639.0,2026-03-21,764.0
2026,29864,Men,mercier,200m,Sprints,647.0,2026-03-07,816.0
2026,4243,Women,mercier,200m,Sprints,545.0,2026-04-11,703.0
2026,24717,Women,mercier,400m,Sprints,611.0,2026-03-28,781.0
2026,3393,Men,mercier,1500m,Distance,753.0,2026-04-11,942.0
2026,27555,Men,mercier,800m,Distance,630.0,2026-03-28,741.0
2026,26504,Men,mercier,200m,Sprints,722.0,2026-03-28,910.0
2026,29780,Men,mercier,5000m,Distance,650.0,2026-04-11,780.0
2026,23472,Men,mercier,1500m,Distance,662.0,2026-03-28,814.0
2026,31088,Men,mercier,200m,Sprints,650.0,2026-04-11,820.0
2026,29669,Men,mercier,400m,Sprints,751.0,2026-03-20,935.0
2026,19539,Men,mercier,1500m,Distance,638.0,2026-04-11,781.0
2026,24551,Men,mercier,200m,Sprints,664.0,2026-04-11,837.0
2026,26852,Women,mercier,1500m,Distance,588.0,2026-04-03,758.0
2026,29872,Men,mercier,100m,Sprints,574.0,2026-03-28,761.0
2026,27229,Women,mercier,800m,Distance,634.0,2026-03-21,803.0
2026,404,Women,mercier,5000m,Distance,675.0,2026-04-03,865.0
2026,24869,Men,mercier,400m,Sprints,672.0,2026-03-07,824.0
2026,31210,Men,mercier,Long Jump,Jumps,629.0,2026-03-20,843.0
2026,25098,Women,mercier,800m,Distance,597.0,2026-03-20,752.0
2026,27214,Men,mercier,800m,Distance,656.0,2026-04-03,779.0
2026,26993,Men,mercier,5000m,Distance,655.0,2026-03-21,787.0
2026,27295,Men,mercier,3000m Steeplechase,Distance,641.0,2026-04-11,807.0
2026,24460,Men,mercier,100m,Sprints,574.0,2026-03-21,761.0
2026,31211,Men,mercier,Triple Jump,Jumps,568.0,2026-03-20,783.0
2026,29710,Women,mercier,100m,Sprints,564.0,2026-04-11,783.0
2026,31425,Men,mercier,800m,Distance,736.0,2026-03-28,895.0
2026,128,Men,mercier,800m,Distance,719.0,2026-04-11,870.0
2026,29574,Women,mercier,200m,Sprints,647.0,2026-04-11,831.0
2026,29454,Women,mercier,200m,Sprints,556.0,2026-03-20,717.0
2026,27747,Women,mercier,5000m,Distance,690.0,2026-03-20,883.0
2026,129,Men,mercier,800m,Distance,658.0,2026-04-11,781.0
2026,27097,Men,mercier,400m,Sprints,640.0,2026-04-11,778.0
2026,24595,Men,mercier,1500m,Distance,728.0,2026-03-26,907.0
2026,3566,Women,mercier,High Jump,Jumps,638.0,2026-04-11,763.0
2026,2111,Men,mercier,1500m,Distance,620.0,2026-04-11,755.0
2026,31193,Women,mercier,200m,Sprints,610.0,2026-03-20,785.0
2026,19411,Men,mercier,800m,Distance,667.0,2026-03-28,795.0
2026,29819,Men,mercier,100m,Sprints,588.0,2026-03-28,777.0
2026,27524,Women,mercier,1500m,Distance,588.0,2026-03-20,758.0
2026,24914,Men,mercier,800m,Distance,714.0,2026-03-20,863.0
2026,31308,Men,mercier,400m Hurdles,Hurdles,655.0,2026-03-15,803.0
2026,26507,Men,mercier,1500m,Distance,617.0,2026-03-28,751.0
2026,24625,Women,mercier,400m,Sprints,642.0,2026-03-28,822.0
2026,27101,Women,mercier,1500m,Distance,623.0,2026-03-28,804.0
2026,25139,Women,mercier,5000m,Distance,583.0,2026-04-11,750.0
2026,24572,Women,mercier,200m,Sprints,694.0,2026-03-20,888.0
2026,3843,Men,mercier,100m,Sprints,609.0,2026-03-28,803.0
2026,8146,Men,mercier,5000m,Distance,701.0,2026-04-10,851.0
2026,567,Women,mercier,3000m,Distance,637.0,2026-03-21,808.0
2026,24946,Women,mercier,400m Hurdles,Hurdles,643.0,2026-04-11,837.0
2026,28355,Women,mercier,1500m,Distance,595.0,2026-03-06,767.0
2026,20764,Women,mercier,800m,Distance,632.0,2026-03-20,799.0
2026,24434,Men,mercier,400m,Sprints,696.0,2026-04-11,858.0
2026,26947,Women,mercier,1500m,Distance,663.0,2026-03-28,856.0
2026,2380,Women,mercier,5000m,Distance,625.0,2026-03-15,803.0
2026,31182,Women,mercier,100m,Sprints,626.0,2026-03-20,852.0
2026,22588,Men,mercier,1500m,Distance,625.0,2026-03-06,761.0
2026,3710,Men,mercier,Long Jump,Jumps,620.0,2026-03-20,835.0
2026,3871,Men,mercier,200m,Sprints,634.0,2026-03-28,800.0
2026,26873,Women,mercier,1500m,Distance,585.0,2026-03-28,753.0
2026,4073,Men,mercier,200m,Sprints,714.0,2026-03-21,899.0
2026,2193,Men,mercier,5000m,Distance,679.0,2026-04-11,821.0
2026,570,Women,mercier,5000m,Distance,595.0,2026-04-11,765.0
2026,2855,Men,mercier,1500m,Distance,664.0,2026-03-28,816.0
2026,3179,Women,mercier,5000m,Distance,630.0,2026-04-11,810.0
2026,29603,Men,mercier,Long Jump,Jumps,593.0,2026-03-20,807.0
2026,135,Men,mercier,1500m,Distance,712.0,2026-03-28,885.0
2026,5722,Men,mercier,Shot Put,Throws,672.0,2026-04-11,779.0
2026,19505,Women,mercier,5000m,Distance,668.0,2026-04-10,857.0
2026,1945,Women,mercier,800m,Distance,686.0,2026-03-28,872.0
2026,29636,Men,mercier,400m,Sprints,726.0,2026-04-11,900.0
2026,2258,Men,mercier,1500m,Distance,685.0,2026-04-11,847.0
2026,2896,Men,mercier,1500m,Distance,658.0,2026-03-07,809.0
2026,3719,Men,mercier,100m,Sprints,643.0,2026-03-20,842.0
2026,24602,Women,mercier,400m,Sprints,668.0,2026-03-20,855.0
2026,1686,Women,mercier,1500m,Distance,663.0,2026-04-03,856.0
2026,24949,Women,mercier,400m,Sprints,620.0,2026-04-03,794.0
2026,130,Men,mercier,3000m Steeplechase,Distance,602.0,2026-04-11,754.0
2026,3694,Men,mercier,High Jump,Jumps,641.0,2026-03-20,818.0
2026,29754,Men,mercier,High Jump,Jumps,673.0,2026-04-11,853.0
2026,31227,Men,mercier,Mile,Distance,628.0,2026-05-01,762.0
2026,24605,Women,mercier,High Jump,Jumps,685.0,2026-03-20,820.0
2026,5234,Men,mercier,200m,Sprints,691.0,2026-03-21,871.0
2026,29851,Women,mercier,3000m,Distance,608.0,2026-03-21,770.0
2026,29877,Men,mercier,400m,Sprints,661.0,2026-04-11,809.0
2026,24411,Women,mercier,Triple Jump,Jumps,765.0,2026-03-28,940.0
2026,26874,Women,mercier,event_18,Distance,601.0,2026-03-28,756.0
2026,30384,Women,mercier,400m,Sprints,615.0,2026-03-28,787.0
2026,31202,Women,mercier,800m,Distance,678.0,2026-03-20,861.0
2026,26139,Men,mercier,200m,Sprints,604.0,2026-04-11,762.0
2026,530,Men,mercier,800m,Distance,664.0,2026-04-11,790.0
2026,19449,Women,mercier,1500m,Distance,604.0,2026-04-03,779.0
2026,24567,Women,mercier,Triple Jump,Jumps,587.0,2026-03-20,754.0
2026,420,Men,mercier,800m,Distance,639.0,2026-04-03,754.0
